hour,dayofweek,weather,traffic,road_type,junction,street_lit,risk
2,0,cloudy,Low,local,1,1,Moderate
18,5,fog,Low,local,1,0,Moderate
15,1,clear,Low,local,0,1,Low
10,4,clear,Low,local,0,0,Low
10,3,cloudy,Heavy,arterial,1,1,Moderate
20,1,clear,Medium,local,1,0,Moderate
2,3,cloudy,Low,arterial,0,1,High
16,0,cloudy,Medium,local,1,1,Low
4,4,rain,Medium,arterial,0,1,High
2,2,clear,Low,local,0,1,High
12,2,clear,Low,arterial,0,0,Low
23,1,rain,Medium,local,1,0,High
17,2,clear,Heavy,arterial,1,1,Moderate
18,2,clear,Low,highway,0,1,Low
17,1,clear,Heavy,local,1,1,Low
18,6,clear,Medium,arterial,1,1,Low
12,1,clear,Medium,arterial,0,1,Low
3,1,clear,Low,local,0,1,Moderate
20,3,cloudy,Medium,local,1,0,Low
10,2,cloudy,Medium,local,0,0,Low
12,3,rain,Low,arterial,0,0,Low
8,5,rain,Heavy,arterial,0,1,Moderate
4,0,clear,Medium,local,0,1,Moderate
22,3,clear,Low,highway,1,1,High
18,0,rain,Low,local,1,1,Moderate
15,0,clear,Low,highway,1,0,Moderate
9,0,clear,Heavy,arterial,0,1,Moderate
19,1,clear,Low,highway,1,1,Moderate
13,2,cloudy,Medium,local,0,1,Low
10,6,clear,Heavy,highway,0,0,Moderate
10,6,clear,Low,local,0,1,Low
5,0,clear,Medium,arterial,1,0,Low
2,6,rain,Medium,arterial,1,0,High
13,4,clear,Heavy,local,1,1,Low
21,3,cloudy,Medium,arterial,0,0,Moderate
1,5,clear,Low,highway,1,0,High
20,3,clear,Low,arterial,1,1,Moderate
19,1,clear,Medium,arterial,0,1,Low
6,3,clear,Medium,local,0,0,Low
15,5,clear,Heavy,highway,1,1,Moderate
3,4,rain,Low,local,1,1,High
18,1,clear,Low,arterial,1,0,Low
16,6,fog,Medium,local,1,1,Moderate
8,1,clear,Low,arterial,1,1,Low
1,5,clear,Medium,highway,0,0,High
23,2,cloudy,Low,local,1,1,High
10,0,rain,Heavy,highway,1,1,High
21,6,clear,Low,arterial,1,0,Moderate
16,4,clear,Medium,local,0,0,Low
18,1,cloudy,Medium,local,0,0,Low
18,0,clear,Low,highway,1,1,Moderate
4,0,cloudy,Medium,local,0,1,Moderate
8,1,rain,Medium,local,1,0,Moderate
11,6,clear,Heavy,local,1,1,Moderate
11,1,rain,Medium,local,1,1,Moderate
1,1,clear,Medium,highway,1,1,High
13,5,rain,Medium,local,1,0,Low
3,6,fog,Medium,highway,0,1,High
17,1,cloudy,Heavy,arterial,1,1,Moderate
16,4,fog,Low,arterial,1,1,Moderate
22,3,rain,Medium,arterial,0,0,High
17,4,clear,Heavy,highway,0,0,Moderate
8,2,clear,Medium,highway,0,1,Moderate
23,5,clear,Medium,local,1,1,Moderate
9,6,clear,Heavy,arterial,1,1,Moderate
7,5,cloudy,Medium,arterial,0,1,Low
21,6,clear,Medium,local,1,1,Low
8,0,cloudy,Low,local,0,1,Low
1,4,clear,Low,highway,0,1,High
11,6,clear,Low,arterial,0,1,Moderate
19,3,clear,Heavy,local,0,0,Moderate
4,6,fog,Medium,arterial,1,1,High
11,2,clear,Heavy,arterial,0,1,Low
3,6,clear,Low,highway,0,1,High
16,6,clear,Low,local,1,0,Low
11,4,fog,Medium,arterial,0,0,Moderate
7,4,clear,Low,local,0,1,Low
5,3,cloudy,Medium,arterial,0,1,Low
13,2,clear,Low,arterial,1,1,Moderate
16,3,clear,Low,local,1,0,Low
22,6,cloudy,Medium,arterial,0,1,High
10,0,cloudy,Medium,local,0,1,Low
3,1,cloudy,Low,arterial,0,0,High
19,3,clear,Low,local,0,0,Low
15,2,fog,Low,arterial,1,0,Moderate
16,4,cloudy,Low,arterial,0,1,Low
2,2,fog,Heavy,local,0,1,High
7,4,clear,Medium,local,0,0,Low
18,0,clear,Low,local,1,1,Low
19,2,clear,Medium,arterial,1,1,Moderate
10,4,rain,Low,arterial,1,1,Moderate
19,3,cloudy,Low,highway,1,1,Moderate
20,4,clear,Heavy,highway,0,0,Moderate
9,4,clear,Low,local,0,1,Low
21,2,clear,Heavy,local,0,0,Low
6,2,clear,Heavy,arterial,1,1,Moderate
5,6,rain,Heavy,arterial,0,1,Moderate
16,6,clear,Medium,highway,0,1,Low
15,0,clear,Low,arterial,0,1,Low
3,4,clear,Heavy,local,0,1,Moderate
19,3,clear,Heavy,arterial,1,1,High
4,0,fog,Medium,arterial,0,0,High
19,4,clear,Low,arterial,0,1,Low
0,0,fog,Low,highway,1,1,High
19,2,cloudy,Low,arterial,1,0,Low
18,4,cloudy,Low,highway,1,0,Moderate
18,5,clear,Medium,arterial,0,1,Low
15,2,cloudy,Heavy,local,0,1,Low
11,5,cloudy,Medium,arterial,1,1,Low
16,5,clear,Medium,local,1,1,Low
6,3,rain,Heavy,highway,0,0,Moderate
18,1,clear,Medium,arterial,0,1,Low
13,4,clear,Medium,local,1,1,Low
11,0,clear,Heavy,arterial,1,0,Moderate
12,6,cloudy,Low,highway,0,1,Low
13,2,clear,Heavy,highway,1,0,High
0,5,clear,Low,highway,1,1,High
3,5,clear,Medium,local,1,1,Moderate
5,3,clear,Medium,highway,1,1,High
2,6,clear,Medium,highway,1,0,High
10,5,rain,Medium,local,0,1,Low
16,6,clear,Low,arterial,0,0,Low
15,0,fog,Heavy,arterial,1,1,High
11,3,cloudy,Medium,arterial,0,1,Low
20,6,rain,Medium,local,0,0,Moderate
13,5,fog,Heavy,local,0,0,High
1,3,clear,Medium,local,1,0,Moderate
18,0,cloudy,Heavy,arterial,0,0,Low
13,1,clear,Low,highway,0,1,Low
15,4,clear,Low,local,0,0,Low
13,4,clear,Low,local,1,1,Low
13,6,cloudy,Heavy,arterial,1,0,Moderate
2,0,rain,Heavy,arterial,0,0,High
13,2,clear,Heavy,arterial,0,1,Low
19,1,cloudy,Medium,highway,1,1,Moderate
7,6,clear,Low,arterial,1,0,Low
14,1,clear,Medium,local,1,1,Low
0,1,clear,Medium,local,1,1,High
8,2,cloudy,Low,highway,0,0,Low
10,0,clear,Medium,arterial,0,1,Low
23,4,clear,Heavy,highway,0,1,High
5,3,clear,Low,arterial,1,1,Moderate
6,3,cloudy,Medium,arterial,1,1,Moderate
9,6,rain,Medium,highway,1,1,High
23,3,clear,Low,local,1,0,High
20,2,cloudy,Low,local,0,1,Low
0,2,cloudy,Medium,local,1,1,Moderate
5,5,clear,Heavy,local,1,1,Moderate
19,3,clear,Medium,local,1,0,Moderate
1,1,rain,Low,local,1,0,High
20,4,clear,Low,local,1,0,Low
6,5,clear,Heavy,highway,0,1,Low
22,1,rain,Medium,highway,0,0,High
7,3,rain,Medium,arterial,0,0,Low
10,3,cloudy,Low,local,0,1,Low
15,1,rain,Heavy,highway,0,1,High
3,0,clear,Low,arterial,0,1,High
13,5,rain,Low,local,0,1,Low
12,4,clear,Medium,highway,1,1,Moderate
18,4,rain,Heavy,arterial,1,0,Moderate
23,2,clear,Heavy,local,1,1,High
15,3,clear,Heavy,arterial,1,1,Low
9,6,clear,Medium,highway,1,1,Low
9,1,rain,Medium,local,1,1,Moderate
10,4,clear,Medium,local,0,1,Low
19,0,rain,Medium,highway,0,1,High
7,0,clear,Low,highway,0,0,Moderate
4,6,clear,Medium,arterial,0,1,Moderate
8,0,cloudy,Heavy,arterial,0,1,Low
0,4,clear,Low,local,1,1,Moderate
2,3,cloudy,Low,local,1,1,High
2,5,fog,Low,local,0,1,High
18,3,cloudy,Medium,arterial,0,0,Low
17,4,clear,Medium,local,1,1,Low
16,6,clear,Medium,arterial,0,1,Low
11,5,rain,Medium,arterial,0,0,Low
17,5,cloudy,Heavy,arterial,0,1,Moderate
3,1,rain,Low,arterial,1,1,High
21,1,clear,Heavy,arterial,0,1,Moderate
12,3,cloudy,Heavy,local,0,0,Low
22,4,clear,Medium,highway,1,0,High
3,4,cloudy,Low,arterial,0,1,Moderate
11,5,rain,Heavy,highway,1,0,Moderate
16,0,rain,Medium,arterial,0,1,Moderate
11,1,clear,Low,arterial,0,1,Low
10,1,rain,Low,local,0,1,Low
3,3,clear,Heavy,arterial,1,1,Moderate
9,4,clear,Low,local,0,0,Low
5,0,cloudy,Medium,arterial,1,0,Moderate
7,6,clear,Medium,highway,1,1,Moderate
16,2,clear,Medium,arterial,0,1,Low
15,4,cloudy,Medium,highway,1,1,Moderate
14,5,cloudy,Low,local,0,0,Low
8,0,cloudy,Medium,arterial,1,1,Low
23,6,clear,Low,local,0,0,High
2,6,cloudy,Low,local,1,1,High
8,6,clear,Low,arterial,1,1,Low
2,0,clear,Medium,arterial,1,0,High
8,2,clear,Low,arterial,1,1,Low
23,1,cloudy,Medium,local,0,0,Moderate
8,3,clear,Low,local,0,1,Low
21,6,clear,Medium,arterial,1,0,Moderate
11,5,rain,Low,highway,0,1,Moderate
16,5,rain,Medium,local,0,0,Low
10,2,cloudy,Heavy,local,0,1,Low
6,6,rain,Low,arterial,1,1,Moderate
18,6,fog,Heavy,arterial,0,1,Moderate
23,5,cloudy,Medium,arterial,1,1,High
6,5,clear,Low,local,1,0,Low
18,4,cloudy,Low,local,1,1,Moderate
6,0,rain,Low,arterial,1,1,Moderate
17,1,cloudy,Heavy,local,0,1,Low
18,5,clear,Low,local,0,1,Low
10,2,rain,Heavy,highway,0,1,High
17,1,rain,Medium,highway,1,0,Moderate
6,6,clear,Medium,arterial,1,0,Low
1,3,fog,Heavy,local,1,0,High
2,6,cloudy,Low,highway,1,0,High
10,1,rain,Heavy,local,0,1,Moderate
21,2,fog,Low,highway,1,1,High
3,2,clear,Medium,local,0,0,Moderate
10,2,rain,Low,local,0,1,Low
16,3,clear,Heavy,highway,1,1,Low
4,2,rain,Medium,local,0,0,High
17,5,rain,Medium,local,1,0,Moderate
7,2,rain,Heavy,highway,0,0,Moderate
19,3,rain,Low,highway,1,1,High
13,6,rain,Heavy,local,0,0,Moderate
13,3,clear,Medium,local,0,1,Low
4,0,clear,Heavy,arterial,0,1,Moderate
11,0,clear,Medium,highway,1,1,Moderate
20,3,rain,Heavy,arterial,0,1,Moderate
0,4,cloudy,Heavy,arterial,0,1,Moderate
18,6,cloudy,Medium,arterial,1,0,Low
11,0,clear,Heavy,local,0,1,Low
17,3,cloudy,Heavy,arterial,0,1,Low
15,2,clear,Heavy,local,0,1,Low
10,3,fog,Heavy,highway,0,1,Moderate
7,3,rain,Heavy,arterial,0,1,Moderate
15,2,clear,Low,arterial,0,0,Low
3,0,rain,Heavy,local,0,1,High
14,0,clear,Medium,local,1,1,Moderate
2,3,clear,Low,local,1,1,Moderate
15,1,cloudy,Low,arterial,0,0,Low
15,2,cloudy,Low,local,0,1,Low
2,0,clear,Heavy,arterial,1,1,Moderate
18,0,clear,Heavy,highway,0,1,Low
9,0,clear,Heavy,local,0,1,Low
18,2,clear,Low,highway,1,0,Low
0,1,clear,Low,local,0,1,Moderate
4,1,clear,Low,arterial,1,0,High
11,2,rain,Medium,arterial,1,1,Moderate
4,2,clear,Heavy,arterial,0,0,Moderate
7,0,clear,Heavy,local,0,0,Low
15,0,clear,Low,arterial,0,1,Low
3,6,clear,Heavy,highway,1,1,High
16,4,rain,Medium,local,0,0,Moderate
2,0,clear,Heavy,arterial,0,0,High
4,1,clear,Heavy,arterial,1,1,Moderate
14,2,fog,Medium,local,1,1,Moderate
19,6,rain,Heavy,highway,0,1,High
4,6,clear,Low,highway,0,1,High
7,5,clear,Heavy,local,1,1,Low
22,0,rain,Heavy,highway,0,0,High
23,3,cloudy,Heavy,arterial,0,1,Moderate
13,3,fog,Low,highway,1,0,High
10,4,clear,Heavy,arterial,0,0,Low
8,5,rain,Low,local,1,1,Moderate
14,2,clear,Heavy,local,1,0,Low
14,3,clear,Heavy,arterial,0,1,Low
7,1,rain,Low,arterial,1,1,Moderate
0,1,cloudy,Medium,highway,1,1,High
3,2,clear,Medium,arterial,0,1,Moderate
23,5,clear,Heavy,local,0,1,Moderate
10,3,rain,Low,local,1,1,Low
11,4,clear,Heavy,arterial,1,1,Moderate
11,4,clear,Heavy,highway,0,0,Low
18,2,clear,Medium,arterial,1,1,Moderate
1,6,clear,Medium,local,0,1,Moderate
1,0,rain,Medium,arterial,0,1,High
6,6,clear,Low,arterial,0,0,Low
11,0,clear,Heavy,local,1,1,Moderate
16,2,cloudy,Low,highway,0,1,Low
11,5,clear,Low,arterial,1,1,Low
10,4,cloudy,Low,highway,1,1,Moderate
22,2,clear,Heavy,highway,1,1,High
3,6,rain,Medium,highway,0,1,High
13,0,rain,Medium,arterial,0,1,Low
13,4,rain,Low,local,0,1,Low
11,3,clear,Medium,highway,1,1,Moderate
19,1,rain,Medium,arterial,0,0,Moderate
6,6,cloudy,Medium,local,0,1,Moderate
22,5,clear,Low,local,0,0,High
7,0,clear,Medium,arterial,0,1,Low
13,0,clear,Medium,local,0,1,Low
12,0,clear,Heavy,highway,0,0,Moderate
20,2,clear,Medium,local,0,0,Low
10,2,rain,Low,local,0,1,Moderate
6,5,fog,Low,arterial,1,0,Moderate
0,4,clear,Low,highway,1,1,High
8,0,fog,Low,arterial,0,1,Moderate
19,3,cloudy,Heavy,highway,0,1,High
0,5,clear,Heavy,highway,1,0,High
21,6,fog,Low,local,0,0,High
13,2,cloudy,Heavy,highway,0,0,Low
3,0,cloudy,Low,highway,0,1,High
7,1,clear,Heavy,local,0,1,Low
13,2,clear,Low,arterial,1,0,Low
7,3,rain,Medium,arterial,1,0,Moderate
2,2,clear,Heavy,highway,1,1,High
15,0,clear,Low,local,0,0,Low
16,2,clear,Low,local,0,0,Low
2,2,clear,Heavy,arterial,1,0,High
6,3,clear,Medium,highway,0,1,Low
5,0,fog,Heavy,local,1,1,Moderate
15,5,clear,Medium,local,0,1,Low
17,2,rain,Low,highway,1,0,Moderate
17,2,cloudy,Medium,arterial,0,1,Low
22,6,clear,Heavy,highway,1,1,High
18,5,clear,Low,highway,0,1,Low
7,0,clear,Low,arterial,0,0,Low
2,1,rain,Medium,arterial,1,1,High
14,0,rain,Heavy,arterial,0,0,Moderate
21,3,clear,Medium,arterial,1,1,Moderate
23,2,rain,Heavy,highway,0,1,High
5,2,rain,Low,highway,0,1,High
5,3,clear,Medium,arterial,1,0,Low
0,3,cloudy,Heavy,arterial,0,1,High
3,0,rain,Low,highway,1,1,High
13,0,rain,Low,arterial,1,0,Moderate
13,5,clear,Medium,local,0,1,Low
8,6,clear,Low,local,0,1,Low
7,5,clear,Heavy,local,0,1,Low
19,6,clear,Heavy,arterial,1,0,Moderate
11,3,clear,Medium,local,1,1,Low
19,5,cloudy,Heavy,local,1,1,Moderate
23,6,clear,Heavy,arterial,0,0,High
7,6,clear,Heavy,arterial,0,1,Low
4,1,cloudy,Heavy,highway,0,1,High
22,1,clear,Low,local,0,1,Moderate
15,2,clear,Heavy,arterial,0,1,Low
6,3,rain,Low,highway,0,1,High
14,6,rain,Low,local,0,1,Low
12,2,clear,Medium,local,1,1,Low
21,5,rain,Low,arterial,1,1,High
6,6,rain,Low,arterial,0,1,Moderate
23,6,cloudy,Medium,highway,1,1,High
22,1,fog,Low,local,0,1,High
4,1,clear,Heavy,local,1,0,High
3,1,clear,Heavy,arterial,0,1,Moderate
12,5,rain,Heavy,local,1,1,Moderate
1,4,clear,Low,highway,0,1,Moderate
7,2,clear,Medium,arterial,1,1,Low
10,0,clear,Low,arterial,1,0,Low
23,3,clear,Medium,local,1,1,High
23,5,clear,Low,arterial,0,1,Moderate
3,3,clear,Medium,highway,1,1,High
21,1,fog,Low,highway,0,1,Moderate
2,4,clear,Heavy,local,1,1,High
17,4,rain,Low,local,1,1,Moderate
20,4,clear,Medium,local,1,1,Moderate
21,6,clear,Low,arterial,0,1,Low
5,2,rain,Medium,local,0,1,High
21,4,clear,Heavy,local,0,1,Low
2,5,clear,Low,highway,1,1,High
12,1,rain,Low,highway,0,0,Low
11,1,clear,Low,arterial,1,0,Low
7,0,clear,Medium,arterial,1,0,Low
0,2,fog,Medium,arterial,1,1,High
18,0,clear,Heavy,arterial,1,0,Low
8,5,cloudy,Heavy,arterial,1,1,Moderate
15,0,clear,Low,local,1,1,Low
9,4,clear,Heavy,local,0,1,Low
8,4,clear,Heavy,arterial,1,1,Moderate
21,6,cloudy,Medium,arterial,1,0,Low
2,2,clear,Low,highway,1,0,High
17,2,rain,Heavy,arterial,1,0,Moderate
17,1,rain,Medium,highway,0,0,Low
9,3,cloudy,Medium,local,1,1,Moderate
6,1,clear,Low,arterial,1,0,Low
0,0,cloudy,Medium,arterial,0,1,Moderate
22,6,cloudy,Medium,arterial,1,1,High
22,4,clear,Low,highway,0,1,High
5,0,rain,Heavy,local,1,1,High
0,4,clear,Low,arterial,1,1,High
2,2,fog,Low,arterial,1,1,High
1,1,fog,Medium,local,1,0,High
19,3,clear,Medium,arterial,1,1,Moderate
21,5,clear,Low,arterial,0,1,Moderate
3,0,clear,Heavy,local,1,0,High
17,2,clear,Medium,local,1,1,Low
4,6,rain,Low,local,1,1,High
8,2,clear,Low,highway,1,1,Low
14,0,cloudy,Medium,arterial,0,0,Low
17,3,fog,Medium,arterial,1,1,Moderate
20,4,fog,Low,highway,1,1,High
1,6,clear,Medium,local,1,1,Moderate
4,4,fog,Medium,arterial,0,1,High
6,0,clear,Heavy,arterial,0,0,Moderate
7,5,clear,Heavy,arterial,1,1,Low
23,5,clear,Low,highway,1,0,High
18,4,cloudy,Medium,arterial,0,0,Low
7,6,clear,Low,highway,0,1,Low
23,5,clear,Medium,local,1,1,High
11,1,clear,Low,local,0,1,Low
12,2,rain,Heavy,highway,0,1,High
10,3,cloudy,Medium,arterial,0,1,Low
3,3,cloudy,Heavy,local,1,1,High
22,4,cloudy,Medium,arterial,0,1,Moderate
0,4,clear,Medium,arterial,1,1,High
4,0,clear,Low,arterial,0,1,Moderate
5,3,clear,Low,arterial,1,1,Low
6,0,clear,Heavy,arterial,1,1,Moderate
3,3,fog,Heavy,highway,1,1,High
0,2,clear,Low,local,1,0,High
16,1,cloudy,Medium,highway,1,1,Low
23,6,rain,Low,arterial,1,1,High
2,1,rain,Medium,local,1,0,High
7,0,clear,Heavy,arterial,1,1,Moderate
12,2,fog,Low,arterial,0,1,Moderate
22,5,cloudy,Low,arterial,0,1,High
16,0,clear,Medium,highway,1,1,Low
18,3,rain,Low,local,1,1,Moderate
13,2,clear,Low,local,1,1,Low
10,6,rain,Medium,arterial,0,1,Low
4,0,cloudy,Medium,arterial,0,1,Moderate
20,0,rain,Heavy,arterial,0,1,High
19,3,rain,Heavy,local,1,1,High
0,1,cloudy,Medium,arterial,0,1,Low
17,4,clear,Heavy,arterial,1,1,Moderate
2,1,clear,Medium,local,1,0,High
17,3,rain,Medium,arterial,1,1,Moderate
19,0,cloudy,Low,local,1,0,Moderate
3,4,rain,Low,local,0,1,High
10,3,clear,Medium,highway,0,1,Moderate
2,0,clear,Heavy,local,0,0,High
13,1,rain,Medium,local,0,1,Low
22,0,rain,Heavy,arterial,1,0,High
1,0,clear,Low,arterial,1,0,High
9,4,clear,Low,arterial,0,1,Low
23,2,rain,Heavy,arterial,0,1,High
7,5,rain,Low,local,1,0,Moderate
3,1,clear,Medium,arterial,0,1,Moderate
11,5,clear,Low,arterial,1,1,Moderate
12,4,clear,Heavy,local,0,1,Low
15,4,clear,Low,arterial,0,1,Low
7,5,clear,Heavy,highway,0,1,Moderate
22,4,clear,Low,highway,0,0,High
12,5,rain,Low,local,1,0,Moderate
6,5,clear,Heavy,arterial,1,1,Moderate
23,3,rain,Medium,arterial,1,1,High
22,5,clear,Low,arterial,1,1,Moderate
11,5,clear,Medium,arterial,0,0,Low
0,5,clear,Low,arterial,0,1,Moderate
14,4,clear,Low,local,1,1,Low
13,0,cloudy,Low,arterial,1,1,Low
3,3,rain,Medium,highway,1,1,High
15,0,rain,Low,local,0,1,Low
20,0,rain,Heavy,highway,1,1,High
2,2,rain,Heavy,local,0,1,High
17,3,rain,Low,local,0,0,Low
3,3,cloudy,Medium,local,0,1,Moderate
17,6,cloudy,Medium,highway,1,1,Low
10,5,clear,Medium,highway,0,1,Moderate
0,2,clear,Medium,highway,0,0,Moderate
23,2,cloudy,Medium,arterial,0,0,Moderate
3,4,cloudy,Low,local,1,1,High
14,1,clear,Medium,arterial,0,1,Low
4,6,fog,Low,highway,0,1,High
22,5,clear,Heavy,highway,1,1,High
17,4,cloudy,Medium,arterial,1,1,Low
19,1,fog,Medium,highway,1,0,High
10,4,clear,Medium,local,1,0,Low
11,5,rain,Low,highway,0,1,Moderate
15,0,rain,Low,arterial,0,1,Moderate
18,1,cloudy,Low,local,0,1,Low
20,3,fog,Medium,arterial,1,0,High
0,2,cloudy,Medium,local,0,1,Moderate
15,4,clear,Low,local,1,1,Low
2,2,cloudy,Medium,highway,0,1,High
6,6,clear,Medium,highway,0,1,Low
19,2,clear,Medium,local,1,1,Low
6,2,clear,Low,local,1,0,Low
19,0,clear,Heavy,local,1,1,Moderate
11,1,rain,Medium,highway,1,1,High
5,1,fog,Medium,local,1,0,Moderate
8,5,fog,Heavy,local,0,1,Low
12,2,clear,Heavy,arterial,0,0,Low
18,1,cloudy,Medium,highway,1,0,Low
14,2,cloudy,Low,arterial,0,1,Low
22,3,clear,Low,arterial,0,1,Moderate
20,5,cloudy,Low,arterial,1,0,Moderate
18,6,clear,Heavy,highway,1,1,Moderate
14,0,fog,Medium,local,1,1,Low
6,5,clear,Low,highway,0,1,Moderate
9,2,rain,Low,local,1,1,Low
2,5,rain,Medium,arterial,1,0,High
8,0,cloudy,Medium,local,0,1,Low
22,4,clear,Heavy,arterial,0,1,Low
10,6,clear,Medium,highway,0,0,Low
2,0,fog,Low,local,0,0,High
15,5,clear,Heavy,arterial,0,1,Low
23,0,clear,Medium,arterial,0,1,Low
20,6,fog,Medium,arterial,0,1,Moderate
6,5,rain,Medium,arterial,0,1,Moderate
10,6,cloudy,Heavy,arterial,1,1,Moderate
12,6,clear,Low,highway,1,1,Moderate
5,2,clear,Low,local,1,1,Moderate
6,2,rain,Low,highway,1,1,Moderate
5,4,clear,Heavy,local,1,0,Low
23,1,clear,Heavy,local,1,1,High
17,2,clear,Low,arterial,0,1,Low
20,0,cloudy,Low,arterial,0,1,Moderate
19,6,clear,Low,arterial,0,1,Low
23,1,rain,Medium,local,1,1,High
2,2,clear,Medium,local,1,1,Moderate
21,3,clear,Heavy,arterial,0,1,Moderate
1,2,fog,Heavy,local,0,1,High
11,5,fog,Heavy,highway,0,1,Moderate
14,6,cloudy,Medium,local,0,1,Low
8,4,rain,Heavy,arterial,1,1,High
3,5,clear,Medium,local,0,1,High
4,0,clear,Heavy,local,0,1,Moderate
19,6,clear,Medium,highway,0,1,Low
7,0,clear,Heavy,local,0,0,Low
7,0,rain,Medium,arterial,0,0,Moderate
22,0,rain,Medium,local,1,1,High
3,1,clear,Medium,arterial,0,1,Moderate
21,5,clear,Heavy,local,0,1,Low
22,2,fog,Low,highway,1,0,High
14,5,cloudy,Medium,local,1,1,Low
3,2,clear,Low,arterial,1,1,High
3,0,clear,Heavy,highway,0,0,High
6,3,clear,Heavy,local,0,1,Low
13,1,clear,Medium,arterial,0,0,Low
3,2,clear,Medium,arterial,0,1,Moderate
10,3,clear,Medium,local,0,1,Low
2,5,clear,Medium,arterial,0,1,Moderate
12,4,clear,Low,highway,1,1,Low
0,1,clear,Heavy,arterial,1,1,High
17,5,clear,Medium,arterial,1,1,Low
1,4,clear,Low,highway,1,0,High
4,1,rain,Medium,highway,0,0,High
4,5,rain,Low,arterial,0,1,High
19,5,clear,Heavy,arterial,0,1,Moderate
1,4,clear,Medium,arterial,1,1,Moderate
10,2,cloudy,Medium,local,1,1,Low
14,2,clear,Low,arterial,1,0,Low
12,3,cloudy,Heavy,local,1,1,Low
16,1,fog,Heavy,arterial,0,1,Moderate
19,2,clear,Heavy,local,0,1,Low
9,0,clear,Medium,arterial,1,0,Low
19,1,clear,Medium,highway,0,1,Moderate
7,5,cloudy,Medium,arterial,1,0,Low
23,0,clear,Low,local,0,1,Moderate
12,3,cloudy,Low,arterial,0,1,Low
17,3,clear,Medium,arterial,0,1,Low
21,0,cloudy,Heavy,local,1,1,Moderate
19,5,cloudy,Low,local,0,1,Low
20,6,clear,Heavy,arterial,0,1,Low
12,4,fog,Medium,local,1,0,High
1,4,rain,Medium,local,1,0,High
11,1,clear,Low,arterial,1,0,Low
4,5,fog,Medium,local,0,1,High
21,5,rain,Medium,highway,1,1,High
5,3,clear,Low,highway,0,1,Moderate
5,4,cloudy,Heavy,arterial,1,1,Moderate
5,6,cloudy,Heavy,arterial,1,1,Moderate
15,4,cloudy,Low,arterial,1,1,Moderate
13,1,fog,Low,arterial,0,0,Moderate
22,2,clear,Medium,highway,1,0,High
9,1,clear,Heavy,local,1,1,Moderate
6,2,clear,Heavy,arterial,1,1,Moderate
1,6,rain,Heavy,arterial,1,1,High
0,1,clear,Medium,local,1,1,Moderate
8,6,clear,Heavy,arterial,1,1,Moderate
22,1,clear,Medium,arterial,0,1,Moderate
12,3,cloudy,Low,highway,0,1,Low
21,3,clear,Heavy,highway,0,0,Moderate
2,0,clear,Medium,local,0,1,Moderate
2,1,clear,Heavy,local,1,1,Moderate
20,2,clear,Medium,local,1,1,Low
2,0,clear,Heavy,local,1,1,High
1,5,clear,Low,highway,0,1,High
9,3,cloudy,Low,local,1,1,Low
22,5,clear,Heavy,highway,1,1,High
16,6,clear,Medium,arterial,0,1,Low
2,2,cloudy,Low,local,1,1,Moderate
20,5,clear,Medium,local,0,1,Low
20,0,clear,Heavy,arterial,1,1,Moderate
19,3,clear,Heavy,local,0,1,Low
21,4,clear,Heavy,arterial,1,1,Moderate
5,3,clear,Heavy,local,0,1,Low
23,5,fog,Heavy,arterial,1,1,High
7,6,clear,Low,arterial,0,1,Low
19,2,cloudy,Medium,local,1,1,Moderate
13,1,rain,Medium,local,0,1,Low
18,4,clear,Heavy,highway,1,1,Moderate
15,6,rain,Low,arterial,1,0,Moderate
15,6,clear,Heavy,highway,0,1,Moderate
14,5,cloudy,Heavy,local,0,0,Moderate
18,1,fog,Low,arterial,1,1,Moderate
17,1,clear,Medium,arterial,0,1,Low
3,4,rain,Low,highway,1,1,High
19,2,clear,Medium,arterial,0,1,Low
12,4,cloudy,Medium,arterial,1,1,Low
7,6,clear,Heavy,local,1,0,Moderate
12,3,clear,Medium,local,1,1,Low
23,2,clear,Heavy,arterial,1,1,Moderate
20,6,fog,Medium,local,1,1,High
20,3,cloudy,Heavy,local,0,0,Moderate
11,4,rain,Heavy,local,0,0,Moderate
18,0,clear,Medium,arterial,1,0,Low
9,3,clear,Low,local,1,1,Low
16,2,clear,Heavy,local,1,1,Low
15,0,clear,Heavy,local,0,1,Low
5,1,clear,Heavy,arterial,0,0,Moderate
6,4,fog,Low,highway,0,1,High
1,1,rain,Heavy,arterial,1,0,High
3,0,clear,Low,local,0,1,Moderate
10,0,clear,Medium,highway,1,1,Moderate
11,0,cloudy,Heavy,arterial,1,0,Moderate
3,3,cloudy,Medium,local,0,0,Moderate
10,3,cloudy,Low,local,1,0,Low
14,4,clear,Medium,local,0,0,Low
5,4,clear,Low,arterial,1,0,Low
8,3,clear,Medium,highway,0,1,Moderate
8,6,fog,Low,local,1,1,Moderate
12,1,cloudy,Medium,local,0,1,Low
8,4,fog,Medium,arterial,1,1,High
17,0,clear,Heavy,local,1,0,Moderate
7,5,clear,Medium,arterial,0,1,Low
10,2,clear,Medium,arterial,1,1,Low
9,2,rain,Heavy,local,1,0,Moderate
4,0,clear,Heavy,local,0,1,Moderate
16,3,cloudy,Medium,arterial,1,0,Low
5,2,clear,Medium,arterial,0,1,Moderate
7,6,clear,Low,local,1,0,Low
19,1,clear,Medium,arterial,1,1,Moderate
22,2,clear,Heavy,highway,0,1,High
16,6,rain,Heavy,arterial,1,1,Moderate
21,5,fog,Low,arterial,0,1,Moderate
20,5,cloudy,Low,local,1,1,Moderate
11,3,clear,Heavy,highway,0,1,Moderate
18,6,rain,Heavy,arterial,0,1,Moderate
7,1,clear,Heavy,arterial,0,0,Moderate
11,5,rain,Low,local,0,1,Moderate
12,4,rain,Heavy,arterial,1,1,Moderate
23,2,clear,Medium,local,1,0,High
20,1,clear,Medium,local,1,1,Moderate
11,3,clear,Low,highway,1,0,Low
15,0,clear,Low,local,1,1,Low
4,5,fog,Medium,arterial,0,1,High
19,1,cloudy,Low,arterial,1,1,Moderate
13,2,clear,Medium,local,0,0,Low
12,1,clear,Low,highway,1,1,Low
18,3,rain,Medium,arterial,0,0,Low
15,2,clear,Heavy,local,1,1,Moderate
1,1,clear,Heavy,highway,0,1,High
6,6,cloudy,Low,local,0,1,Low
4,5,clear,Medium,arterial,1,1,Moderate
17,2,clear,Low,highway,1,0,Moderate
0,0,clear,Medium,highway,1,0,High
4,5,clear,Low,highway,0,1,High
14,4,rain,Heavy,local,1,0,Moderate
16,3,rain,Low,arterial,1,0,Moderate
12,4,fog,Heavy,arterial,1,0,Moderate
20,0,fog,Heavy,local,0,1,Moderate
22,3,clear,Medium,local,1,1,Moderate
3,1,clear,Heavy,local,0,0,High
22,4,cloudy,Medium,arterial,1,0,High
14,6,clear,Medium,highway,1,1,Moderate
15,3,fog,Heavy,arterial,0,1,High
2,4,clear,Low,arterial,1,0,High
14,4,clear,Low,local,1,1,Low
17,6,cloudy,Heavy,local,0,1,Low
13,0,rain,Low,arterial,1,1,Moderate
2,2,cloudy,Heavy,arterial,1,1,High
12,1,cloudy,Low,arterial,1,1,Low
22,5,clear,Medium,arterial,0,0,High
17,3,cloudy,Medium,highway,1,1,Low
3,5,cloudy,Medium,local,0,0,Moderate
23,3,clear,Heavy,arterial,1,1,Moderate
23,6,rain,Low,arterial,0,0,High
4,5,clear,Medium,highway,1,1,High
19,0,clear,Low,arterial,1,1,Moderate
9,6,fog,Low,arterial,1,0,Moderate
14,6,clear,Low,highway,1,1,Moderate
10,0,cloudy,Medium,highway,0,0,Low
18,2,clear,Medium,arterial,1,1,Low
23,6,fog,Low,arterial,1,1,High
19,5,clear,Heavy,arterial,0,1,Moderate
22,3,clear,Medium,local,1,1,Moderate
22,3,rain,Heavy,local,1,0,High
2,0,cloudy,Low,local,0,1,Moderate
6,3,clear,Medium,highway,1,1,Moderate
17,4,clear,Low,arterial,0,1,Low
14,2,clear,Medium,local,0,1,Low
1,2,fog,Heavy,local,0,0,High
2,5,cloudy,Heavy,local,1,1,High
12,3,rain,Medium,local,0,1,Moderate
14,1,fog,Heavy,local,0,0,Moderate
4,2,clear,Medium,highway,0,0,High
4,3,cloudy,Low,arterial,1,0,High
3,1,cloudy,Medium,highway,0,1,High
13,3,rain,Heavy,arterial,1,1,High
0,6,cloudy,Low,local,1,0,High
13,5,clear,Medium,highway,1,0,Low
11,1,fog,Heavy,local,0,0,Moderate
11,3,cloudy,Medium,local,0,1,Low
16,3,rain,Medium,local,0,1,Low
12,4,clear,Low,local,0,0,Low
17,5,clear,Low,local,1,1,Low
18,3,cloudy,Medium,local,0,0,Low
22,2,rain,Medium,local,1,1,High
19,4,clear,Low,highway,0,1,Low
12,0,clear,Medium,local,1,1,Low
11,4,rain,Medium,local,0,0,Low
5,6,fog,Low,arterial,1,1,Moderate
14,4,clear,Heavy,highway,1,1,Moderate
3,3,clear,Medium,arterial,1,1,Moderate
22,5,clear,Medium,highway,0,0,High
20,3,clear,Medium,arterial,0,1,Moderate
2,3,clear,Medium,local,1,0,High
18,5,clear,Medium,highway,1,0,Moderate
2,1,cloudy,Heavy,arterial,1,1,High
17,5,clear,Heavy,local,0,1,Low
2,4,clear,Heavy,local,0,1,Moderate
11,3,fog,Low,highway,0,0,Moderate
15,0,clear,Heavy,arterial,1,1,Low
17,5,rain,Low,highway,0,1,Moderate
10,1,clear,Low,arterial,0,1,Low
22,6,rain,Low,arterial,0,0,High
18,5,rain,Heavy,highway,1,1,High
4,2,clear,Medium,highway,0,1,Moderate
16,3,cloudy,Heavy,arterial,1,0,Moderate
17,0,cloudy,Medium,highway,0,1,Moderate
8,3,clear,Heavy,local,1,0,Moderate
17,0,rain,Medium,local,0,0,Low
21,6,clear,Medium,local,0,0,Low
19,4,clear,Low,highway,1,1,Moderate
18,1,fog,Medium,arterial,1,1,Moderate
15,5,clear,Medium,arterial,1,1,Low
6,0,clear,Low,arterial,1,1,Moderate
19,3,clear,Low,local,1,1,Moderate
8,0,fog,Low,local,1,1,Low
12,0,clear,Low,highway,0,0,Low
7,1,clear,Medium,highway,1,1,Low
7,2,cloudy,Medium,arterial,1,1,Low
3,5,rain,Heavy,local,0,0,High
23,6,clear,Medium,arterial,1,1,High
3,5,fog,Heavy,highway,1,1,High
2,5,clear,Medium,arterial,0,0,High
22,3,cloudy,Medium,arterial,1,0,High
13,2,cloudy,Low,local,0,1,Low
10,1,clear,Medium,arterial,1,1,Moderate
17,6,rain,Low,local,1,1,Moderate
9,3,cloudy,Medium,arterial,0,0,Low
3,3,clear,Low,highway,1,1,High
17,0,clear,Medium,local,0,1,Low
4,3,clear,Heavy,local,0,1,Moderate
13,4,rain,Medium,local,1,1,Moderate
22,3,clear,Low,local,0,0,High
22,4,rain,Medium,local,1,1,High
8,5,clear,Medium,arterial,0,0,Low
18,0,fog,Heavy,local,0,0,Moderate
14,6,rain,Heavy,arterial,1,1,Moderate
11,5,clear,Low,local,1,0,Low
3,2,clear,Heavy,arterial,1,0,High
9,5,rain,Low,local,0,0,Low
15,0,clear,Low,local,1,1,Low
23,2,clear,Low,arterial,0,0,High
0,0,rain,Low,local,1,1,High
17,4,rain,Medium,highway,0,1,High
20,5,rain,Low,highway,0,1,High
22,4,rain,Low,arterial,0,1,Moderate
10,4,cloudy,Low,arterial,1,0,Low
2,1,rain,Heavy,local,1,0,High
6,6,clear,Heavy,arterial,0,0,Low
20,1,rain,Medium,local,1,1,Moderate
21,3,cloudy,Heavy,arterial,1,1,Moderate
15,4,cloudy,Medium,arterial,1,1,Moderate
2,5,fog,Low,local,1,0,High
2,6,clear,Heavy,highway,0,1,High
11,4,cloudy,Medium,highway,1,0,Low
14,4,clear,Medium,highway,1,1,Low
0,2,clear,Heavy,highway,1,1,High
16,3,clear,Low,arterial,1,0,Low
13,4,fog,Low,highway,1,0,High
0,4,clear,Heavy,local,1,1,High
2,4,cloudy,Medium,local,1,0,High
10,3,cloudy,Medium,local,0,0,Low
17,1,rain,Heavy,arterial,0,0,Moderate
19,0,rain,Heavy,arterial,1,1,Moderate
10,2,clear,Heavy,local,1,0,Low
7,2,clear,Low,highway,0,1,Moderate
23,4,cloudy,Heavy,local,1,1,Moderate
11,6,clear,Medium,arterial,1,0,Low
7,4,clear,Medium,local,0,1,Low
10,5,clear,Low,arterial,0,1,Low
0,4,clear,Medium,highway,1,1,High
7,6,fog,Low,local,1,1,Moderate
12,6,rain,Heavy,highway,1,1,High
22,1,cloudy,Medium,local,1,1,Moderate
17,4,clear,Medium,arterial,1,0,Low
18,3,fog,Low,highway,0,1,Moderate
13,6,cloudy,Medium,arterial,0,1,Low
2,4,fog,Medium,arterial,1,1,High
9,0,clear,Heavy,arterial,0,0,Low
23,1,clear,Medium,local,0,1,Low
1,0,cloudy,Low,highway,0,1,High
21,1,rain,Medium,highway,1,1,High
16,0,clear,Low,highway,0,1,Low
6,5,clear,Medium,local,1,1,Low
18,3,cloudy,Medium,highway,1,1,Low
20,4,fog,Low,local,0,0,Moderate
1,6,rain,Low,local,0,1,High
2,4,rain,Medium,arterial,1,1,High
15,3,cloudy,Medium,arterial,1,0,Moderate
23,1,rain,Low,arterial,1,1,High
0,5,clear,Medium,highway,0,1,High
15,3,clear,Medium,local,1,1,Low
3,5,cloudy,Low,arterial,1,1,High
15,0,cloudy,Low,arterial,1,0,Moderate
14,1,clear,Low,arterial,1,1,Low
2,0,clear,Heavy,highway,0,0,High
16,4,rain,Low,highway,0,1,Low
21,3,rain,Heavy,arterial,0,1,Moderate
20,2,clear,Medium,local,0,1,Low
0,2,rain,Heavy,local,1,1,High
5,4,clear,Heavy,highway,0,1,Moderate
5,6,clear,Low,arterial,0,1,Low
10,6,clear,Medium,arterial,0,1,Low
3,3,clear,Low,arterial,1,1,Moderate
20,4,clear,Low,highway,0,1,Moderate
18,0,cloudy,Heavy,arterial,1,1,Moderate
19,6,rain,Low,arterial,1,0,Moderate
4,0,clear,Heavy,arterial,1,1,High
0,2,rain,Heavy,highway,1,1,High
21,5,fog,Medium,arterial,1,0,High
6,6,clear,Medium,arterial,1,1,Low
15,1,clear,Heavy,arterial,1,1,Moderate
21,4,clear,Low,local,1,1,Low
0,1,cloudy,Heavy,highway,0,0,High
0,0,clear,Low,arterial,0,1,Moderate
0,2,cloudy,Low,arterial,0,1,Moderate
3,4,cloudy,Low,arterial,0,1,Moderate
1,1,cloudy,Low,arterial,1,1,High
19,6,clear,Low,local,1,1,Low
14,4,clear,Heavy,local,1,1,Low
23,3,clear,Medium,arterial,1,0,High
19,3,rain,Heavy,arterial,0,1,High
23,3,cloudy,Heavy,arterial,1,1,High
5,0,cloudy,Heavy,local,0,0,Moderate
6,4,cloudy,Heavy,arterial,1,1,Moderate
20,5,clear,Heavy,arterial,0,1,Low
5,2,clear,Low,local,0,0,Low
1,2,clear,Low,arterial,0,1,Moderate
16,6,clear,Medium,arterial,1,1,Low
19,4,clear,Low,highway,0,1,Low
23,2,clear,Heavy,local,0,1,Moderate
22,0,rain,Medium,local,1,1,High
2,5,clear,Heavy,local,1,1,High
18,4,clear,Medium,highway,1,0,Low
20,4,clear,Heavy,arterial,0,1,Low
16,1,clear,Low,local,0,1,Low
19,1,clear,Medium,local,0,1,Moderate
20,3,clear,Heavy,highway,1,1,High
10,5,clear,Medium,highway,1,0,Low
0,2,fog,Heavy,arterial,1,1,High
10,3,clear,Medium,highway,1,1,Low
4,6,clear,Heavy,highway,1,1,High
2,1,clear,Medium,arterial,0,1,Moderate
2,1,clear,Heavy,highway,0,1,High
16,1,cloudy,Medium,local,1,0,Low
12,6,clear,Medium,arterial,0,1,Low
12,3,rain,Medium,highway,0,1,Moderate
17,6,rain,Medium,local,0,1,Low
13,6,cloudy,Medium,arterial,1,1,Low
15,2,clear,Low,local,1,1,Low
2,0,clear,Heavy,highway,0,1,Moderate
20,2,clear,Medium,arterial,0,0,Low
10,3,rain,Low,arterial,0,1,Moderate
3,2,clear,Medium,local,0,1,Low
19,0,cloudy,Medium,highway,0,1,Low
17,6,clear,Heavy,arterial,1,1,Moderate
1,2,clear,Heavy,highway,0,0,High
4,4,clear,Medium,local,1,1,High
0,6,clear,Heavy,arterial,0,1,High
6,3,cloudy,Medium,arterial,1,1,Moderate
2,4,cloudy,Medium,local,0,0,High
17,0,clear,Medium,arterial,1,0,Low
12,4,clear,Low,highway,1,1,Low
23,5,rain,Heavy,arterial,0,1,High
17,6,clear,Medium,arterial,0,1,Low
14,0,cloudy,Low,arterial,0,1,Low
12,1,clear,Medium,highway,1,0,Moderate
1,0,cloudy,Low,local,0,1,Moderate
1,6,cloudy,Low,local,0,0,High
14,1,clear,Low,local,0,0,Low
0,3,clear,Heavy,arterial,1,1,High
1,3,clear,Low,arterial,0,0,High
5,4,clear,Medium,local,0,1,Low
21,6,cloudy,Medium,local,1,1,Moderate
11,2,clear,Heavy,arterial,1,1,Moderate
17,5,clear,Heavy,local,0,0,Moderate
9,2,rain,Heavy,arterial,0,1,Moderate
4,1,rain,Medium,arterial,1,0,High
8,0,clear,Medium,highway,0,0,Low
2,2,cloudy,Heavy,local,1,1,High
18,3,clear,Low,arterial,0,1,Low
4,5,cloudy,Low,arterial,0,1,High
9,5,clear,Heavy,arterial,0,1,Moderate
23,3,rain,Low,local,0,1,High
14,2,clear,Medium,local,1,1,Low
11,1,clear,Low,highway,0,1,Low
13,6,rain,Low,highway,0,0,Moderate
18,2,clear,Heavy,local,0,1,Moderate
6,5,clear,Low,local,1,1,Low
15,4,clear,Medium,arterial,1,1,Low
20,6,cloudy,Low,arterial,0,0,Moderate
13,6,clear,Medium,arterial,1,0,Low
10,4,cloudy,Heavy,highway,0,1,Moderate
3,4,clear,Medium,arterial,1,1,Moderate
5,0,cloudy,Medium,arterial,0,1,Moderate
22,0,rain,Medium,arterial,0,1,High
12,3,clear,Low,highway,1,0,Moderate
7,4,cloudy,Medium,highway,0,0,Low
10,5,clear,Heavy,arterial,0,1,Low
13,1,clear,Heavy,local,1,1,Low
12,3,rain,Low,arterial,1,1,Moderate
16,6,rain,Heavy,local,0,1,Moderate
6,0,rain,Heavy,arterial,1,1,High
15,2,fog,Heavy,highway,0,0,Moderate
10,6,clear,Heavy,highway,0,0,Low
22,1,cloudy,Heavy,arterial,0,1,Moderate
3,2,clear,Low,arterial,1,1,High
3,3,fog,Medium,arterial,0,0,High
11,4,cloudy,Heavy,arterial,1,0,Low
12,1,clear,Medium,local,0,0,Low
16,5,rain,Medium,local,1,0,Moderate
9,1,cloudy,Medium,arterial,1,0,Low
21,2,fog,Low,arterial,1,1,High
11,4,rain,Heavy,local,1,0,High
3,0,rain,Medium,arterial,1,0,High
2,5,clear,Medium,local,1,1,High
23,4,clear,Low,local,0,0,Moderate
3,5,rain,Heavy,arterial,0,0,High
22,1,clear,Low,arterial,1,1,High
6,2,clear,Heavy,highway,0,0,Moderate
2,6,fog,Low,arterial,1,1,High
7,0,rain,Heavy,arterial,0,1,Moderate
14,3,fog,Medium,local,1,1,Moderate
10,3,clear,Heavy,arterial,0,0,Low
18,3,clear,Medium,arterial,1,1,Low
14,3,rain,Low,arterial,1,1,Moderate
9,5,clear,Low,highway,0,1,Low
15,1,clear,Heavy,arterial,0,1,Low
23,6,clear,Medium,highway,0,0,High
9,6,rain,Medium,arterial,0,1,Moderate
3,1,clear,Low,local,1,0,Moderate
9,6,clear,Heavy,local,1,0,Low
20,1,clear,Medium,highway,0,0,Moderate
5,0,clear,Medium,arterial,0,1,Low
22,2,cloudy,Medium,local,1,1,Moderate
14,5,cloudy,Medium,highway,0,1,Low
14,5,cloudy,Medium,highway,0,1,Low
7,4,clear,Low,arterial,0,1,Low
22,5,clear,Heavy,arterial,1,1,High
0,1,clear,Medium,arterial,0,1,Low
7,6,fog,Medium,local,0,0,Moderate
10,4,clear,Medium,local,0,1,Low
11,0,clear,Medium,local,1,0,Low
11,0,clear,Medium,local,1,1,Low
3,1,fog,Medium,highway,1,1,High
5,0,rain,Heavy,highway,1,1,High
2,1,clear,Low,local,0,1,High
13,6,cloudy,Heavy,local,0,1,Low
8,1,clear,Heavy,local,1,1,Low
13,4,rain,Heavy,highway,1,1,High
14,6,fog,Low,highway,1,1,Moderate
16,1,cloudy,Medium,local,1,1,Low
13,4,rain,Heavy,highway,1,1,High
15,3,clear,Heavy,local,0,1,Low
14,1,clear,Low,arterial,0,1,Low
15,6,cloudy,Heavy,local,1,1,Moderate
14,4,cloudy,Heavy,highway,1,1,Moderate
7,3,clear,Heavy,local,0,1,Low
5,5,clear,Medium,arterial,1,1,Moderate
18,6,clear,Medium,local,1,0,Low
8,5,clear,Heavy,highway,1,1,Moderate
13,6,rain,Medium,highway,0,0,Moderate
4,2,clear,Heavy,highway,0,0,High
10,2,rain,Low,local,0,1,Low
12,1,clear,Low,highway,0,1,Low
15,4,cloudy,Heavy,local,1,0,Low
12,5,rain,Low,highway,0,0,Moderate
8,4,rain,Low,local,0,1,Moderate
23,4,rain,Heavy,arterial,0,1,High
12,5,clear,Heavy,local,1,1,Low
19,1,clear,Heavy,arterial,1,0,Moderate
17,2,cloudy,Low,local,1,0,Moderate
13,4,rain,Medium,arterial,0,1,Moderate
21,0,rain,Low,highway,1,1,High
3,6,cloudy,Low,local,1,0,High
22,1,clear,Low,arterial,1,1,High
20,5,clear,Medium,arterial,0,1,Low
12,4,fog,Medium,arterial,1,1,Moderate
17,5,cloudy,Low,local,1,1,Low
12,5,rain,Heavy,arterial,1,0,Moderate
6,3,cloudy,Heavy,highway,0,0,Moderate
19,5,rain,Low,local,1,1,Moderate
5,2,rain,Heavy,arterial,1,1,Moderate
7,4,clear,Medium,arterial,1,1,Low
12,6,rain,Medium,local,1,1,High
20,0,clear,Medium,highway,0,1,Moderate
9,2,clear,Heavy,arterial,0,1,Low
11,0,rain,Low,highway,0,1,Moderate
0,3,clear,Medium,local,0,1,Moderate
2,5,clear,Low,local,1,1,High
1,0,cloudy,Low,local,1,0,High
1,3,fog,Medium,arterial,0,1,Moderate
20,2,clear,Low,arterial,0,1,Low
20,5,cloudy,Heavy,local,0,1,Moderate
19,1,clear,Medium,local,0,1,Low
1,1,clear,Low,highway,1,1,High
1,0,cloudy,Heavy,highway,1,0,High
6,2,cloudy,Low,arterial,0,1,Low
13,3,rain,Heavy,local,0,1,Moderate
8,6,cloudy,Low,arterial,0,1,Low
11,3,fog,Low,highway,0,1,Moderate
4,1,rain,Heavy,local,1,1,High
17,4,clear,Heavy,arterial,0,0,Low
7,0,rain,Medium,highway,0,0,Moderate
1,2,cloudy,Low,arterial,1,1,High
17,4,clear,Heavy,local,1,1,Low
21,1,cloudy,Low,arterial,0,1,Low
0,4,rain,Heavy,local,0,1,Moderate
10,3,clear,Low,local,0,1,Low
19,6,clear,Low,highway,0,1,Moderate
16,2,clear,Low,arterial,1,1,Moderate
20,6,clear,Low,highway,1,0,Moderate
9,4,rain,Heavy,arterial,1,1,Low
8,5,clear,Medium,local,1,1,Low
17,1,rain,Low,local,1,1,Low
3,0,rain,Low,arterial,0,1,High
5,5,clear,Low,highway,0,1,Moderate
14,3,clear,Medium,arterial,1,1,Moderate
16,2,clear,Medium,arterial,0,0,Low
2,6,clear,Low,arterial,1,1,High
12,2,clear,Heavy,highway,0,0,Low
8,3,clear,Medium,local,0,1,Low
12,5,rain,Heavy,arterial,1,1,High
23,6,cloudy,Medium,arterial,1,1,High
1,6,clear,Low,highway,0,1,High
23,4,clear,Low,local,1,1,High
10,0,rain,Heavy,local,0,1,Moderate
18,0,clear,Low,arterial,0,1,Low
10,4,cloudy,Low,highway,1,1,Low
7,3,clear,Medium,local,0,1,Low
18,0,fog,Medium,arterial,0,1,Low
16,4,clear,Medium,local,0,1,Low
3,6,clear,Heavy,arterial,0,0,High
16,0,cloudy,Low,local,0,0,Low
18,5,clear,Heavy,local,0,1,Low
9,2,cloudy,Heavy,arterial,1,1,Moderate
22,2,clear,Low,local,1,1,Moderate
15,5,clear,Low,arterial,0,1,Moderate
8,1,clear,Heavy,arterial,0,0,Low
0,1,cloudy,Low,arterial,0,1,Moderate
16,6,rain,Medium,arterial,1,0,Moderate
5,2,clear,Low,local,0,1,Low
18,1,rain,Medium,highway,0,1,Low
12,4,rain,Heavy,arterial,1,1,Moderate
11,1,clear,Heavy,arterial,0,0,Low
3,5,clear,Medium,arterial,0,0,High
17,0,clear,Low,highway,0,1,Low
3,3,clear,Medium,local,1,1,Moderate
10,2,rain,Medium,arterial,1,1,Moderate
20,6,clear,Medium,local,1,1,Low
22,3,clear,Medium,local,1,0,High
23,6,cloudy,Heavy,arterial,0,1,High
22,1,clear,Low,arterial,1,1,High
13,3,rain,Low,highway,0,1,Moderate
4,5,cloudy,Heavy,arterial,1,1,High
20,1,clear,Medium,arterial,1,0,Moderate
19,6,clear,Low,arterial,0,1,Low
23,5,clear,Heavy,arterial,0,0,High
15,4,fog,Medium,highway,0,1,Moderate
3,1,clear,Medium,arterial,1,0,High
12,5,rain,Heavy,highway,1,1,High
10,5,fog,Medium,arterial,0,0,Moderate
20,2,clear,Medium,arterial,1,1,Low
9,4,cloudy,Low,local,0,1,Low
7,0,cloudy,Medium,local,1,1,Low
1,2,clear,Medium,local,0,1,Moderate
20,1,fog,Heavy,local,1,1,High
18,3,clear,Medium,highway,0,1,Low
0,3,rain,Low,local,1,1,High
10,3,cloudy,Medium,arterial,0,1,Low
11,4,clear,Low,local,0,1,Low
11,6,clear,Heavy,highway,0,0,Moderate
22,1,clear,Heavy,highway,1,1,High
3,1,clear,Medium,local,0,1,Moderate
7,1,cloudy,Medium,highway,1,0,Low
4,6,clear,Low,arterial,0,0,High
5,0,fog,Medium,highway,1,1,High
21,0,clear,Low,highway,0,0,Moderate
22,1,clear,Medium,local,1,1,High
1,5,clear,Low,arterial,0,0,High
15,4,clear,Medium,arterial,0,0,Low
5,6,cloudy,Low,arterial,1,1,Low
4,1,clear,Low,highway,0,1,Moderate
7,2,cloudy,Medium,arterial,0,1,Moderate
4,3,cloudy,Heavy,highway,0,1,High
11,0,clear,Low,arterial,1,1,Low
23,6,clear,Medium,arterial,0,0,High
14,5,clear,Heavy,highway,1,1,Moderate
17,1,clear,Medium,local,1,1,Low
11,5,rain,Medium,arterial,1,1,Moderate
0,3,clear,Low,highway,0,0,High
2,2,clear,Low,arterial,1,1,Moderate
6,6,clear,Low,arterial,0,0,Low
5,3,clear,Heavy,arterial,0,1,Moderate
20,1,fog,Low,local,1,1,High
20,5,rain,Low,arterial,0,1,Moderate
20,5,rain,Low,highway,1,1,High
15,1,clear,Heavy,arterial,1,1,Low
13,4,clear,Medium,local,1,1,Moderate
15,4,clear,Heavy,arterial,1,0,Low
9,1,rain,Medium,local,1,1,Moderate
16,3,clear,Heavy,highway,1,1,Low
19,5,clear,Heavy,arterial,0,1,Moderate
18,1,cloudy,Medium,local,0,1,Low
14,5,rain,Heavy,arterial,0,1,Low
1,5,clear,Heavy,highway,1,1,High
17,6,clear,Low,highway,1,1,Low
8,2,rain,Medium,local,0,1,Low
17,1,clear,Medium,arterial,1,1,Low
12,6,fog,Heavy,local,0,1,Low
21,3,clear,Medium,local,1,1,Low
8,3,fog,Medium,local,1,1,Low
22,3,rain,Low,local,1,1,High
20,3,clear,Heavy,local,1,1,Moderate
7,4,rain,Low,highway,1,0,High
11,2,clear,Medium,local,1,1,Low
12,2,clear,Low,arterial,0,0,Low
18,2,clear,Heavy,local,0,1,Low
16,4,cloudy,Heavy,arterial,0,1,Low
20,5,clear,Low,highway,0,1,Moderate
8,3,clear,Heavy,local,0,1,Low
12,4,fog,Heavy,local,0,1,Low
10,2,rain,Low,local,0,1,Moderate
21,5,clear,Medium,arterial,0,0,Low
7,2,clear,Low,local,1,0,Low
14,2,clear,Low,arterial,0,1,Moderate
2,0,clear,Heavy,arterial,1,1,High
20,1,rain,Low,arterial,0,1,Moderate
9,5,fog,Medium,arterial,1,0,Moderate
8,0,clear,Low,local,0,1,Low
13,1,clear,Low,arterial,1,1,Low
11,5,clear,Medium,local,1,1,Low
20,6,clear,Medium,local,0,1,Low
12,2,clear,Heavy,local,0,0,Low
12,2,clear,Low,local,0,1,Low
2,3,clear,Medium,local,0,1,Moderate
0,5,clear,Heavy,arterial,1,1,High
9,3,rain,Medium,arterial,0,1,Low
23,1,rain,Medium,local,0,0,High
22,3,clear,Low,arterial,1,0,High
15,1,clear,Heavy,arterial,1,1,Low
15,4,rain,Medium,highway,0,1,Moderate
9,0,clear,Heavy,highway,0,0,Low
4,4,rain,Low,local,1,1,High
0,0,clear,Low,local,0,0,High
8,6,rain,Medium,local,1,1,Moderate
7,4,clear,Medium,local,0,0,Low
4,0,rain,Low,local,0,1,High
6,6,clear,Low,arterial,1,1,Moderate
0,4,rain,Low,highway,1,0,High
14,4,cloudy,Low,arterial,1,1,Moderate
22,0,clear,Low,local,0,0,Moderate
16,1,rain,Heavy,arterial,1,1,Moderate
10,5,clear,Heavy,local,1,1,Moderate
10,3,clear,Medium,local,1,1,Low
7,4,clear,Low,highway,1,0,Low
3,6,rain,Low,arterial,1,0,High
14,2,rain,Heavy,arterial,0,1,Moderate
13,2,clear,Heavy,arterial,0,1,Low
0,5,rain,Low,arterial,0,1,High
9,0,rain,Low,arterial,0,1,Low
6,3,cloudy,Low,local,1,0,Low
4,5,clear,Medium,local,0,1,Moderate
16,1,clear,Low,local,1,0,Low
12,2,clear,Medium,local,1,0,Low
15,3,clear,Low,local,0,1,Low
17,0,clear,Low,arterial,1,1,Low
23,0,rain,Heavy,highway,0,0,High
19,1,cloudy,Heavy,arterial,0,1,Moderate
14,6,cloudy,Low,local,1,1,Low
21,1,clear,Heavy,arterial,1,1,Moderate
11,5,clear,Low,local,1,1,Low
23,2,rain,Low,arterial,0,1,High
18,5,clear,Low,arterial,0,0,Low
15,2,fog,Low,arterial,1,1,Moderate
21,6,clear,Low,local,1,1,Moderate
12,2,clear,Medium,arterial,0,1,Low
17,5,cloudy,Heavy,highway,0,0,Low
6,5,cloudy,Low,arterial,0,1,Moderate
23,3,clear,Low,highway,1,0,High
14,4,cloudy,Low,arterial,0,1,Low
18,0,clear,Medium,local,1,1,Low
11,3,clear,Heavy,highway,0,1,Low
20,2,clear,Low,arterial,0,0,Low
1,6,cloudy,Medium,local,0,0,High
2,6,cloudy,Medium,arterial,0,1,Moderate
12,5,clear,Heavy,arterial,0,0,Moderate
17,6,rain,Low,arterial,1,1,Low
19,6,rain,Low,local,0,0,Moderate
10,5,clear,Low,local,0,1,Low
15,4,clear,Medium,arterial,1,1,Low
13,1,clear,Medium,local,0,1,Low
23,5,clear,Medium,highway,1,1,High
15,1,fog,Low,highway,1,1,Moderate
10,1,rain,Low,local,1,1,Low
23,6,clear,Medium,local,1,1,Moderate
2,0,clear,Low,highway,1,1,High
23,0,clear,Heavy,arterial,0,0,High
3,3,clear,Heavy,highway,0,1,High
6,4,clear,Low,arterial,1,1,Low
19,0,clear,Medium,arterial,1,1,Moderate
17,2,clear,Low,arterial,0,1,Low
23,1,clear,Heavy,highway,1,0,High
17,2,clear,Medium,arterial,0,1,Low
15,1,clear,Low,local,0,1,Low
8,4,clear,Medium,highway,1,0,Low
0,3,clear,Low,highway,0,1,Moderate
2,6,clear,Low,arterial,1,1,High
7,0,clear,Low,arterial,0,1,Low
0,5,fog,Low,local,0,1,High
12,6,clear,Low,highway,1,1,Moderate
18,3,cloudy,Heavy,arterial,0,1,Low
23,4,clear,Medium,local,0,1,Low
11,3,clear,Heavy,local,0,1,Low
21,4,clear,Low,arterial,1,1,Low
23,6,rain,Heavy,highway,1,1,High
20,3,fog,Medium,arterial,1,0,High
11,4,clear,Medium,local,1,1,Low
7,6,clear,Heavy,local,1,1,Low
23,3,rain,Medium,local,1,1,Moderate
5,1,clear,Medium,arterial,0,1,Low
9,4,clear,Heavy,arterial,1,1,Moderate
1,4,rain,Low,arterial,1,1,High
19,1,clear,Low,local,1,0,High
15,5,cloudy,Heavy,arterial,0,1,Low
2,0,clear,Heavy,arterial,1,0,High
5,2,clear,Medium,local,0,1,Low
13,5,fog,Heavy,local,1,1,Low
12,4,clear,Heavy,arterial,1,1,Low
19,4,clear,Medium,highway,1,1,Moderate
6,4,clear,Low,arterial,1,1,Low
22,1,clear,Medium,arterial,0,0,Moderate
10,6,clear,Medium,arterial,0,0,Low
19,2,clear,Low,local,1,1,Moderate
5,5,clear,Heavy,arterial,1,1,Moderate
0,6,clear,Heavy,arterial,1,1,High
1,1,rain,Heavy,local,1,1,High
8,4,clear,Medium,local,1,0,Low
22,0,fog,Low,arterial,1,0,High
1,4,clear,Medium,arterial,1,1,Moderate
8,3,clear,Medium,arterial,1,1,Moderate
2,0,fog,Medium,arterial,0,1,High
22,4,rain,Low,local,0,0,High
16,6,clear,Heavy,highway,0,1,Moderate
18,0,clear,Low,highway,1,1,Low
17,6,rain,Medium,highway,1,1,Moderate
15,5,clear,Medium,local,0,0,Low
18,3,clear,Heavy,highway,0,1,Low
0,6,clear,Low,arterial,0,0,High
20,2,rain,Low,local,1,1,Moderate
17,5,cloudy,Heavy,highway,1,1,Moderate
17,4,clear,Heavy,local,0,1,Low
9,4,fog,Low,local,0,1,Moderate
19,5,clear,Heavy,highway,1,1,Moderate
9,6,rain,Heavy,local,1,1,Moderate
1,5,clear,Low,local,0,1,Moderate
21,4,cloudy,Heavy,highway,0,0,Moderate
5,6,clear,Low,local,0,0,Low
2,3,clear,Heavy,arterial,0,0,High
14,4,clear,Low,local,0,0,Low
5,1,rain,Medium,arterial,1,0,Moderate
20,2,clear,Heavy,local,0,1,Moderate
10,6,clear,Low,local,1,0,Low
0,3,clear,Heavy,local,1,1,High
22,3,cloudy,Low,highway,1,1,High
12,5,cloudy,Low,local,1,1,Low
6,2,clear,Heavy,local,0,0,Low
16,1,clear,Heavy,local,1,1,Moderate
12,0,cloudy,Heavy,local,1,1,Moderate
0,1,clear,Heavy,arterial,1,0,High
18,3,clear,Low,local,0,1,Low
9,5,clear,Medium,highway,0,1,Low
16,2,clear,Heavy,local,0,0,Low
21,3,fog,Heavy,arterial,1,1,High
14,1,cloudy,Medium,local,0,0,Low
16,5,clear,Low,arterial,1,1,Low
6,3,rain,Medium,arterial,1,0,Moderate
5,1,clear,Low,local,0,1,Low
9,4,fog,Heavy,arterial,0,1,Moderate
20,2,clear,Low,arterial,0,1,Low
12,6,rain,Medium,local,0,0,Low
8,1,rain,Low,highway,0,1,Moderate
18,6,rain,Heavy,arterial,1,1,Moderate
20,4,clear,Heavy,local,1,1,Moderate
21,0,rain,Medium,local,0,1,Moderate
7,5,cloudy,Heavy,highway,1,0,Moderate
17,5,clear,Medium,arterial,0,1,Moderate
14,3,clear,Low,arterial,1,1,Low
10,1,cloudy,Heavy,local,1,1,Low
9,3,fog,Low,arterial,0,0,Low
2,4,rain,Low,arterial,0,0,High
6,0,clear,Medium,local,1,1,Low
13,2,cloudy,Low,local,1,0,Low
21,4,clear,Heavy,local,1,0,Moderate
20,3,clear,Medium,arterial,0,1,Low
4,6,rain,Low,arterial,0,1,High
16,1,cloudy,Medium,highway,1,1,Low
2,5,rain,Low,arterial,0,1,High
16,2,clear,Heavy,arterial,0,1,Moderate
8,1,clear,Low,arterial,0,0,Low
10,6,cloudy,Heavy,local,0,0,Moderate
17,4,clear,Low,local,1,1,Low
10,3,fog,Low,local,0,1,Low
19,2,fog,Medium,local,1,1,Moderate
12,6,rain,Medium,arterial,0,1,Moderate
23,0,rain,Medium,arterial,1,1,High
15,0,clear,Medium,arterial,1,1,Low
7,1,clear,Low,highway,0,0,Low
18,4,rain,Medium,arterial,0,1,Low
9,0,clear,Heavy,arterial,0,1,Low
12,5,rain,Low,highway,1,1,Moderate
3,1,clear,Medium,local,1,1,Moderate
2,4,rain,Low,arterial,0,0,High
13,5,clear,Heavy,arterial,0,1,Low
4,6,rain,Low,arterial,1,0,High
23,2,clear,Low,arterial,1,1,High
20,0,cloudy,Medium,local,0,1,Moderate
16,5,rain,Medium,highway,0,0,Moderate
17,3,clear,Low,local,1,1,Low
14,6,clear,Heavy,highway,0,1,Low
1,1,clear,Low,highway,1,1,High
9,4,cloudy,Heavy,highway,1,0,Moderate
11,0,cloudy,Heavy,arterial,0,1,Moderate
21,3,cloudy,Heavy,local,0,0,High
5,0,clear,Heavy,highway,1,1,Moderate
11,5,clear,Medium,arterial,1,1,Low
8,4,rain,Heavy,arterial,1,1,Moderate
3,0,cloudy,Low,highway,1,1,Moderate
2,3,clear,Heavy,arterial,0,0,High
8,2,clear,Medium,local,0,1,Low
1,4,clear,Heavy,local,1,0,High
1,3,rain,Medium,arterial,0,1,High
8,3,cloudy,Medium,arterial,0,0,Low
4,5,cloudy,Low,arterial,0,0,High
13,3,cloudy,Medium,highway,0,1,Low
0,5,rain,Medium,highway,1,1,High
7,6,clear,Heavy,highway,1,1,Moderate
10,5,clear,Low,highway,1,1,Moderate
23,6,clear,Heavy,local,0,1,Moderate
15,4,fog,Heavy,arterial,1,0,High
21,3,cloudy,Heavy,highway,1,0,Moderate
8,3,clear,Heavy,arterial,1,1,Moderate
10,1,rain,Medium,arterial,0,1,Moderate
10,5,clear,Heavy,arterial,1,1,Moderate
21,4,clear,Medium,arterial,0,0,Low
23,6,cloudy,Low,highway,0,1,High
23,4,fog,Low,local,1,1,High
18,3,clear,Low,arterial,1,1,Low
12,2,clear,Low,local,0,0,Low
12,6,rain,Medium,arterial,1,1,High
23,5,cloudy,Heavy,arterial,1,1,High
6,6,cloudy,Low,arterial,1,0,Low
8,4,clear,Heavy,arterial,0,1,Low
21,3,clear,Heavy,arterial,0,1,Moderate
9,0,clear,Heavy,arterial,0,1,Moderate
5,0,clear,Heavy,local,1,1,Moderate
13,4,rain,Heavy,arterial,1,1,Moderate
7,1,cloudy,Low,arterial,0,1,Low
21,0,rain,Medium,arterial,0,1,Moderate
21,5,clear,Low,highway,0,1,Moderate
7,4,clear,Low,arterial,0,1,Low
12,0,rain,Medium,local,0,1,Moderate
23,3,clear,Medium,highway,1,0,High
17,3,clear,Heavy,highway,0,1,Moderate
5,0,clear,Low,highway,0,0,Low
14,4,clear,Heavy,arterial,0,1,Low
14,2,clear,Low,local,0,1,Low
15,6,clear,Medium,local,0,1,Low
0,0,rain,Low,arterial,1,1,High
7,5,clear,Heavy,local,0,1,Low
20,0,cloudy,Medium,local,1,1,Moderate
5,5,cloudy,Low,arterial,0,1,Low
7,5,clear,Heavy,arterial,1,0,Low
7,2,clear,Low,local,1,1,Low
4,1,clear,Heavy,arterial,0,1,Low
3,0,clear,Low,arterial,0,1,Moderate
8,2,clear,Low,local,0,1,Low
20,4,fog,Low,highway,1,1,High
0,5,clear,Medium,highway,1,1,High
6,1,clear,Heavy,local,1,1,Moderate
1,0,fog,Medium,highway,1,0,High
13,3,rain,Low,arterial,1,1,Moderate
6,4,rain,Medium,highway,0,1,Moderate
19,6,clear,Medium,local,0,1,Low
14,5,rain,Medium,arterial,1,1,Moderate
18,3,cloudy,Medium,highway,0,0,Low
15,4,cloudy,Medium,local,0,0,Low
10,4,rain,Medium,highway,1,0,High
20,3,clear,Medium,local,1,1,Moderate
11,4,fog,Low,local,0,1,Low
22,1,fog,Heavy,local,0,0,High
23,5,cloudy,Heavy,local,1,1,High
14,6,clear,Heavy,local,1,1,Low
16,3,rain,Heavy,arterial,1,0,High
6,3,clear,Medium,highway,1,0,Moderate
19,3,cloudy,Heavy,highway,0,0,Moderate
16,5,clear,Medium,highway,0,1,Low
21,1,rain,Medium,arterial,0,1,Moderate
6,2,fog,Heavy,highway,1,0,High
18,4,clear,Heavy,arterial,1,1,Low
11,4,cloudy,Medium,arterial,0,1,Low
4,2,rain,Heavy,local,0,1,Moderate
4,0,clear,Medium,highway,1,1,High
13,3,clear,Medium,local,0,1,Low
7,4,clear,Heavy,highway,1,0,High
2,5,rain,Medium,arterial,0,0,High
10,0,clear,Heavy,arterial,0,0,Low
15,0,clear,Heavy,arterial,1,1,Moderate
7,2,clear,Low,highway,0,1,Low
22,3,clear,Heavy,arterial,0,1,Moderate
18,0,clear,Low,arterial,0,1,Low
12,1,cloudy,Heavy,local,1,0,Moderate
22,2,clear,Heavy,highway,0,0,Moderate
10,1,rain,Heavy,highway,0,1,Moderate
3,4,cloudy,Heavy,local,1,1,High
0,0,rain,Medium,arterial,0,1,High
22,6,clear,Low,local,0,1,Moderate
23,1,cloudy,Medium,arterial,0,0,Moderate
17,3,rain,Medium,arterial,0,1,Low
2,6,clear,Medium,arterial,0,1,Moderate
7,4,clear,Low,local,0,1,Low
0,6,clear,Medium,arterial,0,0,High
1,0,cloudy,Heavy,local,0,1,Moderate
5,5,clear,Medium,arterial,1,1,Moderate
13,0,rain,Heavy,highway,1,1,Moderate
1,4,rain,Medium,highway,0,1,High
23,2,cloudy,Heavy,arterial,0,1,Moderate
10,5,fog,Heavy,arterial,0,1,High
6,0,cloudy,Medium,local,1,1,Moderate
12,6,clear,Medium,local,0,1,Low
18,3,clear,Heavy,highway,0,1,Moderate
7,3,rain,Heavy,local,1,1,Moderate
1,3,clear,Medium,local,1,0,High
1,0,rain,Heavy,local,1,1,High
20,2,clear,Heavy,local,1,1,Low
2,4,clear,Low,local,0,0,High
15,6,rain,Medium,local,1,0,Moderate
9,6,rain,Heavy,arterial,0,0,Moderate
18,3,rain,Low,arterial,0,0,Low
1,1,clear,Heavy,arterial,0,1,Moderate
21,3,clear,Low,highway,0,1,Low
16,3,cloudy,Medium,highway,0,1,Low
10,2,rain,Medium,arterial,1,1,Moderate
4,2,clear,Heavy,arterial,0,0,Moderate
23,6,cloudy,Low,arterial,1,1,High
7,2,clear,Medium,local,0,0,Low
11,0,cloudy,Low,local,1,1,Low
9,5,clear,Low,arterial,1,1,Low
5,4,fog,Heavy,arterial,1,0,High
9,2,clear,Low,arterial,0,1,Low
3,4,cloudy,Low,arterial,1,0,High
0,6,rain,Low,local,1,1,High
6,6,clear,Medium,arterial,1,1,Low
2,5,clear,Low,arterial,0,1,High
9,4,cloudy,Medium,highway,0,1,Low
20,0,cloudy,Heavy,local,1,0,Moderate
3,3,cloudy,Low,arterial,0,1,Moderate
0,5,cloudy,Low,highway,1,1,High
2,5,clear,Medium,arterial,0,1,Moderate
12,5,rain,Heavy,local,0,1,Low
6,6,clear,Low,local,1,0,Low
11,3,cloudy,Heavy,highway,1,0,Moderate
0,0,rain,Heavy,local,1,1,High
7,3,rain,Low,arterial,1,1,Low
9,2,clear,Low,local,1,1,Low
10,5,clear,Heavy,highway,1,0,Moderate
13,5,cloudy,Heavy,arterial,1,0,Moderate
18,2,clear,Low,local,1,1,Low
11,2,cloudy,Medium,arterial,1,1,Low
20,1,clear,Heavy,local,0,0,Low
12,0,clear,Medium,local,1,1,Low
6,2,clear,Medium,highway,0,1,Moderate
5,1,cloudy,Medium,arterial,0,0,Moderate
7,1,rain,Heavy,arterial,0,1,Moderate
14,6,clear,Medium,local,1,0,Low
5,4,clear,Medium,highway,1,0,Moderate
21,3,clear,Medium,local,1,0,Low
11,1,cloudy,Low,local,0,0,Low
20,5,rain,Medium,arterial,1,1,Moderate
16,4,rain,Low,arterial,1,0,Moderate
8,3,fog,Medium,local,0,0,Moderate
5,3,clear,Medium,local,1,0,Low
17,3,rain,Heavy,local,0,1,Moderate
7,5,clear,Heavy,local,0,1,Low
5,5,cloudy,Medium,arterial,1,0,Moderate
22,3,clear,Medium,highway,0,0,High
11,4,rain,Low,arterial,1,0,Moderate
1,6,rain,Medium,local,0,1,High
11,2,clear,Low,local,1,1,Low
11,6,rain,Low,highway,1,1,High
20,4,rain,Heavy,highway,1,0,High
17,1,fog,Heavy,local,1,1,Moderate
4,6,clear,Medium,arterial,1,0,High
3,4,fog,Low,arterial,1,0,High
14,2,rain,Low,local,1,1,Low
1,1,cloudy,Low,arterial,1,1,High
7,6,clear,Heavy,arterial,1,1,Low
3,5,rain,Medium,local,0,0,High
0,0,rain,Heavy,arterial,1,1,High
22,4,cloudy,Medium,arterial,1,1,Moderate
2,0,fog,Medium,local,0,1,High
0,2,clear,Medium,local,1,1,Moderate
22,3,cloudy,Low,local,0,1,Moderate
4,1,clear,Medium,local,1,1,High
19,3,clear,Heavy,arterial,0,1,Moderate
0,3,clear,Low,local,0,1,Moderate
3,4,clear,Low,local,1,0,High
2,5,clear,Medium,arterial,0,1,High
16,1,clear,Heavy,arterial,1,1,Moderate
14,5,clear,Heavy,arterial,0,1,Low
11,1,cloudy,Low,local,0,1,Low
5,0,clear,Heavy,arterial,0,1,Moderate
2,3,clear,Heavy,arterial,0,1,Moderate
13,2,clear,Heavy,local,1,1,Low
5,1,clear,Low,highway,0,1,Moderate
14,2,clear,Heavy,arterial,1,1,Low
16,6,fog,Heavy,arterial,1,1,High
20,4,cloudy,Medium,arterial,1,0,Moderate
11,5,clear,Low,highway,1,1,Low
0,1,clear,Low,highway,0,1,High
6,0,clear,Low,arterial,1,0,Moderate
20,2,cloudy,Heavy,arterial,0,0,High
12,5,fog,Heavy,local,1,1,High
14,6,clear,Heavy,arterial,0,1,Low
10,0,clear,Medium,highway,1,0,Moderate
3,3,cloudy,Heavy,arterial,0,1,High
21,2,clear,Heavy,highway,1,1,Moderate
18,5,clear,Low,arterial,0,1,Low
23,1,cloudy,Low,local,0,1,Moderate
20,3,cloudy,Heavy,arterial,1,1,Moderate
6,5,clear,Medium,arterial,1,0,Low
6,3,rain,Low,local,1,1,Moderate
5,5,clear,Heavy,arterial,0,1,Low
22,4,clear,Low,highway,1,1,High
13,4,cloudy,Medium,arterial,1,1,Low
10,1,cloudy,Heavy,local,0,1,Low
23,6,cloudy,Low,arterial,0,1,High
14,1,cloudy,Low,arterial,1,0,Low
21,6,cloudy,Medium,highway,0,1,Low
23,6,rain,Heavy,arterial,1,1,High
1,3,cloudy,Low,arterial,0,1,Moderate
8,6,clear,Medium,highway,0,1,Low
17,5,rain,Medium,arterial,1,1,Moderate
19,5,clear,Heavy,local,1,1,Moderate
3,0,rain,Medium,arterial,1,0,High
7,0,clear,Low,arterial,0,1,Low
13,0,clear,Low,local,1,1,Low
19,0,cloudy,Low,arterial,0,1,Low
2,5,cloudy,Low,arterial,0,1,High
14,1,clear,Low,highway,0,0,Low
7,0,clear,Heavy,arterial,1,0,Low
5,6,rain,Heavy,arterial,1,1,Moderate
12,1,fog,Low,local,1,1,Moderate
9,5,clear,Heavy,arterial,1,1,Moderate
15,6,clear,Medium,highway,1,1,Moderate
7,3,clear,Heavy,local,1,0,Low
19,6,clear,Heavy,arterial,0,0,Low
1,6,clear,Low,highway,0,1,High
20,1,rain,Medium,local,1,0,High
0,1,clear,Low,local,0,0,High
17,2,clear,Heavy,local,0,0,Low
8,3,clear,Low,arterial,1,0,Low
9,5,clear,Medium,highway,0,1,Low
0,1,clear,Low,arterial,0,0,High
16,1,clear,Medium,highway,0,0,Low
3,2,clear,Medium,local,1,0,High
15,1,cloudy,Heavy,highway,1,1,Moderate
17,6,clear,Low,highway,0,1,Low
20,2,cloudy,Low,arterial,0,1,Low
16,6,rain,Low,arterial,1,1,Low
7,0,clear,Low,arterial,1,1,Low
17,0,clear,Low,arterial,1,1,Low
19,5,rain,Medium,arterial,0,1,Moderate
7,1,clear,Medium,arterial,1,0,Low
2,0,clear,Heavy,arterial,0,0,High
21,4,rain,Medium,arterial,1,1,Moderate
3,1,cloudy,Low,arterial,0,1,Moderate
14,0,fog,Heavy,highway,0,0,Moderate
5,2,clear,Low,highway,0,0,Moderate
3,3,clear,Heavy,local,0,1,Moderate
18,3,clear,Medium,highway,1,1,Low
3,4,clear,Low,local,1,1,High
16,0,clear,Heavy,highway,1,1,Moderate
16,2,clear,Medium,local,1,0,Low
1,2,clear,Heavy,arterial,1,1,Moderate
4,2,clear,Medium,arterial,0,1,Low
19,3,clear,Medium,arterial,0,0,Low
12,1,clear,Medium,local,0,0,Low
2,4,cloudy,Medium,local,0,0,Moderate
23,6,clear,Heavy,arterial,0,1,High
6,4,rain,Low,local,1,1,Moderate
0,2,clear,Medium,highway,0,1,High
22,3,clear,Low,local,1,1,Moderate
0,4,fog,Medium,local,1,1,High
13,5,rain,Low,local,0,1,Low
23,2,clear,Low,highway,1,1,High
13,0,clear,Medium,local,0,1,Low
14,4,rain,Heavy,highway,0,0,Moderate
9,4,clear,Heavy,local,0,0,Low
3,0,clear,Low,arterial,1,1,High
13,4,clear,Medium,arterial,1,0,Low
21,0,clear,Low,arterial,1,0,Moderate
2,4,rain,Medium,highway,1,1,High
21,5,cloudy,Medium,arterial,1,0,Moderate
9,0,clear,Low,highway,1,0,Low
12,5,clear,Medium,arterial,1,1,Low
3,0,clear,Low,arterial,0,0,High
14,1,cloudy,Low,arterial,0,1,Low
4,4,rain,Heavy,arterial,0,1,High
6,2,clear,Heavy,local,1,0,Moderate
17,6,rain,Medium,highway,1,0,High
1,6,clear,Low,local,0,0,High
10,6,cloudy,Low,arterial,1,1,Low
14,0,clear,Low,highway,1,1,Low
3,1,clear,Heavy,highway,0,1,High
7,1,clear,Heavy,local,1,1,Moderate
8,4,rain,Medium,arterial,0,1,Low
15,3,clear,Medium,arterial,0,1,Low
23,5,clear,Low,local,0,0,Moderate
20,1,rain,Heavy,arterial,0,1,Moderate
4,1,rain,Low,arterial,1,0,High
0,4,clear,Heavy,highway,0,1,High
1,4,clear,Heavy,arterial,0,1,Moderate
14,4,rain,Low,arterial,0,1,Low
3,2,clear,Heavy,highway,0,1,Moderate
5,3,clear,Heavy,local,0,1,Low
20,6,clear,Medium,highway,1,0,Low
20,4,clear,Low,highway,1,0,High
20,6,cloudy,Low,arterial,1,1,Moderate
6,3,rain,Low,local,1,1,Moderate
14,0,clear,Medium,arterial,0,0,Low
14,5,fog,Low,highway,0,0,Moderate
4,3,cloudy,Heavy,highway,1,1,High
13,0,cloudy,Medium,local,1,1,Low
12,0,clear,Medium,local,1,1,Low
9,2,clear,Heavy,arterial,1,0,Moderate
18,1,cloudy,Medium,local,0,0,Low
16,4,cloudy,Medium,local,0,1,Low
12,4,clear,Heavy,arterial,0,1,Low
17,2,clear,Medium,local,0,1,Low
18,0,clear,Medium,highway,0,0,Low
13,0,clear,Medium,local,1,0,Low
6,6,clear,Medium,arterial,0,1,Low
18,2,clear,Heavy,local,0,1,Low
17,0,clear,Medium,arterial,1,1,Low
23,4,rain,Low,arterial,1,0,High
3,6,rain,Heavy,local,0,1,High
10,0,clear,Medium,arterial,1,1,Low
22,6,clear,Heavy,arterial,1,1,High
12,5,clear,Low,highway,1,1,Moderate
22,1,clear,Medium,local,0,1,Moderate
0,5,rain,Heavy,highway,0,0,High
0,2,clear,Medium,arterial,1,1,Moderate
19,4,rain,Low,local,0,1,Moderate
8,0,clear,Heavy,local,0,1,Low
12,1,fog,Low,arterial,0,0,Moderate
10,5,rain,Medium,arterial,0,1,Low
9,5,cloudy,Low,arterial,0,0,Moderate
22,0,fog,Low,highway,1,0,High
2,1,clear,Low,local,1,1,Moderate
18,4,clear,Medium,local,0,1,Low
21,6,clear,Heavy,local,1,1,Low
15,4,rain,Low,local,1,1,Moderate
9,4,rain,Medium,local,0,1,Low
3,2,clear,Medium,arterial,1,0,High
16,0,cloudy,Heavy,arterial,0,1,Low
11,5,clear,Heavy,arterial,1,0,Low
3,5,clear,Heavy,highway,0,1,High
8,3,cloudy,Heavy,highway,1,1,High
23,3,clear,Medium,highway,0,1,Moderate
6,1,clear,Low,arterial,1,1,Moderate
4,3,rain,Heavy,arterial,0,1,High
16,1,clear,Heavy,highway,0,1,Low
4,2,clear,Low,highway,0,0,High
22,0,clear,Low,local,0,0,High
20,4,clear,Medium,arterial,0,0,Low
23,1,cloudy,Low,local,0,1,Moderate
21,5,rain,Heavy,highway,0,0,High
5,3,clear,Low,arterial,0,1,Low
5,6,rain,Low,highway,0,0,Moderate
8,1,rain,Low,local,1,1,Low
11,1,rain,Medium,local,0,0,Low
21,1,cloudy,Heavy,arterial,1,1,Moderate
17,4,clear,Medium,highway,0,1,Moderate
15,0,rain,Low,highway,0,1,Moderate
21,4,clear,Heavy,highway,0,1,Moderate
15,5,clear,Medium,arterial,1,1,Low
9,4,clear,Low,highway,0,1,Low
9,0,clear,Low,highway,0,0,Low
12,3,clear,Medium,arterial,1,0,Low
2,3,rain,Medium,local,0,1,High
17,2,clear,Medium,highway,0,1,Low
15,3,clear,Low,highway,1,0,Low
17,5,fog,Heavy,highway,0,1,Moderate
12,5,clear,Low,highway,0,0,Low
18,2,clear,Low,highway,0,1,Low
22,2,rain,Medium,local,0,0,High
13,1,fog,Medium,local,0,1,Moderate
10,2,cloudy,Heavy,highway,0,1,Moderate
2,3,clear,Medium,highway,1,1,High
18,4,clear,Low,highway,1,1,Moderate
21,1,rain,Heavy,highway,1,0,High
16,1,rain,Medium,local,1,1,Moderate
20,0,clear,Medium,arterial,0,1,Low
20,0,rain,Low,arterial,0,1,Moderate
19,0,cloudy,Low,highway,0,0,Moderate
12,1,clear,Heavy,highway,1,0,Moderate
2,4,clear,Heavy,highway,1,1,High
0,5,clear,Heavy,local,1,1,High
4,6,fog,Heavy,local,0,1,High
10,3,clear,Medium,highway,1,1,Low
17,3,cloudy,Medium,highway,1,1,Moderate
10,6,clear,Low,local,0,1,Low
0,1,rain,Heavy,arterial,1,1,High
5,4,clear,Heavy,highway,0,1,Moderate
23,5,rain,Heavy,local,1,1,High
23,3,clear,Medium,local,0,0,Moderate
9,1,rain,Low,arterial,0,0,Low
19,4,cloudy,Heavy,local,1,1,Moderate
17,6,clear,Heavy,local,0,0,Low
22,1,fog,Medium,arterial,1,0,High
21,3,clear,Low,local,0,1,Low
15,0,rain,Heavy,arterial,0,1,Moderate
9,1,clear,Medium,highway,1,1,Low
15,5,cloudy,Medium,local,0,0,Low
7,3,rain,Heavy,highway,1,1,High
8,1,rain,Medium,highway,1,1,Moderate
14,2,clear,Medium,local,0,1,Low
13,0,clear,Heavy,arterial,0,1,Low
13,5,rain,Medium,highway,0,1,Moderate
9,6,clear,Low,local,0,0,Low
9,0,fog,Low,highway,1,1,Moderate
0,1,clear,Heavy,highway,0,1,High
14,5,clear,Low,arterial,0,1,Low
13,6,rain,Heavy,local,0,1,Low
22,5,clear,Medium,arterial,0,1,Moderate
12,5,clear,Medium,arterial,0,1,Low
11,6,clear,Low,local,0,1,Low
1,2,fog,Medium,arterial,1,1,High
4,6,cloudy,Medium,arterial,1,1,High
8,6,fog,Heavy,arterial,0,1,Moderate
9,1,clear,Low,local,0,1,Low
8,0,clear,Medium,local,1,1,Moderate
9,3,clear,Heavy,highway,1,1,Moderate
18,5,clear,Medium,local,1,1,Low
3,5,clear,Heavy,arterial,1,1,High
7,0,clear,Heavy,local,0,1,Low
3,2,clear,Medium,highway,0,1,High
7,5,cloudy,Medium,local,1,1,Low
16,0,clear,Medium,local,1,1,Low
1,5,clear,Low,local,1,0,High
8,2,clear,Low,local,1,1,Low
0,0,clear,Medium,highway,1,1,Moderate
22,1,rain,Heavy,local,0,0,High
17,5,rain,Medium,local,0,1,Low
5,6,rain,Medium,local,0,1,Moderate
4,0,clear,Heavy,arterial,0,1,Moderate
2,3,clear,Medium,arterial,0,0,High
11,1,rain,Low,arterial,0,1,Moderate
18,4,fog,Low,arterial,1,1,Moderate
14,5,clear,Heavy,local,1,0,Moderate
21,6,clear,Medium,arterial,1,0,Moderate
8,2,rain,Medium,arterial,1,1,Moderate
6,2,fog,Heavy,highway,0,1,Moderate
11,2,clear,Medium,highway,1,1,Low
4,5,clear,Medium,arterial,1,1,High
23,3,rain,Medium,highway,0,1,High
4,0,cloudy,Low,arterial,1,0,High
11,6,clear,Low,local,0,1,Low
12,0,clear,Medium,local,0,1,Low
1,6,cloudy,Low,arterial,0,0,High
11,1,cloudy,Heavy,arterial,0,0,Low
10,3,rain,Low,highway,0,0,Moderate
6,2,clear,Medium,local,1,1,Low
3,4,clear,Medium,arterial,1,1,High
1,2,cloudy,Medium,local,0,1,Low
0,2,clear,Low,local,1,1,High
11,3,clear,Heavy,highway,1,1,Moderate
2,6,clear,Medium,local,1,0,High
23,1,clear,Low,local,1,1,Moderate
5,1,rain,Low,local,0,1,Moderate
15,0,clear,Heavy,arterial,1,1,Low
16,5,rain,Medium,arterial,1,1,Moderate
11,4,cloudy,Medium,highway,1,0,Low
21,4,clear,Low,highway,0,1,Moderate
2,0,rain,Medium,local,0,1,Moderate
5,5,clear,Low,arterial,1,0,Moderate
6,5,rain,Low,highway,0,1,Moderate
3,6,clear,Heavy,arterial,1,1,High
7,6,fog,Heavy,arterial,0,1,Moderate
7,1,clear,Medium,arterial,1,0,Low
18,4,cloudy,Low,highway,1,1,Moderate
7,2,clear,Medium,arterial,0,1,Low
21,4,clear,Heavy,local,1,1,Moderate
18,2,clear,Medium,arterial,0,0,Low
21,4,clear,Low,arterial,0,1,Moderate
2,6,clear,Medium,local,0,1,High
23,4,clear,Medium,highway,0,0,High
14,6,cloudy,Low,local,0,1,Low
23,6,clear,Heavy,arterial,0,1,High
8,0,clear,Low,arterial,1,0,Low
22,6,fog,Medium,highway,1,0,High
14,5,cloudy,Medium,highway,1,1,Low
1,2,clear,Medium,local,1,1,Moderate
9,4,clear,Low,highway,1,1,Low
3,4,clear,Medium,arterial,1,1,Moderate
22,5,cloudy,Heavy,arterial,1,1,High
7,5,rain,Heavy,highway,0,0,Moderate
5,0,cloudy,Low,local,1,1,Moderate
13,0,fog,Low,arterial,1,0,Low
10,1,cloudy,Heavy,local,0,0,Low
2,3,fog,Medium,highway,0,1,High
19,5,cloudy,Medium,highway,1,1,Moderate
20,4,cloudy,Heavy,arterial,1,1,Moderate
17,0,cloudy,Low,arterial,1,0,Moderate
14,5,rain,Heavy,local,1,0,High
9,3,clear,Medium,arterial,1,1,Low
13,2,clear,Heavy,arterial,0,0,Low
12,5,clear,Medium,highway,1,1,Moderate
3,2,clear,Heavy,arterial,0,1,Moderate
1,4,rain,Low,highway,0,0,High
6,1,cloudy,Low,highway,1,0,Moderate
10,2,clear,Medium,arterial,0,1,Low
3,3,clear,Heavy,local,1,1,High
2,4,clear,Medium,highway,0,0,High
20,6,rain,Medium,arterial,0,1,High
8,2,rain,Low,arterial,0,0,Low
14,6,clear,Medium,arterial,0,1,Low
12,5,clear,Medium,highway,1,0,Moderate
17,2,fog,Medium,local,0,1,Moderate
17,0,cloudy,Heavy,arterial,1,0,Moderate
7,1,rain,Low,arterial,0,0,Low
20,4,clear,Medium,arterial,1,0,Moderate
8,5,clear,Low,arterial,0,1,Low
20,4,cloudy,Low,local,1,1,Moderate
9,5,clear,Low,local,0,0,Low
2,0,rain,Heavy,arterial,0,0,High
18,3,rain,Low,highway,0,1,High
0,6,clear,Low,arterial,1,0,High
18,2,clear,Medium,highway,0,1,Moderate
1,6,rain,Medium,arterial,0,1,High
4,0,fog,Heavy,arterial,0,1,High
14,6,clear,Heavy,arterial,0,1,Moderate
22,5,rain,Medium,local,0,0,High
9,4,clear,Low,local,1,1,Low
2,4,rain,Low,arterial,1,1,High
5,6,cloudy,Low,arterial,0,1,Low
21,2,clear,Medium,highway,1,1,Moderate
17,1,cloudy,Low,local,1,0,Low
2,6,cloudy,Heavy,highway,1,0,High
9,0,cloudy,Heavy,arterial,0,0,Low
6,4,clear,Heavy,arterial,1,1,Moderate
4,1,cloudy,Medium,arterial,0,0,High
20,6,rain,Heavy,highway,0,0,High
14,6,clear,Low,local,1,1,Moderate
4,3,clear,Heavy,arterial,0,1,Moderate
15,3,rain,Medium,highway,1,0,Moderate
9,3,cloudy,Medium,local,1,0,Low
1,2,clear,Low,arterial,0,1,High
10,6,rain,Medium,local,1,1,Moderate
4,2,clear,Low,arterial,0,1,High
5,6,rain,Low,highway,0,1,Moderate
21,4,clear,Medium,highway,1,1,Moderate
17,6,clear,Low,arterial,1,1,Low
3,4,fog,Low,highway,1,1,High
20,5,rain,Heavy,local,1,0,High
13,3,clear,Low,highway,1,1,Low
20,3,rain,Medium,highway,1,0,High
17,1,fog,Low,local,1,1,Low
8,1,rain,Heavy,local,1,1,High
12,0,clear,Heavy,local,1,1,Low
12,2,clear,Medium,highway,0,1,Moderate
17,6,rain,Heavy,highway,1,1,High
5,6,rain,Medium,local,1,0,High
7,4,clear,Medium,local,0,1,Low
5,2,clear,Low,arterial,0,1,Low
7,3,clear,Heavy,local,1,1,Low
3,5,clear,Heavy,local,1,0,High
0,0,cloudy,Low,arterial,0,0,High
22,6,clear,Low,local,0,0,High
1,6,cloudy,Medium,highway,1,1,High
21,6,cloudy,Low,arterial,1,0,Moderate
0,0,clear,Low,highway,1,0,High
18,6,rain,Heavy,arterial,1,1,Moderate
7,4,clear,Heavy,highway,0,1,Low
12,3,clear,Medium,local,0,1,Low
6,1,clear,Low,local,0,1,Low
11,3,clear,Medium,highway,0,0,Low
10,2,clear,Heavy,arterial,0,1,Low
12,6,fog,Heavy,arterial,0,1,Moderate
9,2,clear,Heavy,highway,0,1,Moderate
12,1,clear,Heavy,arterial,1,1,Moderate
19,6,rain,Medium,highway,1,1,High
10,1,rain,Low,arterial,0,1,Low
8,6,clear,Heavy,local,1,0,Low
3,6,clear,Medium,arterial,1,1,Moderate
8,2,clear,Heavy,local,0,0,Low
3,4,clear,Heavy,local,1,1,Moderate
4,5,clear,Low,local,1,1,High
22,3,cloudy,Low,arterial,0,1,High
2,4,clear,Heavy,highway,1,1,High
11,0,clear,Medium,highway,1,1,Moderate
20,3,rain,Low,highway,0,1,High
22,3,clear,Medium,highway,1,1,High
3,3,clear,Low,arterial,1,1,High
3,6,rain,Medium,arterial,1,0,High
8,5,clear,Medium,arterial,1,1,Low
13,4,clear,Medium,highway,0,1,Low
23,2,clear,Heavy,local,0,1,Moderate
4,2,cloudy,Low,highway,1,1,High
3,0,cloudy,Heavy,local,0,1,Moderate
6,3,clear,Heavy,local,1,1,Low
20,1,clear,Heavy,arterial,0,0,Moderate
0,6,clear,Heavy,highway,1,1,High
9,5,clear,Low,arterial,1,0,Low
2,6,rain,Medium,local,0,1,High
3,6,fog,Low,local,0,0,High
22,2,clear,Medium,highway,1,0,High
0,2,clear,Low,arterial,0,1,Moderate
7,4,rain,Low,local,1,1,Low
21,3,clear,Heavy,highway,1,0,High
14,1,clear,Heavy,local,1,0,Moderate
1,4,fog,Medium,local,1,1,High
11,3,clear,Medium,arterial,0,1,Low
23,6,clear,Heavy,highway,1,1,High
9,1,clear,Heavy,arterial,1,0,Low
12,3,cloudy,Low,arterial,1,1,Low
12,3,cloudy,Low,arterial,0,1,Low
15,6,clear,Heavy,arterial,0,0,Low
4,4,cloudy,Low,arterial,1,1,High
20,0,clear,Heavy,highway,0,0,Moderate
23,2,fog,Medium,highway,1,1,High
3,6,clear,Medium,arterial,1,0,High
19,1,clear,Low,highway,1,0,Moderate
19,2,cloudy,Heavy,local,0,0,Low
17,1,clear,Medium,arterial,1,1,Low
8,5,cloudy,Heavy,highway,1,1,Moderate
11,0,clear,Medium,local,0,0,Low
20,2,clear,Heavy,arterial,1,1,Moderate
3,4,clear,Low,local,1,1,High
19,6,clear,Low,highway,0,1,Moderate
22,1,clear,Heavy,arterial,1,0,High
16,2,clear,Low,highway,1,1,Low
8,0,clear,Low,local,0,1,Low
13,3,rain,Low,arterial,1,1,Moderate
1,6,cloudy,Heavy,highway,1,1,High
22,2,clear,Heavy,arterial,1,0,High
8,1,clear,Heavy,local,0,1,Low
1,2,clear,Low,local,1,0,High
19,6,clear,Low,highway,0,0,High
15,3,clear,Low,highway,1,1,Moderate
14,4,clear,Heavy,arterial,0,1,Moderate
1,5,fog,Medium,arterial,0,1,High
18,5,rain,Low,local,1,1,Moderate
15,4,clear,Low,local,0,1,Low
19,3,clear,Low,highway,0,1,Moderate
19,3,clear,Heavy,arterial,1,0,Moderate
5,1,clear,Medium,highway,0,0,Moderate
5,2,clear,Medium,local,1,1,Low
22,5,clear,Medium,arterial,1,0,High
12,0,clear,Low,local,1,1,Low
10,5,clear,Medium,arterial,0,0,Low
6,3,cloudy,Heavy,local,1,1,Low
15,2,clear,Low,arterial,1,0,Low
18,0,fog,Medium,arterial,0,1,Low
0,5,clear,Heavy,arterial,0,0,High
13,0,clear,Medium,arterial,1,1,Low
23,3,clear,Medium,highway,1,0,High
6,1,clear,Heavy,local,0,1,Low
6,6,clear,Low,local,0,1,Low
21,1,clear,Low,local,1,1,Low
1,5,clear,Medium,local,0,1,High
9,4,clear,Low,arterial,1,0,Low
10,0,clear,Medium,highway,1,0,Moderate
19,5,cloudy,Heavy,highway,1,0,High
3,6,cloudy,Low,highway,0,1,High
10,1,cloudy,Heavy,arterial,1,1,Moderate
3,6,fog,Heavy,highway,0,1,High
18,5,clear,Low,local,0,1,Moderate
15,5,rain,Medium,arterial,1,1,Moderate
11,2,clear,Low,local,1,1,Low
9,0,clear,Heavy,arterial,0,0,Low
3,3,cloudy,Medium,arterial,1,1,Moderate
22,5,clear,Heavy,arterial,1,1,High
15,4,clear,Heavy,arterial,1,1,Low
7,4,clear,Medium,arterial,0,1,Low
9,5,clear,Heavy,local,1,1,Low
17,2,clear,Low,local,1,1,Low
17,0,rain,Low,local,0,0,Moderate
11,6,clear,Medium,arterial,0,0,Low
7,4,clear,Heavy,local,0,1,Low
15,3,clear,Low,arterial,1,1,Low
15,4,rain,Medium,arterial,1,1,Moderate
14,5,fog,Heavy,local,0,1,Low
1,5,cloudy,Low,arterial,1,1,High
11,4,clear,Medium,arterial,0,1,Low
14,5,clear,Low,local,1,1,Low
22,2,clear,Low,arterial,0,1,High
12,4,rain,Low,arterial,1,1,Moderate
8,6,clear,Heavy,arterial,1,1,Moderate
13,1,rain,Low,local,0,1,Moderate
4,3,clear,Medium,arterial,1,1,High
2,4,rain,Heavy,local,1,0,High
16,3,clear,Medium,local,0,1,Low
23,6,clear,Medium,arterial,1,0,High
20,2,clear,Medium,arterial,1,1,Moderate
14,1,cloudy,Heavy,arterial,0,1,Low
0,0,rain,Heavy,local,0,1,High
23,5,clear,Low,arterial,1,0,High
10,4,fog,Medium,highway,0,1,Moderate
6,4,clear,Medium,highway,0,1,Moderate
21,3,clear,Medium,arterial,0,0,Low
17,2,clear,Medium,arterial,1,1,Low
17,6,clear,Heavy,arterial,1,0,Moderate
6,4,rain,Heavy,arterial,0,1,High
23,6,clear,Medium,arterial,1,1,Moderate
10,5,clear,Low,arterial,0,1,Low
12,5,clear,Medium,arterial,1,0,Low
18,3,cloudy,Medium,arterial,1,1,Low
15,1,fog,Medium,arterial,0,1,Moderate
4,4,rain,Heavy,arterial,0,0,High
7,5,clear,Heavy,local,1,1,Moderate
8,3,clear,Heavy,local,1,1,Moderate
22,0,clear,Heavy,arterial,0,1,Low
17,6,rain,Medium,local,0,1,Low
8,5,clear,Low,local,1,1,Low
17,2,fog,Heavy,local,0,0,Moderate
17,3,rain,Medium,local,1,1,Moderate
9,0,cloudy,Low,local,0,1,Low
9,6,rain,Low,arterial,0,0,Low
21,1,clear,Heavy,local,0,0,Low
13,2,clear,Low,highway,1,1,Low
3,2,clear,Heavy,arterial,1,1,High
17,1,clear,Medium,highway,0,1,Low
14,4,cloudy,Low,arterial,0,1,Low
12,6,clear,Heavy,local,1,1,Low
17,5,rain,Heavy,arterial,0,1,High
21,3,rain,Low,local,1,1,Moderate
7,0,clear,Low,local,1,0,Low
10,6,clear,Medium,local,0,0,Low
4,1,clear,Low,arterial,0,0,High
15,6,clear,Low,arterial,0,1,Low
9,2,cloudy,Heavy,local,0,0,Low
8,3,cloudy,Low,local,0,1,Low
16,3,cloudy,Medium,local,0,1,Low
9,3,clear,Low,highway,0,1,Low
11,1,rain,Low,highway,0,1,Moderate
10,3,cloudy,Medium,highway,0,1,Low
6,2,fog,Low,highway,1,0,High
3,5,rain,Heavy,arterial,1,1,High
19,3,cloudy,Heavy,arterial,1,0,Moderate
2,6,clear,Medium,local,1,1,High
7,2,rain,Heavy,local,1,0,High
16,2,clear,Low,arterial,0,1,Low
3,0,clear,Medium,local,0,1,Moderate
15,5,clear,Heavy,local,0,0,Low
17,0,clear,Medium,local,0,1,Low
15,1,clear,Heavy,local,0,1,Low
7,6,clear,Medium,local,1,1,Low
0,4,rain,Heavy,arterial,1,1,High
21,3,cloudy,Low,arterial,0,0,Low
7,5,fog,Low,arterial,0,1,Low
19,5,rain,Medium,arterial,0,1,Moderate
4,6,clear,Heavy,local,0,0,High
3,4,rain,Low,highway,1,1,High
18,3,cloudy,Low,arterial,1,1,Low
22,0,clear,Heavy,local,0,1,Moderate
20,2,fog,Medium,local,0,1,High
18,4,rain,Medium,arterial,1,1,Moderate
5,1,clear,Low,local,1,1,Low
21,4,rain,Heavy,highway,1,1,High
16,0,clear,Heavy,arterial,1,1,Low
4,0,rain,Heavy,local,0,1,High
3,2,cloudy,Low,arterial,1,1,High
20,1,clear,Medium,local,0,1,Low
6,6,rain,Medium,highway,1,0,High
18,2,clear,Heavy,arterial,1,1,Moderate
3,2,clear,Heavy,local,0,1,Low
6,2,rain,Heavy,highway,0,1,Moderate
6,2,rain,Medium,local,1,1,Moderate
6,6,clear,Low,arterial,1,1,Low
16,5,cloudy,Heavy,local,1,1,Low
21,1,clear,Medium,arterial,1,0,Moderate
21,1,clear,Low,local,0,0,Low
17,0,cloudy,Heavy,local,1,1,Moderate
4,1,clear,Low,local,1,1,High
23,4,clear,Heavy,local,1,1,Moderate
13,6,fog,Heavy,arterial,0,1,Moderate
13,3,rain,Low,arterial,0,0,Moderate
16,0,cloudy,Heavy,arterial,0,1,Low
18,0,cloudy,Medium,arterial,1,1,Moderate
22,2,rain,Medium,arterial,1,0,High
13,1,rain,Heavy,arterial,0,1,Moderate
14,4,clear,Heavy,arterial,0,0,Low
17,0,clear,Medium,local,0,0,Low
6,1,clear,Heavy,local,0,1,Moderate
7,3,clear,Medium,arterial,1,1,Low
15,1,clear,Heavy,local,1,0,Moderate
1,2,cloudy,Low,local,1,1,High
7,1,rain,Medium,highway,1,1,High
17,0,rain,Low,arterial,0,1,Moderate
23,2,clear,Heavy,highway,1,1,Moderate
12,2,clear,Heavy,highway,1,1,Moderate
9,6,clear,Low,arterial,1,0,Low
10,6,clear,Medium,arterial,0,1,Low
16,3,clear,Medium,local,0,0,Low
13,2,fog,Low,local,0,1,Low
0,2,clear,Low,local,1,1,High
12,4,rain,Heavy,arterial,1,1,High
9,2,clear,Low,highway,0,1,Low
16,5,clear,Medium,highway,0,1,Low
21,6,rain,Heavy,highway,0,0,Moderate
23,2,fog,Low,arterial,0,1,High
14,0,clear,Medium,arterial,0,1,Low
8,0,rain,Heavy,arterial,1,0,High
10,6,clear,Heavy,highway,0,0,Moderate
4,2,rain,Low,highway,0,1,High
22,2,clear,Low,highway,0,1,High
20,4,clear,Heavy,highway,0,1,Low
20,6,cloudy,Low,highway,0,0,Low
7,2,rain,Medium,highway,0,1,Moderate
7,2,rain,Low,arterial,0,1,Moderate
20,6,clear,Heavy,local,1,1,Low
13,0,rain,Medium,arterial,0,1,Low
16,5,clear,Medium,arterial,1,1,Moderate
11,3,clear,Heavy,arterial,1,0,Low
10,0,clear,Low,arterial,1,1,Low
15,1,clear,Medium,local,0,1,Low
19,4,clear,Heavy,arterial,1,0,Moderate
8,5,cloudy,Medium,local,0,1,Low
19,1,clear,Low,highway,1,1,Moderate
5,4,cloudy,Heavy,local,0,0,Low
9,6,clear,Low,arterial,0,1,Low
21,4,cloudy,Medium,arterial,1,1,Moderate
22,4,clear,Low,highway,0,1,Moderate
22,1,clear,Heavy,highway,1,1,High
7,4,cloudy,Low,arterial,0,0,Low
20,4,fog,Low,local,1,1,High
22,0,fog,Medium,local,1,0,High
23,2,clear,Low,local,1,1,Moderate
0,6,fog,Heavy,arterial,0,1,High
17,6,cloudy,Medium,arterial,1,1,Moderate
23,1,rain,Medium,local,0,1,High
18,5,clear,Low,arterial,0,1,Low
5,3,clear,Heavy,arterial,1,1,Moderate
18,4,clear,Low,arterial,0,1,Low
2,3,rain,Medium,arterial,0,0,High
11,6,clear,Low,local,1,1,Low
15,3,clear,Heavy,highway,1,1,Moderate
10,4,cloudy,Medium,highway,0,1,Low
16,4,fog,Low,highway,0,1,Moderate
5,3,cloudy,Low,arterial,1,1,Moderate
14,6,cloudy,Medium,arterial,0,1,Low
15,1,clear,Low,arterial,1,1,Low
15,6,rain,Medium,arterial,0,0,Low
6,4,clear,Low,highway,0,1,Low
7,6,clear,Low,local,0,1,Low
6,2,clear,Heavy,highway,0,0,Moderate
11,3,clear,Medium,local,1,1,Low
14,0,cloudy,Low,local,0,1,Low
8,6,cloudy,Medium,arterial,1,1,Low
9,5,clear,Heavy,local,1,0,Low
6,2,clear,Heavy,highway,0,1,Moderate
5,0,clear,Heavy,arterial,1,1,Moderate
15,4,clear,Heavy,local,0,1,Low
19,4,rain,Low,highway,1,1,High
6,3,cloudy,Low,local,0,1,Low
20,1,clear,Low,highway,0,1,Moderate
13,6,clear,Low,highway,1,1,Moderate
4,3,rain,Heavy,arterial,0,1,High
8,5,rain,Low,highway,1,1,Moderate
0,6,rain,Medium,highway,1,0,High
0,3,clear,Low,arterial,1,1,High
8,0,clear,Heavy,local,1,1,Low
10,6,clear,Heavy,local,0,1,Low
19,4,rain,Heavy,local,0,1,Moderate
3,6,clear,Medium,local,0,0,Moderate
20,4,cloudy,Heavy,arterial,1,1,High
5,6,clear,Heavy,local,1,1,Low
3,6,rain,Medium,arterial,1,1,High
16,1,clear,Medium,local,0,0,Low
18,1,rain,Low,arterial,1,1,Moderate
14,1,clear,Heavy,local,0,1,Low
2,5,rain,Heavy,local,1,1,High
2,1,clear,Low,local,0,1,Moderate
9,3,cloudy,Low,highway,1,1,Low
10,5,rain,Low,arterial,0,1,Moderate
23,3,clear,Heavy,arterial,0,1,Moderate
6,0,clear,Medium,local,0,0,Low
4,2,clear,Heavy,local,1,1,High
22,0,clear,Medium,highway,0,1,Moderate
3,2,cloudy,Low,local,1,1,High
0,5,clear,Medium,arterial,0,1,Moderate
10,3,clear,Low,local,0,1,Low
9,4,clear,Medium,local,0,1,Low
14,0,clear,Medium,local,0,1,Low
21,5,clear,Medium,local,1,1,Low
22,2,cloudy,Medium,local,1,0,High
6,2,clear,Medium,arterial,1,1,Low
23,4,rain,Heavy,arterial,1,0,High
15,0,rain,Low,arterial,1,1,Moderate
1,3,clear,Heavy,arterial,0,1,High
22,2,rain,Medium,highway,0,1,High
3,1,cloudy,Medium,arterial,1,1,Moderate
14,6,cloudy,Low,highway,0,1,Moderate
18,2,clear,Low,local,1,1,Low
5,0,cloudy,Heavy,arterial,1,0,Moderate
6,3,clear,Heavy,highway,0,1,Moderate
11,6,clear,Medium,local,1,1,Low
21,4,clear,Low,local,1,1,Low
5,4,clear,Heavy,highway,1,0,Moderate
15,6,cloudy,Heavy,local,1,1,Low
10,0,clear,Medium,highway,0,1,Low
2,3,clear,Low,local,1,0,Moderate
17,2,rain,Medium,local,1,1,Moderate
19,4,clear,Heavy,highway,0,0,Moderate
13,5,clear,Low,local,1,1,Low
4,0,clear,Low,local,0,1,Moderate
3,1,fog,Heavy,local,1,1,High
10,6,cloudy,Medium,highway,0,0,Low
12,3,cloudy,Low,highway,0,1,Low
13,2,rain,Medium,local,1,1,Moderate
5,1,cloudy,Heavy,arterial,1,1,Moderate
12,2,rain,Heavy,local,0,1,Moderate
7,0,cloudy,Low,arterial,0,1,Low
16,1,rain,Heavy,highway,1,1,Moderate
19,1,cloudy,Medium,arterial,0,0,Moderate
15,0,clear,Low,local,1,0,Low
0,6,clear,Low,arterial,1,1,Moderate
23,5,clear,Heavy,arterial,0,0,High
0,6,clear,Low,arterial,1,1,High
23,1,fog,Low,local,1,1,High
0,2,rain,Medium,highway,1,1,High
12,1,rain,Heavy,arterial,0,1,Moderate
2,3,cloudy,Low,local,1,0,High
2,1,rain,Heavy,arterial,1,1,High
16,1,cloudy,Heavy,local,1,1,Low
17,6,clear,Heavy,arterial,0,0,Moderate
2,2,clear,Heavy,local,0,1,High
23,5,clear,Low,highway,0,0,High
7,1,clear,Heavy,arterial,1,0,Moderate
7,6,clear,Medium,highway,0,0,Low
7,4,clear,Medium,arterial,1,1,Low
11,6,clear,Low,local,1,1,Low
4,3,clear,Medium,arterial,1,1,Low
10,6,rain,Low,highway,0,0,Moderate
5,2,clear,Medium,local,1,0,Low
1,3,rain,Low,highway,1,0,High
8,0,clear,Medium,local,0,1,Low
16,1,fog,Low,local,0,1,Moderate
18,5,rain,Medium,local,0,0,Low
8,2,rain,Medium,local,0,0,Low
7,0,clear,Medium,highway,0,0,Low
18,2,cloudy,Heavy,local,1,1,Low
16,2,clear,Medium,highway,0,0,Low
19,5,clear,Heavy,arterial,0,0,Moderate
21,0,rain,Medium,highway,1,1,Moderate
19,0,clear,Heavy,arterial,0,1,Moderate
22,5,clear,Heavy,local,1,1,High
9,0,rain,Medium,local,1,1,Moderate
9,2,clear,Heavy,arterial,0,1,Moderate
7,4,cloudy,Low,arterial,1,0,Moderate
5,3,clear,Heavy,local,0,1,Low
17,0,clear,Medium,arterial,0,1,Low
17,5,clear,Low,local,1,0,Low
19,0,clear,Medium,arterial,0,1,Moderate
4,1,rain,Low,highway,0,1,High
11,0,rain,Heavy,arterial,1,1,Moderate
5,3,clear,Heavy,arterial,1,0,Moderate
21,4,clear,Medium,local,1,1,Low
6,4,rain,Low,highway,0,0,High
3,0,clear,Heavy,highway,0,1,Moderate
13,2,clear,Heavy,highway,0,0,Low
21,1,clear,Heavy,local,0,1,Low
21,2,rain,Medium,arterial,1,0,Moderate
2,1,clear,Medium,highway,0,1,Moderate
7,5,clear,Low,local,1,1,Low
3,5,fog,Heavy,local,0,1,High
7,5,fog,Low,local,1,0,High
12,1,cloudy,Low,highway,0,1,Low
6,0,cloudy,Low,arterial,0,1,Low
1,0,fog,Medium,arterial,0,1,High
12,5,cloudy,Medium,highway,1,1,Low
1,6,rain,Heavy,local,1,1,High
5,1,clear,Heavy,local,0,1,Moderate
0,6,clear,Low,arterial,0,1,High
2,3,rain,Low,local,0,1,High
10,1,cloudy,Medium,local,0,1,Low
20,2,clear,Heavy,arterial,0,1,Moderate
18,1,cloudy,Heavy,highway,1,1,Moderate
2,5,rain,Low,highway,0,1,High
0,1,clear,Low,arterial,1,1,High
8,1,rain,Heavy,local,0,1,Moderate
15,5,clear,Medium,arterial,1,1,Low
17,2,cloudy,Medium,local,1,1,Low
19,1,fog,Low,local,1,0,Moderate
8,5,rain,Low,local,0,1,Low
4,6,rain,Low,arterial,1,1,High
0,3,cloudy,Medium,local,0,0,Moderate
3,5,clear,Heavy,highway,0,1,High
1,5,cloudy,Medium,local,1,1,Moderate
20,4,clear,Medium,arterial,1,1,Moderate
6,5,cloudy,Low,arterial,1,1,Moderate
19,0,clear,Low,local,0,1,Low
13,0,clear,Low,highway,1,1,Moderate
12,6,clear,Low,local,1,1,Moderate
10,0,clear,Heavy,arterial,1,0,Low
19,5,clear,Low,arterial,0,0,Low
1,2,clear,Low,arterial,1,1,High
2,5,clear,Heavy,arterial,0,0,High
10,4,clear,Medium,arterial,1,1,Low
9,0,rain,Low,highway,0,0,Moderate
13,2,clear,Low,local,0,0,Low
17,4,rain,Low,local,1,1,Low
14,6,clear,Low,local,1,0,Low
6,5,rain,Medium,local,1,0,Moderate
7,6,cloudy,Medium,highway,0,1,Low
18,6,rain,Low,arterial,1,0,Moderate
4,6,rain,Heavy,local,1,1,High
12,4,cloudy,Low,arterial,1,1,Low
12,2,clear,Medium,local,0,1,Low
18,3,clear,Low,arterial,0,0,Low
17,5,clear,Low,arterial,0,0,Low
11,2,rain,Medium,arterial,1,1,Moderate
7,5,rain,Low,highway,1,1,Moderate
8,4,clear,Low,arterial,1,1,Low
9,1,cloudy,Medium,arterial,1,0,Low
5,6,clear,Heavy,arterial,0,1,High
15,5,cloudy,Medium,highway,1,1,Low
5,4,cloudy,Low,local,0,1,Low
15,1,clear,Low,local,0,1,Moderate
18,1,rain,Medium,highway,0,1,Moderate
23,5,clear,Low,local,0,1,High
2,0,rain,Low,local,0,1,Moderate
18,3,cloudy,Medium,local,0,1,Low
2,4,clear,Heavy,local,0,0,High
8,1,clear,Heavy,local,0,0,Low
4,6,clear,Low,highway,1,1,High
3,3,cloudy,Heavy,highway,0,0,High
4,0,rain,Medium,highway,0,1,High
1,2,clear,Heavy,arterial,1,1,Moderate
19,2,clear,Medium,highway,0,0,Moderate
1,1,clear,Medium,highway,0,0,High
9,6,clear,Medium,arterial,1,0,Low
16,2,clear,Heavy,arterial,0,0,Low
23,3,cloudy,Medium,highway,0,1,Moderate
20,3,clear,Medium,local,0,1,Low
3,1,rain,Medium,arterial,0,0,High
23,3,clear,Low,arterial,1,0,High
15,2,cloudy,Medium,arterial,0,0,Low
4,0,clear,Low,local,0,0,High
10,2,clear,Low,highway,0,0,Low
22,4,clear,Medium,arterial,1,1,High
9,0,cloudy,Medium,arterial,0,1,Low
4,5,fog,Low,local,0,0,High
21,4,clear,Low,highway,1,0,Moderate
22,2,clear,Medium,local,1,0,Moderate
23,4,cloudy,Heavy,highway,1,1,High
22,2,clear,Medium,arterial,0,1,Moderate
20,4,rain,Heavy,arterial,1,0,High
10,1,clear,Medium,arterial,1,0,Low
4,4,rain,Low,local,0,0,High
14,0,cloudy,Low,arterial,1,1,Moderate
5,0,clear,Medium,local,0,1,Low
11,1,cloudy,Heavy,local,1,0,Moderate
15,1,clear,Low,highway,1,1,Moderate
22,3,cloudy,Medium,arterial,0,1,Moderate
6,1,rain,Medium,arterial,0,1,Moderate
6,1,cloudy,Heavy,local,1,1,Moderate
17,0,clear,Medium,local,0,1,Low
0,6,clear,Low,arterial,1,1,Moderate
13,5,clear,Heavy,highway,0,1,Moderate
17,1,cloudy,Medium,local,1,1,Low
13,0,cloudy,Low,local,0,1,Low
9,5,clear,Heavy,arterial,1,0,Moderate
19,4,rain,Heavy,highway,1,1,High
8,6,rain,Heavy,highway,0,1,Moderate
17,1,cloudy,Medium,highway,0,1,Low
11,2,clear,Heavy,arterial,0,0,Low
0,0,clear,Low,local,0,1,Moderate
12,2,clear,Heavy,arterial,0,1,Low
1,1,rain,Heavy,local,1,1,Moderate
22,0,rain,Medium,arterial,0,1,Moderate
14,3,rain,Low,local,1,1,Low
8,6,clear,Heavy,highway,0,0,Moderate
11,4,cloudy,Medium,highway,0,0,Low
14,5,rain,Heavy,highway,0,1,High
6,5,clear,Heavy,arterial,0,0,Low
6,6,clear,Heavy,local,1,1,Moderate
10,0,clear,Low,arterial,1,1,Low
6,1,cloudy,Heavy,arterial,1,1,Moderate
18,4,clear,Heavy,arterial,0,1,Low
2,5,clear,Medium,local,0,0,Moderate
19,5,clear,Low,highway,0,0,Moderate
8,5,rain,Heavy,highway,0,1,High
13,2,rain,Low,arterial,0,1,Low
3,2,rain,Low,local,1,0,High
9,0,rain,Low,local,1,1,Moderate
18,2,cloudy,Low,local,0,0,Moderate
6,1,rain,Medium,highway,1,1,High
3,6,clear,Low,local,0,1,Moderate
12,0,rain,Medium,highway,0,0,Moderate
3,2,rain,Heavy,highway,1,1,High
7,6,cloudy,Medium,highway,1,0,Moderate
10,6,clear,Medium,local,1,1,Low
13,2,clear,Low,local,0,0,Low
15,3,clear,Medium,highway,0,1,Low
16,3,clear,Medium,arterial,0,1,Low
20,5,clear,Heavy,local,1,1,Moderate
1,5,clear,Heavy,local,0,1,Low
8,3,clear,Medium,highway,0,1,Low
0,2,rain,Low,local,1,1,High
0,2,cloudy,Heavy,arterial,1,0,High
5,4,rain,Heavy,arterial,0,1,Moderate
14,5,clear,Heavy,arterial,0,1,Moderate
21,0,clear,Heavy,local,1,1,Moderate
18,5,clear,Low,arterial,1,1,Low
15,3,rain,Heavy,highway,1,1,Moderate
18,1,clear,Low,local,0,1,Low
4,0,cloudy,Low,arterial,0,0,High
20,2,clear,Medium,local,0,1,Low
21,1,clear,Low,local,0,0,Low
2,0,clear,Medium,arterial,1,0,Moderate
11,2,clear,Low,arterial,1,1,Low
19,5,clear,Low,arterial,1,1,Moderate
11,5,rain,Low,highway,0,1,Low
20,1,clear,Medium,arterial,0,1,Low
22,4,clear,Low,local,0,1,Moderate
11,3,clear,Medium,arterial,0,0,Low
1,5,fog,Medium,local,0,1,High
8,1,cloudy,Low,highway,0,1,Low
5,0,cloudy,Heavy,arterial,1,1,Moderate
11,2,clear,Low,local,0,1,Low
14,6,rain,Heavy,local,1,1,Moderate
11,3,clear,Heavy,highway,0,1,Moderate
4,0,rain,Heavy,local,1,0,High
7,6,rain,Medium,local,0,0,Low
16,5,clear,Heavy,highway,1,0,Low
0,3,clear,Low,arterial,1,0,High
5,5,clear,Heavy,arterial,0,1,Moderate
21,1,clear,Low,highway,0,0,Moderate
2,4,clear,Medium,arterial,0,0,High
9,6,clear,Medium,arterial,0,1,Low
4,3,clear,Heavy,arterial,0,1,High
2,0,cloudy,Heavy,local,1,1,High
10,5,clear,Low,highway,0,1,Low
12,5,cloudy,Low,highway,0,1,Low
4,5,clear,Heavy,arterial,0,1,Moderate
1,4,clear,Heavy,highway,0,1,Moderate
3,0,clear,Low,local,1,1,High
15,0,rain,Heavy,local,1,1,High
20,5,clear,Medium,arterial,1,1,Moderate
4,5,cloudy,Low,local,1,0,High
7,0,rain,Low,arterial,1,1,Moderate
8,4,cloudy,Heavy,local,0,0,Low
8,3,clear,Low,highway,0,1,Low
5,2,clear,Heavy,local,0,1,Low
1,4,cloudy,Low,arterial,1,1,High
12,6,cloudy,Medium,local,1,0,Low
8,5,rain,Low,arterial,0,0,Low
8,1,cloudy,Heavy,local,0,1,Low
6,3,clear,Low,arterial,1,1,Moderate
22,6,rain,Low,arterial,1,0,High
14,1,cloudy,Medium,highway,1,1,Low
10,5,fog,Medium,arterial,0,1,Low
4,3,rain,Medium,arterial,0,0,High
19,3,clear,Low,local,1,0,Low
21,1,cloudy,Low,arterial,0,1,Low
0,6,cloudy,Low,arterial,1,0,High
22,3,clear,Low,local,1,0,High
16,4,clear,Low,local,0,0,Low
2,3,clear,Low,local,1,1,High
18,0,clear,Medium,highway,0,1,Low
2,5,cloudy,Low,local,0,1,High
1,2,clear,Medium,arterial,0,1,Moderate
2,1,rain,Heavy,local,1,1,High
11,5,clear,Heavy,arterial,0,1,Low
14,1,rain,Medium,local,1,0,Moderate
9,4,cloudy,Low,arterial,1,1,Low
2,3,rain,Medium,highway,0,1,High
4,5,clear,Low,arterial,1,1,High
20,0,fog,Medium,highway,0,1,High
23,5,clear,Heavy,arterial,1,0,High
18,1,rain,Medium,highway,0,0,Moderate
2,6,clear,Heavy,highway,0,1,High
19,2,clear,Low,arterial,0,1,Low
16,0,cloudy,Low,highway,0,1,Moderate
12,3,clear,Low,highway,0,1,Moderate
3,0,clear,Low,local,0,1,Moderate
23,1,clear,Low,arterial,0,1,Moderate
10,5,clear,Heavy,arterial,1,0,Low
1,3,fog,Medium,arterial,0,0,High
5,4,cloudy,Heavy,local,0,0,Low
9,6,clear,Heavy,highway,0,1,Moderate
1,3,rain,Heavy,local,1,1,High
7,3,cloudy,Heavy,local,1,0,Low
11,0,cloudy,Low,highway,1,1,Moderate
22,2,cloudy,Heavy,local,0,0,Moderate
2,5,clear,Medium,arterial,1,0,High
13,0,clear,Medium,local,0,1,Low
21,2,rain,Medium,arterial,1,1,Moderate
19,0,rain,Heavy,local,0,1,Moderate
22,6,rain,Heavy,arterial,0,1,High
4,3,clear,Low,arterial,1,1,High
19,4,rain,Low,local,0,1,Moderate
23,4,clear,Low,local,1,1,Moderate
7,1,cloudy,Heavy,local,1,0,Low
11,0,clear,Low,local,1,1,Low
12,2,rain,Medium,highway,0,1,Moderate
11,1,fog,Medium,local,1,1,Moderate
6,2,clear,Heavy,arterial,0,1,Low
23,2,rain,Heavy,local,0,0,High
22,5,cloudy,Medium,arterial,0,1,High
9,2,clear,Medium,local,1,0,Low
19,1,clear,Heavy,highway,1,1,Moderate
9,6,cloudy,Low,arterial,1,0,Low
19,0,clear,Medium,local,1,1,Low
14,1,clear,Heavy,arterial,0,1,Low
11,2,rain,Medium,highway,1,1,High
3,0,cloudy,Heavy,local,1,1,High
15,6,rain,Medium,highway,1,1,Moderate
7,2,cloudy,Medium,arterial,0,0,Low
5,5,clear,Heavy,local,1,0,Moderate
4,0,rain,Heavy,arterial,0,1,Moderate
23,3,clear,Heavy,arterial,0,1,Moderate
2,0,clear,Heavy,highway,1,1,High
19,1,cloudy,Low,highway,0,1,Moderate
20,2,fog,Low,highway,1,1,High
0,6,clear,Heavy,local,0,1,Moderate
14,2,fog,Heavy,highway,0,0,High
13,5,rain,Heavy,local,1,1,Moderate
8,0,clear,Low,arterial,0,1,Low
16,1,clear,Medium,local,1,1,Low
9,4,clear,Medium,highway,1,0,Moderate
10,3,cloudy,Medium,local,1,1,Low
10,3,clear,Medium,local,1,1,Low
19,4,clear,Heavy,arterial,1,1,High
15,0,clear,Medium,local,1,1,Low
9,4,fog,Low,highway,1,1,Moderate
22,6,clear,Medium,highway,1,1,High
19,5,clear,Low,local,1,1,Low
22,1,clear,Medium,arterial,1,1,Moderate
17,2,clear,Heavy,highway,1,1,High
9,6,clear,Medium,arterial,1,1,Low
18,5,rain,Heavy,local,1,0,Moderate
7,6,cloudy,Heavy,local,1,1,Low
6,6,clear,Medium,highway,1,1,Moderate
10,3,rain,Medium,arterial,1,0,Moderate
23,0,clear,Medium,arterial,1,1,Moderate
13,1,rain,Medium,local,0,1,Low
9,2,clear,Low,highway,0,1,Low
11,5,rain,Heavy,highway,1,1,High
6,1,fog,Low,local,0,1,Moderate
15,2,rain,Low,highway,1,0,High
8,5,clear,Medium,arterial,0,0,Low
13,1,clear,Heavy,local,1,1,Low
8,4,rain,Low,local,0,1,Low
7,3,clear,Heavy,arterial,0,0,Low
23,6,clear,Medium,local,0,1,Moderate
8,3,clear,Low,arterial,0,0,Low
1,3,clear,Low,local,1,1,Moderate
9,5,clear,Low,arterial,1,1,Low
12,6,clear,Medium,arterial,1,0,Low
2,5,cloudy,Medium,arterial,1,0,High
7,4,clear,Medium,arterial,1,1,Low
3,6,clear,Low,highway,0,1,High
12,6,clear,Low,arterial,1,1,Moderate
17,5,rain,Low,local,0,1,Low
23,2,cloudy,Heavy,arterial,0,1,High
9,4,cloudy,Medium,local,0,1,Low
20,1,rain,Medium,local,1,1,Moderate
5,3,cloudy,Heavy,arterial,0,1,Moderate
18,3,clear,Low,arterial,1,0,Low
13,6,cloudy,Low,highway,1,1,Moderate
18,3,clear,Medium,highway,0,1,Low
18,6,cloudy,Heavy,local,0,1,Low
12,5,clear,Heavy,arterial,0,1,Low
6,5,rain,Low,arterial,1,1,Moderate
12,1,clear,Low,arterial,0,0,Low
19,5,clear,Medium,highway,0,1,Low
23,1,cloudy,Low,highway,1,0,High
22,4,clear,Heavy,local,0,1,Moderate
4,3,clear,Low,arterial,0,1,Moderate
14,1,rain,Low,arterial,0,0,Low
2,6,rain,Low,highway,0,1,High
16,6,cloudy,Heavy,highway,0,1,Low
23,4,clear,Medium,local,0,1,Moderate
1,0,clear,Low,local,1,1,High
15,1,clear,Medium,arterial,0,1,Low
22,1,cloudy,Low,arterial,1,1,High
20,6,cloudy,Low,arterial,1,1,Moderate
9,2,clear,Heavy,highway,1,0,Moderate
2,0,clear,Medium,arterial,1,1,High
22,4,clear,Medium,arterial,0,1,Low
22,6,clear,Medium,arterial,1,1,Moderate
13,3,clear,Medium,local,0,0,Low
23,3,clear,Heavy,arterial,1,0,High
0,1,clear,Low,arterial,1,1,High
14,6,clear,Medium,local,1,0,Low
0,0,clear,Medium,highway,1,1,Moderate
22,6,clear,Low,highway,1,1,High
16,1,rain,Low,arterial,1,1,Moderate
21,0,clear,Heavy,highway,0,0,Moderate
13,2,clear,Heavy,arterial,0,1,Low
1,0,clear,Low,arterial,0,0,High
0,0,clear,Low,local,0,1,Moderate
8,1,clear,Medium,highway,0,0,Low
17,4,clear,Heavy,local,0,0,Low
3,5,clear,Medium,arterial,0,0,Moderate
20,1,rain,Heavy,local,0,1,Moderate
5,4,rain,Heavy,arterial,0,1,Moderate
11,2,clear,Low,local,0,1,Low
4,3,clear,Low,arterial,0,0,High
11,2,fog,Low,highway,0,1,Moderate
10,6,clear,Heavy,arterial,0,0,Low
0,3,fog,Medium,local,1,1,High
13,3,rain,Heavy,arterial,0,0,Moderate
18,6,clear,Heavy,highway,1,1,Moderate
22,4,clear,Heavy,highway,0,1,Moderate
7,1,clear,Low,arterial,1,1,Low
21,1,rain,Low,arterial,0,1,Moderate
21,2,clear,Heavy,local,0,0,Low
23,0,cloudy,Medium,arterial,1,1,Moderate
8,4,clear,Heavy,local,1,1,Low
20,3,rain,Low,local,1,1,Moderate
13,0,rain,Medium,highway,0,1,Moderate
1,2,clear,Medium,highway,1,1,Moderate
6,5,clear,Low,highway,1,1,Moderate
16,6,clear,Medium,local,0,1,Low
3,6,rain,Heavy,highway,0,0,High
10,6,cloudy,Medium,arterial,1,1,Low
18,4,clear,Medium,highway,0,0,Moderate
3,6,rain,Heavy,arterial,1,1,High
11,6,clear,Heavy,highway,1,0,Moderate
5,4,clear,Heavy,local,1,1,Moderate
12,2,rain,Medium,arterial,1,0,Moderate
5,6,clear,Medium,local,1,0,Low
23,2,rain,Medium,local,0,1,High
1,1,clear,Heavy,local,0,1,Moderate
23,0,cloudy,Heavy,arterial,1,1,High
19,3,clear,Medium,highway,0,1,Moderate
20,0,clear,Low,highway,1,1,Moderate
20,0,clear,Heavy,local,0,0,Moderate
4,1,cloudy,Low,highway,0,0,High
22,3,clear,Low,arterial,1,0,High
14,3,clear,Medium,highway,0,1,Low
23,3,clear,Medium,highway,0,0,High
21,3,clear,Low,arterial,0,1,Low
13,6,cloudy,Low,arterial,1,1,Low
8,1,cloudy,Heavy,highway,1,1,High
2,3,cloudy,Medium,local,1,1,Moderate
2,4,clear,Low,arterial,0,1,Moderate
9,1,clear,Low,arterial,1,0,Low
19,1,clear,Heavy,local,0,1,Low
12,0,clear,Low,arterial,0,1,Low
11,2,rain,Low,arterial,1,1,Moderate
5,1,clear,Heavy,local,1,0,Low
13,1,fog,Medium,arterial,1,1,Moderate
15,1,clear,Medium,local,1,0,Moderate
23,4,cloudy,Medium,highway,0,1,Moderate
17,5,cloudy,Medium,highway,0,1,Moderate
14,3,cloudy,Medium,arterial,1,1,Low
21,0,cloudy,Medium,local,0,1,Low
10,5,clear,Heavy,local,0,1,Low
22,1,cloudy,Low,local,0,1,Moderate
8,0,clear,Medium,arterial,0,1,Low
3,3,clear,Low,local,0,1,Moderate
10,2,clear,Heavy,highway,0,1,Low
3,2,clear,Heavy,highway,0,0,High
2,6,rain,Heavy,arterial,0,1,High
21,0,clear,Medium,highway,1,1,Moderate
19,0,clear,Medium,highway,1,0,High
5,4,clear,Heavy,arterial,0,1,Moderate
20,2,cloudy,Low,arterial,1,1,Moderate
1,5,cloudy,Heavy,local,1,0,High
6,0,rain,Medium,local,1,1,Low
16,2,cloudy,Medium,local,0,1,Low
7,1,clear,Heavy,arterial,1,1,Moderate
17,0,clear,Heavy,arterial,0,1,Low
20,3,clear,Medium,local,0,1,Low
1,5,cloudy,Medium,arterial,1,0,High
0,1,fog,Medium,arterial,1,0,High
22,5,clear,Medium,arterial,0,1,Moderate
12,3,clear,Medium,arterial,1,1,Moderate
12,3,cloudy,Heavy,highway,1,0,Moderate
11,6,cloudy,Low,highway,1,1,Moderate
10,2,cloudy,Medium,highway,1,0,Low
16,1,clear,Low,highway,1,1,Low
13,5,clear,Heavy,arterial,1,0,Low
3,0,clear,Low,local,0,0,High
15,6,clear,Medium,local,1,1,Low
16,5,cloudy,Low,highway,1,1,Low
2,6,clear,Low,highway,1,1,High
9,3,clear,Medium,local,0,1,Low
18,4,fog,Medium,local,0,0,Moderate
14,6,clear,Medium,arterial,0,1,Low
3,0,clear,Heavy,local,0,1,Moderate
0,2,fog,Low,local,1,1,High
13,3,clear,Medium,highway,1,1,Moderate
11,4,rain,Medium,arterial,0,0,Moderate
23,4,clear,Heavy,local,1,0,High
12,6,rain,Low,local,1,1,Moderate
22,3,clear,Medium,arterial,0,1,Moderate
5,1,clear,Heavy,local,0,1,Low
10,1,fog,Medium,arterial,0,1,Moderate
3,5,cloudy,Heavy,arterial,1,0,High
13,3,clear,Low,arterial,1,1,Low
4,4,clear,Low,highway,1,1,High
11,3,clear,Medium,local,0,1,Low
8,5,clear,Low,arterial,0,1,Low
4,1,clear,Medium,local,1,1,Moderate
2,1,clear,Low,local,0,0,Moderate
12,5,rain,Medium,arterial,0,1,Low
22,3,rain,Heavy,local,0,1,High
4,5,rain,Heavy,local,0,0,High
9,0,clear,Low,arterial,0,1,Low
5,1,clear,Low,local,0,1,Low
19,6,cloudy,Heavy,local,0,1,Low
9,5,clear,Medium,highway,1,1,Moderate
23,0,clear,Medium,arterial,0,1,Moderate
5,5,rain,Heavy,highway,1,1,High
1,0,cloudy,Medium,arterial,0,0,High
13,0,clear,Medium,local,1,1,Low
15,6,clear,Heavy,highway,1,1,Moderate
23,0,clear,Medium,highway,1,0,High
20,2,cloudy,Heavy,arterial,1,1,Low
21,0,clear,Heavy,local,1,0,Low
15,4,rain,Medium,highway,1,1,High
8,0,clear,Heavy,arterial,1,1,Low
10,2,clear,Low,local,0,1,Low
3,2,cloudy,Heavy,arterial,0,1,High
10,4,rain,Low,local,1,0,Low
8,3,rain,Low,local,1,1,Moderate
0,1,clear,Heavy,highway,1,1,High
4,3,clear,Heavy,local,0,1,Moderate
12,3,cloudy,Heavy,arterial,1,0,Moderate
8,2,rain,Heavy,local,1,1,Low
23,3,fog,Heavy,local,0,1,High
11,2,clear,Medium,highway,1,1,Moderate
23,2,cloudy,Heavy,highway,0,0,High
15,5,clear,Low,local,1,1,Low
0,1,clear,Low,highway,0,1,Moderate
4,2,clear,Low,arterial,1,0,High
16,0,clear,Heavy,local,0,1,Low
13,4,clear,Low,arterial,0,1,Low
7,4,clear,Medium,arterial,0,1,Low
12,4,cloudy,Low,highway,1,0,Low
21,1,cloudy,Low,local,0,1,Low
9,3,clear,Medium,local,0,1,Low
1,2,cloudy,Low,local,0,1,Moderate
7,5,clear,Heavy,highway,1,0,Moderate
22,2,clear,Heavy,highway,1,1,Moderate
18,2,fog,Medium,local,1,0,Moderate
20,3,clear,Medium,local,0,1,Low
21,5,clear,Heavy,highway,0,1,High
2,4,cloudy,Medium,highway,1,0,High
6,5,clear,Low,arterial,1,1,Moderate
1,2,clear,Low,arterial,0,1,Moderate
0,5,cloudy,Medium,local,0,1,Moderate
20,6,cloudy,Medium,highway,1,1,Moderate
22,3,clear,Medium,local,1,1,Moderate
3,4,rain,Heavy,arterial,0,1,High
17,6,clear,Medium,highway,0,1,Low
12,5,clear,Low,arterial,1,1,Low
1,1,clear,Medium,highway,0,1,Moderate
21,5,clear,Heavy,arterial,0,1,Moderate
20,3,fog,Low,highway,0,1,Moderate
13,1,cloudy,Low,highway,0,1,Moderate
16,2,clear,Heavy,local,0,1,Low
9,6,clear,Medium,arterial,0,1,Low
19,6,clear,Low,arterial,0,0,Moderate
10,5,cloudy,Medium,arterial,1,1,Moderate
23,6,clear,Medium,local,1,0,High
1,4,rain,Low,local,1,0,High
4,5,clear,Heavy,arterial,1,1,High
23,1,clear,Medium,local,0,0,Moderate
6,2,fog,Low,local,1,1,Moderate
7,1,rain,Heavy,local,0,1,Low
18,6,clear,Medium,local,0,1,Low
4,4,clear,Heavy,arterial,1,1,High
12,6,rain,Low,arterial,0,1,Moderate
6,2,cloudy,Medium,local,1,1,Moderate
4,2,cloudy,Medium,arterial,0,1,Moderate
23,4,cloudy,Heavy,arterial,0,1,Moderate
4,3,rain,Heavy,highway,1,1,High
2,2,clear,Medium,arterial,0,0,High
16,2,clear,Heavy,highway,1,1,Low
20,3,clear,Low,highway,1,1,Moderate
3,0,cloudy,Heavy,arterial,0,1,Moderate
16,1,clear,Medium,arterial,0,1,Low
12,0,clear,Low,local,0,1,Low
19,1,cloudy,Low,arterial,0,1,Low
3,1,clear,Low,local,1,1,Moderate
23,0,fog,Low,highway,1,1,High
14,0,clear,Low,local,1,0,Low
20,5,cloudy,Low,highway,1,1,Moderate
8,1,cloudy,Medium,arterial,0,1,Low
22,3,clear,Medium,arterial,0,0,High
15,0,clear,Low,local,0,0,Low
3,6,clear,Medium,highway,0,0,High
22,1,rain,Low,arterial,0,1,High
19,5,cloudy,Medium,highway,0,1,Moderate
7,4,clear,Heavy,arterial,1,0,Moderate
13,5,clear,Heavy,arterial,0,1,Low
9,4,fog,Medium,highway,1,0,Moderate
13,3,clear,Medium,arterial,1,0,Low
23,5,rain,Low,arterial,0,1,High
21,5,clear,Medium,arterial,0,1,Low
5,2,clear,Low,local,1,0,Low
23,6,clear,Medium,local,0,0,Moderate
10,6,clear,Heavy,highway,0,0,Low
16,5,rain,Heavy,arterial,1,0,Moderate
18,6,cloudy,Medium,local,1,1,Low
11,0,cloudy,Heavy,arterial,1,1,Moderate
10,3,cloudy,Heavy,arterial,1,0,Low
10,4,cloudy,Medium,arterial,0,1,Low
20,6,cloudy,Heavy,local,1,1,Low
9,0,cloudy,Medium,local,1,1,Low
6,5,rain,Heavy,arterial,1,1,Moderate
8,0,cloudy,Low,arterial,1,1,Low
4,2,clear,Medium,local,0,0,Moderate
9,4,clear,Medium,highway,1,1,Moderate
2,2,clear,Low,local,1,0,High
2,5,clear,Medium,highway,0,1,High
17,6,clear,Heavy,arterial,1,1,Moderate
1,1,clear,Heavy,local,1,1,Moderate
13,1,clear,Low,local,0,1,Low
18,0,rain,Low,arterial,0,1,Moderate
17,4,rain,Low,arterial,0,0,Moderate
10,6,clear,Low,local,1,0,Low
4,4,fog,Low,local,1,1,High
22,0,fog,Low,highway,1,1,High
20,1,rain,Low,arterial,0,1,High
14,0,clear,Low,local,0,1,Low
2,3,clear,Low,local,1,1,High
0,5,clear,Heavy,arterial,0,0,High
7,1,cloudy,Heavy,local,1,0,Low
3,5,cloudy,Heavy,arterial,1,0,High
20,1,cloudy,Low,arterial,1,1,Moderate
4,3,rain,Low,local,0,0,High
6,4,fog,Medium,highway,1,0,Moderate
23,3,cloudy,Heavy,local,1,0,High
19,3,rain,Medium,arterial,0,1,Moderate
5,2,rain,Heavy,arterial,0,1,Moderate
9,3,clear,Medium,local,1,1,Low
12,1,rain,Heavy,local,0,1,Moderate
15,2,clear,Heavy,local,1,1,Moderate
22,5,clear,Low,arterial,0,1,High
20,6,fog,Medium,local,0,1,Low
23,5,clear,Medium,local,1,1,High
0,2,clear,Low,arterial,1,1,Moderate
5,2,fog,Medium,arterial,0,0,Moderate
13,0,clear,Medium,local,0,0,Low
1,1,clear,Medium,arterial,0,1,Moderate
8,4,clear,Heavy,highway,1,1,Moderate
3,1,clear,Low,local,1,1,Moderate
22,5,clear,Heavy,arterial,0,1,High
1,0,clear,Low,local,1,1,Moderate
3,2,rain,Heavy,highway,0,1,High
4,1,clear,Low,local,0,0,High
3,3,cloudy,Medium,arterial,1,1,High
13,0,clear,Heavy,arterial,1,0,Moderate
8,2,clear,Low,arterial,1,0,Moderate
21,5,cloudy,Heavy,arterial,0,1,Low
6,5,clear,Medium,arterial,0,1,Low
12,1,clear,Medium,arterial,1,0,Low
15,3,clear,Medium,arterial,0,0,Low
15,4,clear,Low,local,1,1,Low
19,3,clear,Medium,arterial,0,0,Low
4,3,clear,Low,arterial,1,0,High
12,2,clear,Heavy,local,0,1,Low
19,5,clear,Medium,arterial,0,1,Moderate
20,4,clear,Low,highway,0,1,Moderate
14,6,rain,Low,local,0,1,Low
15,5,clear,Medium,arterial,0,1,Low
20,2,cloudy,Low,arterial,1,0,Moderate
14,2,cloudy,Medium,local,0,1,Low
22,0,clear,Heavy,highway,1,1,High
3,4,clear,Low,arterial,1,1,High
8,5,clear,Medium,highway,1,1,Moderate
2,2,clear,Heavy,arterial,0,1,Moderate
2,0,clear,Heavy,local,1,1,Moderate
11,5,clear,Low,arterial,1,1,Low
5,1,rain,Heavy,local,1,1,High
9,4,cloudy,Low,arterial,1,1,Low
10,0,clear,Heavy,highway,0,0,Low
14,0,rain,Medium,arterial,1,0,Moderate
22,6,clear,Low,highway,0,0,High
20,4,clear,Medium,arterial,0,0,Low
9,0,clear,Low,highway,1,0,Low
7,0,fog,Medium,highway,0,1,Moderate
18,3,clear,Medium,highway,1,1,Moderate
2,4,rain,Heavy,arterial,1,1,High
12,2,cloudy,Medium,local,0,1,Low
10,6,clear,Medium,local,0,0,Low
4,4,clear,Low,highway,1,0,High
14,4,clear,Heavy,local,1,1,Moderate
7,2,cloudy,Medium,highway,0,1,Low
4,4,clear,Low,highway,1,1,High
15,6,clear,Medium,local,1,1,Low
4,0,clear,Low,arterial,1,1,High
16,5,rain,Low,arterial,1,1,Moderate
3,6,cloudy,Low,arterial,1,1,High
10,3,clear,Medium,arterial,1,1,Low
19,5,clear,Low,arterial,0,1,Low
5,2,clear,Heavy,local,0,1,Low
18,1,clear,Low,highway,0,1,Low
17,5,clear,Low,highway,0,0,Moderate
21,2,cloudy,Low,arterial,1,0,Moderate
4,5,clear,Medium,local,1,1,High
17,2,clear,Low,local,0,1,Low
22,2,clear,Low,highway,1,1,High
18,4,clear,Low,arterial,1,1,Low
4,2,cloudy,Heavy,arterial,1,1,High
19,5,cloudy,Low,local,1,0,Moderate
2,0,clear,Low,local,1,1,High
14,0,clear,Medium,highway,1,1,Moderate
11,0,cloudy,Medium,arterial,0,1,Low
12,1,cloudy,Low,arterial,1,1,Moderate
12,0,rain,Heavy,arterial,1,1,Moderate
0,2,rain,Medium,arterial,1,1,High
12,0,rain,Medium,local,0,1,Moderate
22,5,rain,Medium,arterial,0,0,High
10,1,rain,Heavy,arterial,1,1,Moderate
6,6,cloudy,Low,local,0,1,Low
23,5,cloudy,Heavy,arterial,0,1,High
2,4,cloudy,Low,local,0,1,Moderate
11,5,clear,Medium,highway,0,1,Low
12,5,clear,Low,arterial,1,1,Low
11,5,rain,Medium,arterial,0,1,Moderate
22,3,clear,Heavy,local,0,1,High
10,4,clear,Medium,highway,1,1,Low
23,3,clear,Low,local,1,1,Moderate
1,4,clear,Heavy,arterial,1,0,High
17,2,clear,Heavy,local,1,1,Low
14,0,clear,Low,highway,1,1,Low
5,6,clear,Low,arterial,0,1,Low
5,4,clear,Medium,arterial,1,1,Low
17,4,clear,Heavy,arterial,1,1,Low
15,1,clear,Low,highway,1,1,Moderate
14,5,clear,Low,arterial,0,1,Low
1,3,clear,Medium,arterial,0,1,Moderate
14,0,cloudy,Heavy,local,1,0,Moderate
23,6,clear,Low,local,1,0,High
0,6,rain,Medium,highway,0,1,High
11,6,cloudy,Heavy,arterial,1,1,Moderate
11,3,clear,Low,arterial,0,1,Low
21,1,clear,Low,local,1,1,Moderate
6,0,clear,Low,arterial,1,0,Low
11,5,clear,Heavy,arterial,0,1,Low
17,6,rain,Medium,highway,1,1,Moderate
1,0,cloudy,Heavy,arterial,0,1,Moderate
19,4,rain,Medium,arterial,0,0,Moderate
19,0,cloudy,Low,highway,1,1,High
17,5,rain,Medium,local,0,1,Moderate
15,0,rain,Medium,local,0,1,Low
17,6,clear,Medium,local,0,0,Low
18,1,clear,Heavy,highway,1,1,Moderate
21,2,clear,Medium,local,0,0,Moderate
10,4,clear,Medium,arterial,1,1,Moderate
10,5,clear,Low,arterial,0,1,Low
15,2,clear,Medium,local,0,1,Low
4,6,rain,Heavy,highway,0,1,High
20,0,clear,Heavy,highway,0,1,Moderate
18,3,rain,Heavy,local,1,0,Moderate
15,6,clear,Heavy,highway,0,1,Low
7,1,clear,Medium,arterial,1,1,Low
8,3,rain,Heavy,arterial,0,1,High
10,3,clear,Heavy,local,0,1,Low
15,2,cloudy,Medium,arterial,0,1,Low
18,5,rain,Low,arterial,0,0,Moderate
16,3,clear,Heavy,arterial,0,1,Low
22,4,clear,Heavy,arterial,1,1,High
23,3,clear,Medium,arterial,1,1,Moderate
16,6,clear,Low,local,0,1,Low
8,3,fog,Low,local,0,0,Moderate
14,5,rain,Low,local,0,0,Low
10,4,clear,Heavy,arterial,0,0,Low
15,5,cloudy,Medium,local,0,1,Low
19,6,rain,Medium,local,1,1,Moderate
8,1,clear,Low,highway,0,1,Low
12,2,clear,Medium,arterial,0,0,Low
1,2,rain,Heavy,arterial,0,0,High
17,3,cloudy,Heavy,arterial,1,1,Low
11,3,clear,Medium,arterial,1,1,Low
11,0,clear,Low,local,0,0,Low
12,6,clear,Low,highway,1,1,Low
5,6,cloudy,Heavy,local,1,1,Moderate
14,4,cloudy,Heavy,local,0,1,Low
17,2,clear,Medium,arterial,0,1,Low
8,5,rain,Low,highway,0,1,Moderate
3,1,clear,Medium,local,0,1,Moderate
9,2,cloudy,Heavy,highway,0,1,Low
4,6,cloudy,Heavy,arterial,0,0,High
8,6,clear,Low,arterial,1,1,Moderate
15,4,clear,Heavy,local,0,1,Low
2,1,clear,Medium,arterial,0,1,Moderate
17,0,cloudy,Medium,local,0,0,Low
5,6,cloudy,Low,local,1,1,Moderate
21,1,clear,Low,arterial,0,0,Moderate
17,4,fog,Low,highway,0,1,Moderate
6,2,rain,Medium,highway,0,1,High
13,3,clear,Heavy,arterial,1,1,Low
2,6,clear,Heavy,arterial,0,0,High
2,4,clear,Heavy,arterial,0,1,Moderate
22,3,clear,Medium,arterial,1,1,Moderate
19,2,fog,Low,arterial,1,1,High
3,1,cloudy,Medium,arterial,0,1,Moderate
6,3,clear,Medium,arterial,0,1,Low
4,3,clear,Heavy,local,1,1,Moderate
9,0,clear,Medium,arterial,1,0,Low
6,2,clear,Low,local,1,1,Low
7,4,clear,Heavy,arterial,0,0,Low
12,0,rain,Heavy,arterial,1,1,Moderate
4,6,cloudy,Medium,arterial,1,1,High
21,6,rain,Low,local,1,1,Moderate
17,4,clear,Medium,arterial,1,0,Low
18,0,clear,Heavy,arterial,0,1,Low
4,3,rain,Low,highway,1,0,High
16,6,clear,Heavy,arterial,1,0,Moderate
20,0,clear,Low,local,1,1,Low
4,5,fog,Low,local,1,1,High
18,5,rain,Low,arterial,0,1,Low
8,0,rain,Low,highway,1,1,Moderate
18,1,clear,Medium,highway,1,0,Low
11,5,cloudy,Heavy,local,1,1,Moderate
19,6,clear,Medium,arterial,0,1,Moderate
3,5,clear,Low,arterial,0,1,High
9,3,clear,Heavy,highway,0,1,Low
6,4,rain,Medium,local,1,0,Moderate
5,3,clear,Medium,arterial,1,1,Moderate
7,4,cloudy,Heavy,highway,0,1,Low
9,5,rain,Medium,arterial,0,1,Low
3,0,rain,Medium,local,0,1,High
16,1,clear,Low,arterial,0,1,Low
13,0,cloudy,Low,local,0,0,Low
19,5,clear,Low,local,1,1,Low
16,5,clear,Heavy,arterial,0,0,Low
3,0,clear,Low,local,1,0,High
1,0,cloudy,Heavy,highway,1,1,High
10,1,rain,Heavy,local,1,1,Moderate
11,1,fog,Low,arterial,0,0,Low
5,3,clear,Low,arterial,1,0,Low
18,3,clear,Low,arterial,0,1,Low
13,2,clear,Low,arterial,0,1,Low
17,1,fog,Heavy,arterial,0,1,Low
2,4,rain,Low,arterial,1,1,High
19,5,fog,Medium,arterial,0,0,High
4,4,clear,Low,local,0,1,Moderate
10,5,clear,Medium,highway,1,1,Low
10,6,cloudy,Low,arterial,1,0,Low
19,5,clear,Low,arterial,0,0,Moderate
6,4,clear,Low,local,1,1,Low
5,0,clear,Heavy,arterial,0,0,Moderate
8,2,clear,Medium,arterial,0,1,Low
8,2,clear,Low,local,1,1,Low
4,4,rain,Heavy,highway,0,1,High
4,5,cloudy,Heavy,local,1,0,High
5,4,rain,Medium,local,0,0,Moderate
11,2,clear,Heavy,arterial,1,0,Moderate
8,5,cloudy,Low,arterial,0,1,Low
9,4,clear,Heavy,arterial,1,1,Low
17,5,clear,Heavy,local,1,1,Low
5,4,clear,Medium,local,1,0,Moderate
21,4,clear,Medium,arterial,0,1,Moderate
18,2,rain,Low,arterial,1,1,Moderate
4,2,rain,Low,arterial,0,1,High
7,1,clear,Medium,highway,0,0,Low
4,1,cloudy,Heavy,highway,1,1,High
6,4,clear,Low,local,1,1,Low
8,2,clear,Medium,arterial,0,1,Low
3,0,cloudy,Low,highway,1,1,Moderate
0,0,rain,Low,highway,0,1,High
10,6,rain,Medium,local,1,0,Moderate
16,3,clear,Heavy,highway,0,1,Moderate
7,4,clear,Low,local,1,1,Low
20,6,clear,Low,local,1,1,Moderate
8,0,clear,Low,local,0,0,Low
21,6,clear,Medium,arterial,1,1,Moderate
5,4,clear,Medium,arterial,0,0,Low
12,4,clear,Low,arterial,0,1,Low
18,3,clear,Low,arterial,0,0,Low
1,4,cloudy,Low,local,0,1,Moderate
22,1,clear,Low,arterial,1,1,High
8,2,clear,Heavy,arterial,1,1,Low
11,6,fog,Heavy,local,0,1,Moderate
15,1,rain,Low,local,1,1,Low
15,5,clear,Medium,local,0,1,Low
0,6,clear,Low,local,1,1,High
20,4,clear,Low,arterial,1,1,Moderate
14,2,fog,Medium,highway,0,1,Moderate
23,5,clear,Heavy,arterial,0,1,Moderate
11,5,clear,Low,arterial,0,0,Low
14,3,cloudy,Low,arterial,1,0,Low
10,0,cloudy,Low,arterial,1,0,Moderate
21,3,clear,Low,highway,1,1,Moderate
19,3,clear,Medium,local,1,1,Moderate
21,1,clear,Heavy,arterial,1,1,Moderate
12,2,clear,Low,local,0,1,Low
18,1,clear,Heavy,highway,0,1,Moderate
8,4,rain,Heavy,local,0,0,Moderate
11,3,rain,Low,arterial,0,1,Low
18,5,cloudy,Medium,arterial,0,1,Low
1,3,cloudy,Medium,highway,1,1,Moderate
17,4,clear,Medium,local,1,1,Low
0,5,clear,Heavy,highway,1,0,High
13,1,cloudy,Heavy,highway,0,1,Moderate
11,3,clear,Medium,local,0,1,Low
11,5,clear,Heavy,local,0,0,Low
11,4,clear,Medium,local,1,1,Low
11,1,cloudy,Heavy,local,1,1,Moderate
9,5,cloudy,Heavy,arterial,1,1,Moderate
10,1,clear,Heavy,local,0,0,Low
13,6,clear,Low,highway,1,0,Moderate
18,4,rain,Low,local,1,1,Moderate
13,2,clear,Heavy,arterial,1,1,Low
15,1,clear,Low,local,1,0,Low
20,6,rain,Medium,arterial,1,1,High
23,3,cloudy,Medium,arterial,1,0,High
2,5,clear,Heavy,local,0,0,High
17,5,clear,Heavy,arterial,0,1,Low
5,0,fog,Low,arterial,0,1,Moderate
4,4,clear,Medium,local,0,1,Moderate
19,2,rain,Heavy,local,1,1,High
1,6,rain,Low,local,0,1,High
20,1,rain,Medium,arterial,0,1,High
18,0,clear,Medium,highway,0,1,Moderate
23,4,clear,Low,arterial,0,1,High
16,3,clear,Medium,local,1,1,Low
20,3,clear,Low,highway,0,1,Moderate
2,1,clear,Heavy,arterial,1,0,High
21,3,clear,Low,highway,1,0,Moderate
3,6,clear,Medium,arterial,0,1,Moderate
7,5,cloudy,Medium,arterial,1,1,Low
3,6,clear,Low,highway,0,0,High
9,2,clear,Medium,arterial,0,0,Low
17,6,clear,Low,highway,1,0,Low
6,2,cloudy,Low,local,1,1,Moderate
19,6,clear,Medium,local,0,1,Low
14,6,cloudy,Medium,arterial,0,1,Low
15,1,clear,Medium,local,0,1,Low
22,6,cloudy,Low,highway,0,0,High
10,4,rain,Medium,local,1,1,Moderate
8,5,clear,Low,highway,0,0,Low
23,4,cloudy,Low,arterial,1,1,High
13,1,rain,Low,highway,0,0,Low
14,6,clear,Low,local,0,1,Low
7,0,clear,Medium,arterial,0,1,Low
5,5,rain,Heavy,arterial,0,1,High
4,1,rain,Low,arterial,0,0,High
5,5,cloudy,Heavy,local,0,1,Moderate
4,2,clear,Low,highway,0,1,High
17,1,clear,Low,arterial,0,1,Low
1,1,rain,Medium,highway,1,0,High
15,2,cloudy,Low,highway,1,1,Low
22,6,clear,Medium,local,1,0,High
18,5,clear,Low,arterial,1,0,Low
9,4,rain,Heavy,highway,0,1,High
1,4,cloudy,Medium,local,0,1,Moderate
20,2,fog,Heavy,local,0,1,High
0,6,clear,Low,local,0,1,Moderate
16,1,clear,Low,highway,1,1,Moderate
16,6,clear,Heavy,arterial,0,1,Low
4,2,clear,Medium,local,1,0,High
17,2,clear,Medium,highway,1,1,Low
4,3,clear,Medium,arterial,1,1,Moderate
5,5,clear,Medium,local,0,0,Low
19,4,clear,Medium,highway,1,1,Moderate
23,5,rain,Low,local,1,0,High
6,0,clear,Heavy,local,0,0,Low
22,1,clear,Heavy,arterial,1,0,High
21,5,cloudy,Low,local,0,1,Low
18,6,clear,Low,local,0,1,Low
3,0,clear,Heavy,local,1,1,Moderate
7,6,rain,Medium,arterial,0,1,Moderate
16,1,cloudy,Heavy,highway,0,1,Moderate
23,6,clear,Medium,arterial,0,0,High
19,6,rain,Low,local,0,1,Low
10,4,fog,Low,highway,0,0,Moderate
5,1,rain,Medium,arterial,1,0,Moderate
23,5,clear,Medium,arterial,1,1,Moderate
6,0,cloudy,Heavy,arterial,0,1,Low
8,2,clear,Heavy,local,1,1,Low
23,4,clear,Heavy,local,1,1,High
13,0,clear,Heavy,highway,1,0,Moderate
6,2,rain,Medium,highway,1,1,Moderate
0,5,clear,Medium,local,1,0,High
10,0,rain,Medium,highway,0,1,Low
23,2,fog,Medium,highway,1,1,High
10,0,clear,Heavy,arterial,1,1,Low
16,4,clear,Low,arterial,1,1,Low
6,0,fog,Heavy,arterial,1,0,High
18,1,clear,Medium,arterial,1,0,Moderate
18,3,rain,Medium,arterial,1,1,Moderate
14,1,clear,Low,local,0,0,Low
18,1,clear,Low,highway,0,1,Moderate
13,5,clear,Medium,arterial,1,1,Low
9,5,clear,Low,highway,0,0,Low
17,0,rain,Low,local,1,1,Moderate
20,6,clear,Low,highway,0,1,Moderate
20,3,clear,Low,local,1,1,Low
5,1,cloudy,Heavy,local,0,1,Moderate
16,6,fog,Medium,arterial,0,0,Moderate
0,2,clear,Medium,local,1,1,Moderate
13,2,rain,Heavy,arterial,1,0,Moderate
13,1,clear,Medium,arterial,1,0,Moderate
8,6,rain,Heavy,highway,1,1,High
23,2,cloudy,Heavy,local,1,1,Moderate
21,4,rain,Medium,arterial,0,1,Moderate
0,1,cloudy,Medium,local,0,1,Moderate
5,6,fog,Heavy,local,1,1,High
4,5,clear,Low,arterial,1,1,High
21,3,cloudy,Medium,arterial,0,1,Low
12,2,cloudy,Low,highway,0,1,Low
17,4,clear,Low,highway,0,1,Low
19,3,rain,Low,highway,0,1,High
18,6,rain,Heavy,arterial,1,1,Moderate
2,4,rain,Low,highway,0,1,High
3,0,clear,Medium,local,1,0,High
9,5,rain,Medium,local,1,1,Low
8,1,clear,Medium,arterial,0,0,Low
17,2,fog,Heavy,arterial,0,1,Low
3,3,clear,Heavy,arterial,1,0,High
8,1,cloudy,Medium,arterial,0,0,Low
5,6,clear,Medium,local,1,0,Low
4,6,cloudy,Heavy,arterial,0,1,High
4,1,clear,Medium,local,1,0,High
4,2,rain,Medium,highway,0,1,High
13,2,rain,Low,highway,1,0,High
9,4,clear,Low,local,0,0,Low
10,4,rain,Heavy,local,0,0,Moderate
11,4,cloudy,Heavy,arterial,0,0,Low
17,0,clear,Medium,highway,1,0,Low
20,3,clear,Low,arterial,1,1,Moderate
12,1,clear,Heavy,arterial,1,1,Low
15,1,clear,Heavy,local,1,1,Moderate
17,5,clear,Heavy,arterial,1,0,Low
16,0,clear,Heavy,local,0,1,Low
3,0,clear,Medium,local,0,1,Low
23,3,fog,Low,local,0,1,Moderate
3,5,clear,Low,local,1,1,High
9,3,rain,Low,highway,1,0,Moderate
15,1,rain,Medium,arterial,0,1,Moderate
9,5,rain,Heavy,local,1,1,Moderate
5,2,clear,Heavy,arterial,1,1,Moderate
22,4,clear,Low,local,1,1,Moderate
1,1,rain,Medium,highway,0,1,High
5,6,cloudy,Low,arterial,0,1,Low
23,1,rain,Medium,arterial,0,0,High
17,6,clear,Heavy,arterial,1,1,Moderate
2,2,cloudy,Heavy,arterial,0,0,High
18,5,clear,Heavy,arterial,0,1,Low
23,3,cloudy,Medium,local,1,0,High
2,0,rain,Medium,arterial,1,1,High
9,0,clear,Heavy,highway,0,1,Moderate
11,2,clear,Medium,local,0,1,Low
3,1,clear,Low,local,1,0,High
4,4,clear,Low,arterial,1,1,High
4,0,clear,Low,arterial,0,1,Moderate
4,4,clear,Low,arterial,0,0,Moderate
9,1,clear,Medium,highway,1,1,Moderate
11,1,cloudy,Heavy,local,0,0,Moderate
5,2,rain,Low,arterial,0,1,Moderate
6,4,clear,Low,local,1,1,Low
4,2,clear,Low,local,0,1,Moderate
19,2,rain,Heavy,arterial,0,1,Moderate
5,2,clear,Low,highway,0,0,Low
21,2,clear,Low,local,1,0,Low
12,2,clear,Medium,local,1,0,Low
19,5,fog,Medium,highway,0,1,Moderate
15,4,clear,Low,arterial,1,1,Low
6,2,fog,Heavy,arterial,1,1,High
14,5,clear,Medium,highway,0,1,Low
6,3,clear,Medium,arterial,1,1,Moderate
2,6,clear,Medium,highway,0,1,High
6,3,rain,Low,arterial,1,1,Moderate
6,1,clear,Low,arterial,1,0,Moderate
3,3,cloudy,Medium,highway,1,1,High
0,5,fog,Low,arterial,0,1,High
22,1,clear,Low,local,0,1,Low
12,1,clear,Low,local,1,1,Low
9,4,cloudy,Medium,arterial,1,1,Low
22,6,clear,Heavy,arterial,0,1,High
5,2,cloudy,Medium,arterial,1,1,Moderate
9,3,rain,Heavy,local,1,1,Moderate
20,4,clear,Medium,highway,1,1,High
15,4,clear,Medium,highway,1,1,Low
9,1,cloudy,Low,highway,1,1,Moderate
6,2,clear,Low,highway,1,0,Moderate
0,6,clear,Low,arterial,1,1,Moderate
2,6,clear,Low,local,1,1,High
3,5,clear,Heavy,arterial,0,0,High
18,0,clear,Low,arterial,1,1,Low
15,2,cloudy,Low,local,0,0,Low
10,0,clear,Heavy,arterial,1,1,Moderate
18,2,clear,Low,arterial,1,1,Low
3,6,fog,Heavy,arterial,0,1,High
5,2,clear,Heavy,arterial,0,1,Low
9,1,clear,Low,highway,1,0,Moderate
22,5,rain,Low,local,0,1,High
14,5,clear,Heavy,arterial,1,1,Low
20,4,rain,Heavy,arterial,0,1,Moderate
5,5,cloudy,Heavy,highway,0,1,Moderate
20,4,clear,Low,arterial,1,0,Moderate
1,4,clear,Medium,local,0,1,Low
5,6,clear,Low,arterial,1,1,Moderate
12,2,rain,Medium,arterial,0,1,Moderate
1,3,clear,Low,local,1,1,Moderate
20,3,rain,Heavy,local,0,0,Moderate
20,4,rain,Medium,highway,0,1,High
12,3,cloudy,Heavy,highway,1,1,High
7,3,clear,Low,arterial,0,1,Low
2,1,cloudy,Heavy,arterial,0,0,High
14,4,cloudy,Low,highway,1,1,Moderate
12,0,clear,Heavy,local,0,1,Low
18,3,rain,Medium,arterial,1,0,Low
14,2,clear,Low,arterial,0,0,Low
3,5,fog,Heavy,arterial,1,0,High
2,3,clear,Medium,arterial,1,1,Moderate
18,0,clear,Low,highway,0,1,Low
3,3,cloudy,Low,local,0,1,Moderate
22,1,clear,Heavy,highway,1,1,High
2,2,clear,Heavy,highway,0,0,High
17,2,clear,Medium,local,1,1,Low
23,1,rain,Low,arterial,0,0,High
10,6,clear,Low,local,1,1,Low
1,1,cloudy,Low,arterial,0,1,Moderate
21,3,cloudy,Medium,local,0,1,Low
4,5,clear,Medium,arterial,0,1,Moderate
12,2,clear,Medium,arterial,1,0,Low
23,6,clear,Heavy,highway,1,1,High
17,2,fog,Heavy,arterial,0,0,Moderate
1,6,rain,Low,highway,0,1,High
19,3,rain,Medium,arterial,1,1,High
3,0,cloudy,Medium,arterial,0,1,Moderate
17,6,rain,Low,highway,1,1,High
14,6,fog,Medium,highway,1,1,High
6,6,clear,Low,arterial,0,1,Moderate
10,0,rain,Low,local,0,0,Low
2,5,clear,Heavy,local,0,1,Moderate
23,2,clear,Low,local,0,0,High
5,5,clear,Heavy,arterial,0,1,Moderate
7,6,clear,Low,arterial,0,0,Low
12,1,clear,Medium,local,1,1,Low
16,2,clear,Medium,arterial,0,1,Low
12,1,clear,Heavy,arterial,1,1,Low
12,2,rain,Low,highway,1,1,High
13,4,clear,Medium,arterial,0,1,Low
20,2,clear,Heavy,local,1,1,Moderate
9,4,cloudy,Low,arterial,1,1,Low
19,4,cloudy,Low,local,1,1,Low
18,1,rain,Low,highway,0,0,Moderate
23,0,clear,Heavy,arterial,0,1,High
21,5,clear,Low,local,1,1,Moderate
19,1,fog,Low,local,0,1,Low
5,1,clear,Heavy,highway,0,1,Moderate
18,4,cloudy,Medium,highway,0,1,Moderate
17,1,clear,Low,arterial,0,0,Low
6,1,clear,Medium,arterial,0,1,Low
16,2,rain,Low,arterial,1,1,Moderate
6,3,clear,Medium,local,1,1,Moderate
12,5,clear,Low,arterial,1,1,Low
19,6,rain,Medium,highway,0,1,High
4,5,clear,Medium,local,0,0,Moderate
8,6,clear,Low,arterial,0,0,Low
19,3,clear,Medium,arterial,0,1,Low
10,2,clear,Heavy,local,1,1,Low
23,5,cloudy,Medium,local,1,1,High
0,2,clear,Heavy,highway,1,1,High
17,5,clear,Heavy,local,1,1,Low
19,6,clear,Low,arterial,0,0,Low
22,2,rain,Medium,local,1,1,High
3,4,clear,Heavy,arterial,1,1,Moderate
23,5,fog,Heavy,local,0,1,High
9,5,clear,Heavy,local,1,0,Moderate
8,1,clear,Low,arterial,0,1,Low
8,6,cloudy,Heavy,arterial,0,0,Low
15,3,clear,Low,arterial,1,0,Low
15,0,cloudy,Medium,arterial,1,1,Low
11,0,rain,Heavy,highway,0,1,Moderate
1,5,rain,Medium,highway,1,1,High
23,2,clear,Medium,arterial,0,1,Moderate
5,0,cloudy,Medium,arterial,0,1,Low
2,3,clear,Heavy,arterial,1,0,High
14,4,rain,Medium,arterial,1,1,Moderate
9,0,clear,Medium,highway,0,1,Low
14,2,clear,Low,local,1,1,Low
21,3,clear,Low,local,1,1,Low
2,5,clear,Low,local,0,0,High
6,4,cloudy,Medium,local,0,0,Low
12,0,clear,Medium,local,0,1,Low
18,4,clear,Low,local,1,0,Low
14,6,cloudy,Low,arterial,0,0,Low
9,0,clear,Low,arterial,1,1,Moderate
14,6,fog,Heavy,highway,0,1,Moderate
23,0,clear,Low,local,0,0,High
11,4,clear,Medium,arterial,1,1,Low
21,2,clear,Heavy,arterial,0,1,Moderate
18,5,clear,Heavy,arterial,0,1,Low
7,5,clear,Medium,local,0,1,Low
5,5,rain,Low,local,1,1,Moderate
18,6,clear,Low,highway,1,1,Moderate
4,5,rain,Low,arterial,0,1,High
8,2,clear,Heavy,local,0,1,Low
5,3,cloudy,Low,local,1,1,Moderate
14,5,clear,Low,highway,1,1,Low
7,1,clear,Low,arterial,1,1,Low
15,4,clear,Medium,arterial,1,1,Moderate
22,3,clear,Low,local,0,1,Moderate
19,6,cloudy,Medium,local,0,1,Low
22,0,clear,Low,highway,0,0,High
0,0,clear,Medium,arterial,1,1,Moderate
10,0,fog,Low,highway,0,1,Moderate
5,3,clear,Medium,highway,0,0,Moderate
22,3,clear,Medium,arterial,1,1,Moderate
17,4,clear,Medium,arterial,0,0,Low
7,1,clear,Low,local,0,1,Low
13,2,clear,Medium,highway,0,1,Low
14,2,cloudy,Medium,arterial,0,0,Low
11,0,cloudy,Medium,arterial,1,1,Moderate
11,5,cloudy,Low,arterial,0,1,Low
1,0,clear,Heavy,arterial,0,1,Moderate
10,4,clear,Medium,highway,0,1,Low
8,3,rain,Medium,local,0,0,Low
19,6,clear,Low,highway,1,1,Moderate
20,4,clear,Medium,local,1,0,Low
18,3,clear,Low,local,0,0,Low
0,4,cloudy,Heavy,highway,0,1,High
20,0,clear,Low,local,1,1,Moderate
9,1,rain,Low,local,0,1,Low
9,3,clear,Heavy,arterial,0,1,Low
22,6,fog,Medium,arterial,0,1,High
20,5,clear,Low,highway,0,1,Moderate
1,2,cloudy,Heavy,local,0,1,High
8,1,clear,Heavy,arterial,0,1,Low
17,6,rain,Medium,local,1,1,Low
12,3,clear,Medium,local,1,0,Low
6,0,rain,Medium,local,0,1,Low
12,1,rain,Medium,local,1,0,Moderate
20,5,cloudy,Heavy,local,0,1,Moderate
5,6,clear,Medium,local,0,0,Low
17,6,clear,Low,arterial,1,1,Low
17,0,fog,Low,arterial,1,0,Moderate
21,5,rain,Medium,highway,0,0,Moderate
7,0,clear,Medium,arterial,1,1,Moderate
5,5,clear,Medium,arterial,0,0,Low
13,6,clear,Low,local,1,0,Low
12,2,clear,Medium,local,1,1,Low
9,1,clear,Heavy,arterial,1,1,Moderate
18,4,rain,Low,local,1,1,Low
19,0,clear,Heavy,arterial,1,1,Moderate
5,4,rain,Medium,arterial,0,1,Moderate
19,2,fog,Heavy,local,0,0,Moderate
5,2,clear,Low,local,0,1,Low
9,5,clear,Medium,local,0,0,Low
0,6,clear,Heavy,arterial,0,0,High
8,2,clear,Medium,arterial,0,1,Low
23,2,cloudy,Low,arterial,0,1,Moderate
10,5,cloudy,Heavy,local,0,1,Low
17,2,clear,Medium,local,1,1,Low
2,1,rain,Heavy,local,0,1,High
15,6,clear,Low,local,0,1,Low
8,6,clear,Heavy,arterial,1,1,Moderate
17,2,fog,Heavy,arterial,1,1,Moderate
22,1,clear,Medium,local,1,1,Moderate
12,1,clear,Low,local,0,0,Low
2,4,clear,Medium,arterial,1,1,High
11,2,clear,Low,highway,0,1,Moderate
2,4,clear,Medium,local,1,0,High
10,5,cloudy,Medium,highway,1,0,Low
1,0,clear,Low,arterial,1,1,Moderate
15,6,cloudy,Heavy,arterial,0,1,Low
7,0,clear,Heavy,local,0,1,Low
4,0,clear,Medium,highway,0,1,Moderate
0,5,fog,Medium,local,0,0,Moderate
21,4,rain,Heavy,arterial,1,1,High
20,6,cloudy,Medium,arterial,1,0,Moderate
19,3,clear,Heavy,arterial,1,1,Moderate
1,2,clear,Low,arterial,1,0,High
8,4,rain,Low,local,0,1,Low
23,5,rain,Medium,local,0,0,High
13,4,cloudy,Low,local,1,1,Low
3,2,clear,Medium,local,1,1,Moderate
3,6,clear,Medium,arterial,1,1,High
6,2,clear,Low,highway,0,1,Moderate
23,2,clear,Low,arterial,1,1,Moderate
4,1,clear,Low,arterial,0,1,Moderate
21,2,clear,Low,highway,1,1,Moderate
16,1,clear,Low,highway,0,1,Low
22,4,cloudy,Low,highway,1,1,High
19,5,cloudy,Heavy,arterial,1,1,Moderate
7,3,cloudy,Low,highway,1,0,Moderate
19,6,clear,Low,arterial,0,1,Moderate
4,3,clear,Heavy,arterial,0,1,Moderate
6,3,fog,Heavy,highway,0,1,High
5,0,clear,Low,highway,0,1,Low
3,6,rain,Heavy,local,0,1,High
2,1,clear,Heavy,local,0,0,Moderate
4,1,cloudy,Heavy,arterial,1,0,High
2,6,clear,Medium,arterial,1,0,High
9,3,cloudy,Medium,arterial,0,1,Low
1,0,rain,Heavy,arterial,0,1,High
1,3,clear,Medium,highway,0,0,High
23,4,rain,Heavy,arterial,0,1,High
2,0,rain,Low,arterial,0,1,High
1,5,rain,Heavy,arterial,1,1,High
0,4,clear,Heavy,local,1,1,Moderate
3,0,clear,Low,arterial,1,1,Moderate
12,4,rain,Low,highway,0,0,Moderate
19,1,cloudy,Heavy,local,1,1,Moderate
17,5,fog,Heavy,highway,1,1,High
13,2,clear,Heavy,highway,0,1,Low
2,1,rain,Heavy,arterial,0,0,High
18,3,rain,Low,local,1,1,Moderate
0,3,rain,Medium,local,1,1,High
15,2,cloudy,Medium,local,0,1,Low
9,6,clear,Low,local,0,1,Low
21,4,cloudy,Low,arterial,1,1,Moderate
7,3,cloudy,Medium,highway,0,1,Low
15,1,clear,Medium,arterial,0,1,Low
10,3,clear,Medium,local,0,1,Low
12,0,rain,Medium,highway,0,0,Moderate
22,6,clear,Medium,arterial,0,1,Moderate
17,0,clear,Low,highway,1,1,Moderate
9,4,cloudy,Low,arterial,1,1,Low
10,2,fog,Medium,arterial,0,0,Moderate
16,5,cloudy,Medium,local,1,1,Low
8,2,clear,Heavy,arterial,0,1,Low
4,0,clear,Medium,highway,1,1,High
11,6,clear,Heavy,arterial,0,1,Low
1,5,clear,Heavy,highway,1,1,High
4,0,rain,Medium,highway,0,1,High
10,0,clear,Medium,local,1,1,Low
19,3,clear,Heavy,arterial,0,0,Low
18,6,rain,Low,arterial,0,0,Low
6,4,clear,Heavy,highway,1,1,High
10,0,clear,Medium,local,1,1,Moderate
3,4,clear,Medium,local,0,0,High
18,2,clear,Heavy,local,1,1,Moderate
5,4,clear,Low,highway,1,0,Moderate
19,2,fog,Low,highway,1,0,High
20,0,rain,Low,arterial,0,0,Moderate
16,0,rain,Heavy,arterial,0,1,Moderate
7,4,cloudy,Low,arterial,1,1,Low
22,4,clear,Medium,local,1,1,Moderate
16,2,rain,Low,local,1,0,Low
15,0,clear,Medium,arterial,1,1,Low
20,5,clear,Medium,highway,1,1,Moderate
21,1,clear,Low,highway,1,1,Moderate
1,1,clear,Medium,highway,0,0,High
21,3,clear,Low,highway,0,0,Moderate
18,5,clear,Low,highway,1,0,Moderate
4,6,clear,Medium,highway,1,0,High
7,4,clear,Medium,arterial,1,1,Moderate
18,6,clear,Low,highway,0,1,Moderate
5,4,cloudy,Medium,local,0,1,Moderate
10,5,clear,Medium,arterial,1,1,Low
16,1,cloudy,Heavy,local,1,1,Low
15,0,clear,Medium,local,1,1,Low
21,4,clear,Heavy,arterial,0,1,Moderate
2,6,cloudy,Medium,arterial,1,1,Moderate
7,5,cloudy,Heavy,local,1,1,Moderate
23,2,clear,Low,arterial,0,0,High
13,3,clear,Medium,arterial,0,1,Low
5,0,rain,Medium,highway,1,1,High
6,2,clear,Heavy,local,1,1,Moderate
8,4,clear,Heavy,arterial,0,1,Low
13,1,clear,Heavy,highway,0,1,Moderate
6,3,rain,Low,local,1,1,High
14,2,clear,Medium,highway,1,1,Moderate
10,3,fog,Heavy,local,1,1,Moderate
14,5,cloudy,Low,local,0,1,Low
3,6,cloudy,Low,local,1,1,High
14,2,clear,Medium,highway,1,0,Low
22,5,cloudy,Low,arterial,0,1,High
3,4,clear,Low,highway,0,1,High
7,6,clear,Heavy,arterial,0,0,Low
16,5,clear,Heavy,local,1,1,Low
14,3,cloudy,Medium,highway,1,1,Moderate
16,4,rain,Heavy,local,0,1,Moderate
13,2,rain,Heavy,arterial,0,0,Moderate
16,4,clear,Medium,local,1,1,Low
14,4,rain,Heavy,arterial,0,0,Moderate
1,4,rain,Heavy,arterial,0,1,High
18,0,rain,Heavy,local,1,0,Moderate
10,3,cloudy,Low,arterial,1,1,Moderate
1,4,clear,Low,arterial,1,1,Moderate
9,1,rain,Medium,arterial,1,1,Moderate
10,5,cloudy,Low,arterial,1,1,Low
2,5,cloudy,Low,highway,0,1,Moderate
23,3,clear,Medium,local,1,1,Moderate
5,6,clear,Low,local,1,1,Low
7,6,clear,Low,arterial,1,0,Low
10,3,clear,Heavy,highway,0,0,Low
19,6,clear,Low,highway,0,1,Moderate
17,6,rain,Medium,arterial,0,1,Moderate
18,0,clear,Medium,arterial,0,1,Low
5,6,clear,Heavy,arterial,0,0,Low
20,0,clear,Low,arterial,1,1,Moderate
19,3,clear,Low,local,1,0,Low
11,6,clear,Medium,highway,0,1,Low
13,5,cloudy,Medium,local,1,1,Low
0,1,fog,Heavy,highway,1,1,High
18,4,clear,Low,arterial,0,1,Low
23,1,clear,Low,local,1,0,Moderate
11,1,rain,Low,arterial,1,0,Moderate
12,6,clear,Heavy,local,0,0,Low
11,0,cloudy,Low,local,1,0,Low
1,6,cloudy,Low,local,1,1,High
14,3,rain,Medium,arterial,0,0,Moderate
17,0,clear,Low,local,1,1,Low
22,5,fog,Low,arterial,1,0,High
22,0,fog,Low,arterial,0,1,High
11,2,clear,Heavy,arterial,0,1,Low
23,1,clear,Medium,local,0,1,Moderate
12,5,clear,Medium,local,1,1,Low
15,2,clear,Medium,highway,1,1,Low
14,4,fog,Heavy,highway,1,1,High
23,0,clear,Low,arterial,1,1,High
17,4,clear,Low,local,1,1,Low
2,4,clear,Heavy,local,1,0,High
1,2,cloudy,Medium,arterial,0,1,Moderate
9,6,rain,Heavy,highway,1,0,High
12,3,cloudy,Medium,local,1,0,Low
16,4,cloudy,Heavy,highway,0,1,Moderate
11,1,clear,Medium,highway,0,0,Moderate
12,6,cloudy,Low,local,1,1,Low
22,1,clear,Heavy,highway,0,1,High
8,4,clear,Medium,local,1,1,Low
11,0,cloudy,Low,local,1,1,Low
13,0,fog,Low,highway,0,1,Moderate
11,0,cloudy,Medium,arterial,1,0,Low
23,6,cloudy,Low,local,1,0,High
23,1,clear,Low,arterial,1,1,High
12,6,clear,Low,local,1,1,Low
10,4,clear,Heavy,highway,0,1,Low
14,0,cloudy,Medium,local,1,1,Low
4,3,cloudy,Low,arterial,1,1,High
10,3,cloudy,Low,highway,0,1,Low
5,1,clear,Heavy,arterial,1,1,Moderate
3,4,clear,Heavy,local,0,0,High
2,6,clear,Low,highway,1,1,High
14,6,cloudy,Heavy,local,0,1,Low
0,3,fog,Low,highway,0,1,High
15,6,clear,Low,highway,0,1,Low
10,6,cloudy,Low,arterial,1,0,Low
8,0,cloudy,Heavy,local,1,1,Low
18,4,clear,Heavy,arterial,1,1,Moderate
12,5,clear,Medium,arterial,0,1,Low
17,0,clear,Medium,arterial,0,0,Low
17,4,fog,Low,arterial,0,1,Moderate
0,6,clear,Low,arterial,1,1,High
5,1,clear,Low,arterial,1,1,Moderate
13,6,clear,Heavy,arterial,0,1,Moderate
23,6,cloudy,Medium,local,1,1,High
3,4,clear,Medium,arterial,1,1,Moderate
2,4,fog,Heavy,local,0,0,High
22,3,clear,Low,arterial,1,1,Moderate
23,2,rain,Low,highway,1,1,High
4,3,cloudy,Medium,highway,1,1,High
9,3,clear,Heavy,highway,0,1,Low
15,3,cloudy,Low,arterial,0,0,Low
4,5,cloudy,Low,highway,1,0,High
7,5,clear,Low,arterial,0,1,Low
9,2,cloudy,Heavy,local,1,1,Low
15,3,cloudy,Low,arterial,0,1,Low
7,1,cloudy,Medium,arterial,0,1,Low
9,1,cloudy,Heavy,highway,1,0,Moderate
6,2,cloudy,Medium,arterial,0,1,Low
18,0,clear,Low,arterial,1,0,Low
3,5,clear,Low,highway,0,1,High
5,0,clear,Low,local,1,0,Low
5,2,cloudy,Heavy,arterial,0,1,Moderate
21,1,clear,Heavy,local,0,1,Low
22,1,clear,Low,local,1,1,Moderate
12,2,rain,Medium,highway,0,1,Moderate
3,5,clear,Low,local,0,1,Moderate
18,6,clear,Medium,highway,0,0,Low
11,1,rain,Medium,highway,1,1,High
20,1,cloudy,Heavy,highway,0,1,Moderate
8,3,rain,Medium,local,1,1,Low
23,2,clear,Low,arterial,0,0,High
19,5,cloudy,Medium,local,0,0,Low
5,1,fog,Heavy,arterial,1,1,High
17,2,clear,Medium,highway,1,1,Low
6,3,clear,Heavy,arterial,1,1,Moderate
8,2,clear,Medium,highway,0,1,Low
6,4,rain,Medium,highway,1,0,High
16,5,clear,Medium,arterial,0,1,Low
6,3,clear,Heavy,highway,0,1,Moderate
15,3,clear,Medium,local,0,1,Low
13,6,fog,Medium,arterial,1,1,Moderate
18,6,clear,Heavy,local,0,1,Low
23,6,clear,Low,local,1,0,High
0,0,fog,Low,arterial,0,0,High
23,5,clear,Low,arterial,0,0,High
2,6,cloudy,Medium,arterial,1,1,Moderate
12,5,clear,Heavy,highway,1,1,Moderate
8,5,clear,Medium,local,1,1,Low
15,2,clear,Medium,arterial,0,1,Low
17,5,clear,Low,arterial,1,1,Low
20,4,clear,Heavy,arterial,0,0,Moderate
9,5,rain,Low,local,0,1,Low
22,2,clear,Low,arterial,1,1,High
7,5,clear,Heavy,highway,1,1,Low
4,5,cloudy,Heavy,arterial,1,1,High
9,5,fog,Low,arterial,1,0,Moderate
12,1,clear,Medium,arterial,1,1,Low
16,6,clear,Heavy,highway,0,1,Low
19,1,clear,Low,arterial,1,1,Moderate
5,6,rain,Heavy,highway,1,0,High
7,0,rain,Low,highway,1,1,Moderate
22,1,clear,Medium,arterial,0,1,Low
10,4,clear,Low,arterial,1,1,Low
5,3,clear,Low,arterial,1,1,Low
23,4,cloudy,Low,local,1,0,High
10,2,clear,Low,highway,0,0,Low
23,0,clear,Heavy,arterial,0,1,High
22,4,clear,Medium,arterial,1,0,High
21,3,cloudy,Low,arterial,1,0,Moderate
13,3,fog,Medium,arterial,1,1,Moderate
19,2,clear,Low,arterial,0,1,Moderate
23,6,rain,Medium,arterial,1,1,High
6,5,clear,Medium,highway,1,1,Moderate
0,1,cloudy,Medium,highway,1,1,High
7,0,rain,Medium,arterial,1,1,Moderate
15,1,cloudy,Medium,arterial,0,1,Low
13,0,clear,Heavy,highway,0,1,Moderate
1,4,clear,Medium,highway,0,1,Moderate
13,4,rain,Low,arterial,0,1,Low
4,3,cloudy,Low,local,0,1,Moderate
12,4,clear,Low,local,0,0,Low
13,5,cloudy,Heavy,arterial,0,1,Low
15,5,clear,Heavy,highway,0,1,Low
9,3,clear,Heavy,highway,1,0,Moderate
9,4,rain,Heavy,local,1,1,Moderate
16,4,clear,Heavy,arterial,0,0,Low
17,6,clear,Medium,local,0,1,Low
19,5,clear,Medium,arterial,0,1,Low
8,2,rain,Medium,arterial,1,1,Moderate
10,6,clear,Heavy,arterial,0,1,Low
7,2,clear,Heavy,highway,1,0,Moderate
12,5,clear,Heavy,local,0,1,Low
3,6,clear,Heavy,highway,1,0,High
10,5,clear,Heavy,arterial,1,1,Moderate
4,0,clear,Low,highway,1,1,High
12,1,clear,Medium,local,0,0,Low
20,5,cloudy,Heavy,local,0,1,Moderate
23,0,clear,Medium,arterial,1,1,Moderate
10,0,clear,Medium,arterial,0,1,Low
1,1,cloudy,Medium,arterial,0,1,Moderate
5,3,clear,Low,arterial,1,1,Low
2,0,clear,Heavy,arterial,1,1,High
18,1,fog,Heavy,local,1,1,Moderate
23,2,cloudy,Medium,local,1,0,High
13,4,cloudy,Low,arterial,0,1,Low
4,3,clear,Low,highway,0,1,High
0,5,fog,Medium,arterial,1,0,High
23,6,clear,Low,highway,0,0,High
7,0,clear,Low,arterial,1,1,Low
2,4,rain,Low,arterial,0,1,High
4,1,clear,Low,arterial,0,1,High
6,2,cloudy,Low,local,0,1,Low
15,2,clear,Heavy,local,0,1,Low
21,4,clear,Medium,arterial,0,1,Low
6,1,cloudy,Medium,arterial,0,1,Low
16,6,clear,Heavy,local,1,1,Moderate
1,2,cloudy,Medium,local,0,1,Low
0,5,clear,Heavy,local,1,1,High
1,6,clear,Low,highway,1,0,High
22,3,cloudy,Low,local,1,1,High
13,0,clear,Low,arterial,0,1,Low
19,4,cloudy,Heavy,arterial,1,1,Moderate
0,2,clear,Heavy,local,1,1,Moderate
0,2,clear,Medium,arterial,1,0,High
20,3,clear,Heavy,local,1,1,Low
2,2,rain,Low,highway,1,1,High
3,1,clear,Medium,local,0,1,Moderate
12,6,clear,Low,arterial,1,1,Low
14,1,fog,Medium,arterial,1,0,Low
5,3,clear,Low,local,1,1,Low
10,5,rain,Medium,local,0,1,Low
16,1,clear,Medium,arterial,1,1,Low
10,4,clear,Medium,local,0,1,Low
9,6,clear,Low,local,1,1,Low
1,5,clear,Medium,arterial,0,1,Moderate
10,0,cloudy,Low,highway,0,1,Moderate
19,2,clear,Low,arterial,1,1,Low
15,0,clear,Medium,arterial,1,1,Low
21,4,rain,Low,arterial,1,1,Moderate
3,2,cloudy,Medium,highway,0,0,High
0,6,clear,Low,local,0,0,High
13,1,clear,Medium,local,0,0,Low
4,5,clear,Medium,local,1,1,Moderate
14,2,rain,Low,local,1,1,High
21,6,cloudy,Low,highway,0,1,Low
8,1,cloudy,Medium,arterial,1,0,Low
13,1,clear,Heavy,local,0,1,Low
16,2,clear,Low,arterial,1,0,Low
3,6,clear,Low,arterial,1,1,High
21,5,clear,Heavy,arterial,1,1,Moderate
4,5,clear,Low,local,1,1,High
19,3,clear,Low,highway,0,1,Low
15,5,clear,Low,highway,1,1,Moderate
3,4,clear,Heavy,arterial,0,0,High
17,4,clear,Medium,arterial,1,0,Low
4,5,clear,Low,arterial,0,1,Moderate
14,6,rain,Medium,local,0,1,Low
23,4,cloudy,Low,local,1,1,High
22,3,clear,Low,highway,1,1,High
20,4,rain,Heavy,arterial,0,1,Moderate
11,5,clear,Medium,local,0,1,Low
13,6,clear,Medium,local,0,1,Low
7,4,rain,Heavy,arterial,0,0,Moderate
22,6,clear,Low,local,1,1,Moderate
11,5,cloudy,Low,highway,0,1,Low
18,6,clear,Low,local,1,1,Low
8,5,clear,Heavy,local,1,1,Low
17,6,clear,Medium,arterial,0,0,Low
5,1,clear,Medium,highway,1,1,Moderate
17,6,clear,Low,highway,0,1,Low
1,2,clear,Low,arterial,0,1,Moderate
2,5,clear,Medium,arterial,0,1,High
8,2,clear,Low,arterial,0,1,Low
11,3,clear,Heavy,arterial,0,0,Low
17,5,clear,Heavy,local,0,0,Low
8,3,clear,Heavy,local,0,0,Low
0,5,clear,Medium,arterial,0,1,Moderate
7,0,cloudy,Low,local,0,1,Low
10,5,fog,Medium,arterial,0,0,Moderate
13,2,clear,Low,local,0,1,Low
15,5,clear,Heavy,local,0,1,Low
5,1,rain,Medium,local,1,1,Moderate
14,4,cloudy,Low,highway,0,0,Low
15,4,fog,Heavy,local,0,0,Moderate
18,0,cloudy,Low,highway,1,1,Moderate
12,3,cloudy,Heavy,local,1,1,Low
19,4,clear,Medium,local,0,1,Low
5,5,clear,Heavy,arterial,1,0,Moderate
17,6,cloudy,Heavy,local,1,0,Moderate
1,2,clear,Low,local,1,1,Moderate
2,4,rain,Medium,local,1,1,High
20,1,fog,Low,highway,0,1,High
11,6,clear,Heavy,highway,0,1,Moderate
14,6,clear,Medium,local,0,1,Low
14,6,rain,Heavy,local,0,1,Moderate
16,3,rain,Heavy,arterial,1,1,Moderate
5,2,rain,Low,highway,1,1,High
4,5,cloudy,Low,highway,1,1,High
1,5,fog,Medium,local,1,1,High
20,1,clear,Low,highway,0,1,Low
5,3,clear,Low,arterial,1,1,Moderate
13,4,clear,Medium,local,0,1,Low
10,3,clear,Medium,arterial,0,0,Low
3,2,rain,Medium,arterial,0,1,High
9,1,clear,Low,highway,0,1,Low
1,2,cloudy,Low,arterial,0,1,High
4,1,clear,Low,local,1,0,High
3,2,cloudy,Heavy,highway,0,1,High
19,1,clear,Medium,arterial,0,0,Moderate
13,2,clear,Medium,arterial,1,1,Low
22,4,clear,Heavy,local,0,1,Moderate
10,2,clear,Heavy,arterial,1,1,Moderate
4,0,clear,Low,local,0,1,High
14,5,cloudy,Heavy,arterial,0,1,Moderate
22,3,clear,Low,highway,1,1,High
12,4,fog,Heavy,highway,1,1,Moderate
0,3,rain,Low,local,0,1,High
7,3,clear,Low,highway,1,0,Low
22,3,clear,Heavy,local,1,0,High
12,5,clear,Medium,local,1,0,Low
22,5,clear,Low,local,0,1,High
12,6,clear,Heavy,arterial,0,1,Low
0,3,rain,Low,highway,1,1,High
20,2,rain,Low,highway,0,0,Moderate
18,0,clear,Medium,arterial,1,1,Low
17,3,rain,Heavy,arterial,1,0,High
23,6,rain,Medium,arterial,1,0,High
4,1,clear,Medium,arterial,1,1,High
21,5,rain,Medium,local,0,1,Moderate
5,5,fog,Medium,highway,1,1,High
23,4,fog,Medium,arterial,1,0,High
4,3,cloudy,Low,local,0,0,High
13,5,clear,Low,local,1,1,Low
18,0,clear,Heavy,local,0,1,Low
1,0,fog,Heavy,local,1,0,High
1,1,clear,Medium,local,0,0,Moderate
20,5,clear,Low,local,1,1,Low
1,3,clear,Medium,local,0,1,Low
14,1,clear,Low,local,1,1,Low
22,0,clear,Medium,local,0,1,Low
14,3,rain,Medium,arterial,0,1,Moderate
11,2,clear,Medium,local,0,0,Low
10,1,clear,Low,local,0,0,Low
15,0,clear,Heavy,local,1,1,Low
13,5,cloudy,Low,highway,1,0,Moderate
12,5,rain,Low,arterial,0,0,Moderate
3,1,rain,Medium,highway,1,1,High
15,3,rain,Heavy,local,1,0,High
17,1,clear,Heavy,local,0,0,Low
17,2,rain,Medium,local,1,1,Moderate
1,0,clear,Medium,arterial,1,1,Moderate
16,6,cloudy,Medium,highway,1,0,Low
17,5,cloudy,Low,local,0,0,Low
4,6,clear,Low,arterial,0,1,High
20,2,clear,Medium,highway,1,0,Moderate
12,6,cloudy,Medium,local,1,1,Low
11,3,clear,Medium,highway,0,0,Low
17,1,cloudy,Heavy,highway,0,1,Moderate
12,2,clear,Medium,arterial,1,0,Low
13,5,cloudy,Medium,arterial,1,1,Low
7,5,rain,Heavy,local,1,0,Moderate
22,5,clear,Low,local,1,0,High
23,1,clear,Medium,arterial,1,0,High
3,4,cloudy,Heavy,highway,0,1,Moderate
17,6,clear,Medium,arterial,0,0,Low
0,0,clear,Heavy,arterial,0,1,Low
8,2,cloudy,Medium,local,0,0,Low
23,0,clear,Heavy,highway,1,1,High
4,0,cloudy,Low,highway,1,0,High
9,6,clear,Heavy,highway,0,1,Low
5,1,clear,Low,highway,1,1,Low
17,1,clear,Low,highway,1,0,Moderate
11,0,fog,Low,arterial,1,1,High
14,6,clear,Medium,local,0,0,Low
22,3,clear,Low,local,1,0,High
12,5,clear,Low,highway,0,0,Low
17,1,cloudy,Medium,highway,0,1,Low
2,4,cloudy,Medium,arterial,0,0,High
5,6,clear,Medium,arterial,0,1,Low
22,4,clear,Medium,arterial,1,1,Moderate
20,3,clear,Heavy,local,1,1,High
15,1,cloudy,Heavy,local,1,1,Low
9,1,rain,Medium,highway,1,0,Moderate
4,4,cloudy,Heavy,highway,0,1,High
20,3,cloudy,Heavy,highway,0,0,Moderate
18,0,clear,Medium,arterial,0,1,Low
5,1,cloudy,Low,highway,1,1,Moderate
14,3,cloudy,Low,arterial,1,1,Low
14,1,clear,Medium,arterial,1,0,Low
11,3,fog,Heavy,highway,1,1,High
22,2,clear,Low,local,1,1,Moderate
2,2,cloudy,Medium,local,1,1,Moderate
6,0,cloudy,Low,arterial,1,1,Moderate
2,3,rain,Medium,local,0,1,High
16,1,clear,Heavy,arterial,0,1,Low
15,4,rain,Heavy,local,0,1,Low
23,6,clear,Heavy,local,1,1,Moderate
13,6,clear,Medium,highway,0,1,Low
3,4,rain,Medium,local,1,1,High
10,5,clear,Heavy,arterial,0,1,Low
2,6,cloudy,Medium,arterial,1,1,Moderate
16,4,clear,Heavy,local,1,1,Low
16,1,fog,Low,arterial,1,1,High
20,3,rain,Low,local,1,1,Low
8,5,clear,Low,local,1,0,Low
7,4,rain,Heavy,arterial,0,1,Moderate
1,2,clear,Low,local,1,1,Moderate
9,1,cloudy,Heavy,highway,1,0,Moderate
11,1,rain,Medium,arterial,0,1,Moderate
18,2,cloudy,Medium,highway,1,1,Low
18,5,cloudy,Heavy,highway,1,0,Moderate
3,3,rain,Medium,arterial,0,1,High
6,0,cloudy,Low,highway,0,1,Moderate
12,6,rain,Medium,local,1,0,Moderate
8,2,clear,Heavy,local,0,1,Low
0,2,clear,Low,highway,1,0,High
20,5,rain,Low,highway,1,0,High
17,2,clear,Heavy,local,0,0,Low
12,4,clear,Low,highway,1,0,Low
7,6,rain,Low,local,1,0,Moderate
20,3,clear,Heavy,arterial,0,1,Moderate
0,4,clear,Heavy,arterial,0,1,Moderate
10,2,clear,Low,highway,0,0,Low
19,6,clear,Heavy,arterial,1,0,High
22,0,clear,Heavy,local,1,0,High
6,1,clear,Low,arterial,0,1,Low
15,6,rain,Medium,local,0,1,Moderate
4,3,clear,Heavy,arterial,0,1,Moderate
2,1,rain,Medium,local,0,0,High
8,2,fog,Medium,local,1,1,Moderate
21,1,clear,Medium,arterial,1,1,Moderate
16,3,fog,Low,local,0,1,Moderate
11,1,clear,Medium,local,0,1,Low
6,2,cloudy,Low,local,0,1,Low
3,6,fog,Heavy,highway,0,1,High
6,0,rain,Low,local,0,1,Low
3,5,clear,Low,local,1,1,High
4,0,clear,Low,local,1,0,High
16,3,clear,Heavy,local,1,1,Low
3,4,fog,Medium,highway,1,1,High
1,6,clear,Medium,local,0,1,High
13,1,clear,Medium,arterial,0,1,Low
6,0,clear,Medium,arterial,1,1,Moderate
10,5,clear,Heavy,highway,1,0,Low
3,6,clear,Low,arterial,0,1,Moderate
5,3,clear,Low,arterial,1,1,Moderate
10,0,cloudy,Heavy,arterial,1,1,Moderate
16,3,clear,Medium,arterial,1,0,Low
9,2,clear,Medium,highway,1,0,Low
13,3,clear,Low,highway,1,0,Low
12,0,clear,Heavy,arterial,1,1,Moderate
6,2,rain,Heavy,arterial,1,1,High
6,6,clear,Medium,highway,1,1,Moderate
10,0,clear,Low,arterial,0,1,Low
0,6,clear,Low,arterial,0,1,High
16,3,clear,Low,highway,0,1,Low
14,4,rain,Medium,highway,0,1,Low
7,6,rain,Medium,highway,0,1,Moderate
8,1,clear,Medium,arterial,0,1,Low
7,6,clear,Low,local,0,0,Moderate
15,1,clear,Low,highway,1,1,Low
18,2,cloudy,Heavy,arterial,0,1,Low
2,3,clear,Low,local,1,1,Moderate
9,4,fog,Heavy,local,0,1,Moderate
0,2,clear,Medium,arterial,0,1,Moderate
10,5,fog,Low,arterial,1,0,Moderate
5,0,clear,Medium,local,1,0,Low
8,4,clear,Heavy,highway,1,1,Moderate
10,4,clear,Heavy,arterial,0,1,Low
7,3,clear,Low,arterial,0,1,Low
9,4,fog,Low,highway,0,0,Moderate
18,5,clear,Medium,local,0,0,Low
19,6,clear,Low,arterial,0,1,Moderate
0,1,fog,Low,local,0,1,High
9,3,clear,Heavy,arterial,0,1,Moderate
20,3,clear,Medium,highway,1,1,Moderate
12,2,clear,Heavy,local,1,1,Low
4,6,clear,Medium,arterial,0,1,Moderate
14,3,rain,Low,local,0,1,Low
3,4,clear,Low,arterial,0,1,Moderate
0,1,cloudy,Heavy,highway,1,0,High
15,2,clear,Medium,arterial,0,1,Low
12,4,clear,Medium,arterial,1,0,Low
18,2,cloudy,Low,local,0,1,Low
8,5,cloudy,Medium,arterial,1,1,Low
20,0,cloudy,Low,arterial,1,0,Moderate
10,1,clear,Low,local,0,1,Low
17,2,clear,Heavy,arterial,1,0,High
2,2,cloudy,Heavy,highway,0,1,High
2,5,cloudy,Heavy,highway,1,0,High
18,6,clear,Heavy,local,1,1,Moderate
20,3,clear,Medium,highway,0,1,Moderate
22,3,rain,Low,local,1,0,High
7,2,clear,Medium,local,1,1,Low
0,3,cloudy,Low,highway,0,1,Moderate
23,4,cloudy,Heavy,arterial,0,0,High
14,5,clear,Heavy,arterial,1,1,Moderate
5,6,clear,Medium,arterial,0,1,Low
18,4,clear,Medium,arterial,1,0,Low
21,2,cloudy,Low,local,0,1,Low
6,0,rain,Low,local,1,0,High
18,4,clear,Low,arterial,0,0,Low
18,5,clear,Heavy,highway,1,1,Moderate
12,3,clear,Low,highway,1,0,Low
15,6,cloudy,Heavy,arterial,1,1,Moderate
6,2,clear,Medium,arterial,0,1,Low
22,0,rain,Medium,local,1,1,High
23,4,clear,Low,arterial,0,0,High
23,0,clear,Low,highway,1,0,High
17,0,clear,Medium,local,1,1,Low
1,4,rain,Medium,arterial,0,1,High
8,3,cloudy,Medium,local,1,1,Moderate
10,4,clear,Low,local,1,0,Low
23,5,clear,Low,arterial,0,0,High
13,2,rain,Low,highway,0,1,Moderate
12,4,rain,Heavy,arterial,1,0,High
3,3,clear,Medium,arterial,1,0,High
19,4,rain,Low,local,0,0,Moderate
8,4,rain,Heavy,local,1,1,Moderate
2,2,clear,Low,local,1,1,Moderate
23,3,clear,Heavy,local,0,0,High
4,4,clear,Medium,arterial,1,1,High
0,0,clear,Heavy,arterial,0,1,High
1,1,rain,Low,arterial,0,1,High
10,0,clear,Heavy,arterial,1,0,Moderate
2,1,clear,Heavy,highway,0,1,High
20,3,clear,Low,arterial,0,1,Low
12,6,cloudy,Low,local,0,1,Low
7,6,clear,Heavy,highway,1,1,Low
0,5,clear,Medium,arterial,0,1,Moderate
11,3,clear,Medium,highway,0,1,Low
3,1,rain,Low,local,0,1,High
23,2,clear,Low,arterial,1,1,High
6,5,clear,Heavy,arterial,0,1,Low
11,6,rain,Low,local,0,1,Low
0,6,clear,Low,arterial,1,0,High
3,2,cloudy,Low,arterial,0,0,High
4,3,clear,Heavy,arterial,1,0,High
1,3,rain,Low,local,0,1,High
17,0,clear,Medium,arterial,1,0,Low
22,0,clear,Medium,arterial,0,1,Moderate
23,0,clear,Medium,local,0,1,Moderate
6,5,fog,Low,arterial,1,0,Moderate
18,1,rain,Low,local,0,1,Low
12,4,clear,Low,highway,1,0,Low
1,2,clear,Heavy,local,0,0,High
2,5,clear,Heavy,local,1,1,High
13,0,clear,Heavy,arterial,1,0,Low
10,2,clear,Heavy,local,0,0,Low
0,1,rain,Low,highway,1,1,High
22,3,clear,Heavy,arterial,0,0,High
17,3,rain,Medium,highway,0,1,Moderate
12,1,clear,Heavy,arterial,0,1,Low
23,4,rain,Heavy,arterial,0,0,High
23,6,clear,Medium,local,0,0,Moderate
23,0,clear,Medium,arterial,1,0,High
6,0,rain,Low,local,0,1,Low
21,6,clear,Heavy,arterial,1,0,High
12,4,rain,Low,local,1,1,Moderate
17,6,rain,Medium,highway,1,1,Moderate
20,4,fog,Heavy,highway,1,1,High
3,5,rain,Low,arterial,0,0,High
10,1,clear,Medium,local,0,1,Low
3,3,clear,Medium,arterial,1,1,Moderate
6,2,cloudy,Medium,local,0,0,Low
9,5,clear,Low,highway,1,1,Low
20,0,clear,Low,arterial,1,1,Low
20,0,clear,Medium,local,1,0,Low
9,3,cloudy,Medium,arterial,0,1,Low
7,6,clear,Heavy,highway,1,1,Low
12,6,clear,Heavy,local,0,1,Low
21,4,fog,Medium,highway,1,0,High
23,3,rain,Low,arterial,0,1,High
5,1,clear,Heavy,highway,0,1,Moderate
4,6,clear,Low,local,1,1,High
16,1,cloudy,Heavy,local,0,0,Low
7,0,clear,Heavy,arterial,1,1,Moderate
4,3,cloudy,Heavy,local,0,1,Moderate
0,2,rain,Low,local,0,1,Moderate
9,3,clear,Low,local,0,1,Low
9,6,clear,Medium,local,1,0,Moderate
13,1,clear,Medium,local,0,1,Low
4,6,clear,Medium,highway,1,0,High
17,1,cloudy,Medium,arterial,0,1,Low
16,2,clear,Medium,arterial,1,1,Low
11,0,fog,Low,highway,0,0,High
4,4,cloudy,Low,arterial,0,0,High
12,6,clear,Medium,arterial,1,1,Low
16,6,clear,Low,arterial,1,0,Low
8,1,clear,Medium,arterial,1,1,Low
6,5,clear,Heavy,highway,1,1,Moderate
12,0,cloudy,Heavy,highway,1,1,Moderate
8,4,clear,Heavy,arterial,1,1,Moderate
9,4,clear,Medium,local,1,1,Low
8,1,clear,Heavy,arterial,0,1,Low
7,0,clear,Medium,local,0,1,Low
17,0,cloudy,Heavy,local,0,1,Low
11,4,fog,Low,local,0,0,Moderate
11,4,cloudy,Heavy,arterial,0,0,Low
15,0,fog,Low,arterial,1,0,Moderate
8,3,cloudy,Low,highway,1,1,Low
2,5,clear,Medium,highway,1,1,High
20,1,rain,Low,arterial,1,1,High
1,4,clear,Low,arterial,0,0,High
13,2,clear,Heavy,arterial,1,0,Moderate
6,1,fog,Medium,highway,0,1,Moderate
5,2,cloudy,Heavy,local,0,1,Moderate
1,2,rain,Heavy,arterial,0,1,High
21,3,clear,Medium,arterial,1,1,Low
10,1,rain,Heavy,arterial,1,1,High
8,2,clear,Low,arterial,1,0,Low
17,4,clear,Low,arterial,0,0,Low
0,2,rain,Low,arterial,1,1,High
13,4,clear,Heavy,highway,1,1,Low
11,0,cloudy,Low,local,0,1,Low
13,0,rain,Medium,arterial,0,1,High
2,6,rain,Medium,local,0,1,High
22,3,clear,Heavy,arterial,1,0,High
5,4,clear,Heavy,local,1,1,Moderate
16,5,rain,Low,arterial,0,1,Moderate
17,1,cloudy,Low,local,0,0,Low
8,6,clear,Medium,highway,0,1,Low
3,2,clear,Heavy,local,0,0,High
7,6,clear,Low,local,1,1,Low
19,2,fog,Heavy,highway,1,1,High
21,2,clear,Low,highway,1,1,Moderate
22,4,rain,Low,local,1,1,High
5,1,clear,Low,arterial,1,1,Moderate
14,4,clear,Heavy,highway,1,1,High
3,6,cloudy,Heavy,arterial,0,0,High
17,4,rain,Medium,local,0,0,Low
9,0,clear,Heavy,local,1,1,Low
17,4,clear,Medium,arterial,1,1,Moderate
16,0,cloudy,Low,local,0,0,Low
23,0,clear,Heavy,arterial,1,0,High
11,1,clear,Low,arterial,1,1,Low
8,2,cloudy,Heavy,highway,0,1,Low
12,0,clear,Heavy,highway,1,1,Moderate
3,0,cloudy,Heavy,highway,1,1,High
2,5,clear,Medium,arterial,1,1,High
12,3,cloudy,Heavy,arterial,0,1,Low
19,1,rain,Low,arterial,1,0,Moderate
12,3,rain,Medium,local,1,1,Moderate
18,4,cloudy,Low,highway,1,1,Moderate
4,5,cloudy,Medium,arterial,1,1,High
10,2,clear,Medium,arterial,0,1,Low
14,1,clear,Low,arterial,1,1,Low
8,6,clear,Low,highway,0,1,Low
0,4,cloudy,Medium,arterial,0,1,Moderate
1,6,clear,Heavy,arterial,0,0,High
22,2,clear,Medium,arterial,1,1,High
14,0,clear,Medium,highway,1,1,Low
6,2,cloudy,Heavy,local,0,1,Low
6,2,clear,Heavy,arterial,0,1,Low
0,5,clear,Heavy,arterial,0,1,Moderate
22,5,cloudy,Medium,local,0,1,Moderate
2,0,rain,Medium,local,0,1,Moderate
18,4,cloudy,Low,local,0,0,Low
5,2,clear,Heavy,local,0,1,Low
8,4,rain,Low,local,1,0,Moderate
6,2,clear,Heavy,local,1,0,Moderate
19,3,clear,Heavy,arterial,1,0,Low
0,5,clear,Medium,arterial,1,1,High
8,2,clear,Low,arterial,1,0,Low
6,1,cloudy,Low,local,0,1,Low
6,4,clear,Medium,arterial,1,0,Moderate
4,6,rain,Low,highway,0,1,High
21,3,cloudy,Low,arterial,0,1,Low
9,6,clear,Low,arterial,0,1,Low
10,1,clear,Medium,arterial,0,1,Low
9,5,cloudy,Medium,arterial,0,1,Low
23,6,clear,Low,arterial,0,1,High
8,2,clear,Medium,highway,0,1,Low
8,1,clear,Medium,local,0,1,Low
7,4,clear,Medium,highway,1,0,Low
7,6,clear,Heavy,arterial,1,1,Moderate
2,0,rain,Low,local,1,1,High
14,4,clear,Medium,arterial,0,0,Low
0,6,clear,Low,arterial,0,0,High
5,0,cloudy,Low,highway,1,1,High
4,3,rain,Medium,arterial,1,1,High
6,0,cloudy,Medium,arterial,1,1,Moderate
18,1,clear,Medium,arterial,1,1,Moderate
14,3,fog,Heavy,highway,0,1,Moderate
23,2,clear,Heavy,local,0,1,Moderate
8,0,clear,Low,arterial,0,1,Low
22,5,cloudy,Medium,highway,0,1,High
1,1,clear,Medium,local,0,1,Moderate
12,6,cloudy,Medium,local,0,0,Low
19,1,fog,Medium,highway,1,1,High
12,3,clear,Heavy,highway,1,1,Moderate
22,5,clear,Medium,highway,0,1,Moderate
7,3,clear,Heavy,local,0,1,Low
0,2,clear,Medium,arterial,1,0,High
18,5,cloudy,Heavy,local,1,1,Moderate
1,0,fog,Medium,arterial,0,1,High
18,5,cloudy,Low,arterial,0,1,Low
17,4,fog,Medium,highway,0,0,Moderate
20,5,clear,Medium,local,1,0,Low
11,2,clear,Low,arterial,0,0,Low
21,2,clear,Medium,arterial,1,1,Moderate
4,4,rain,Heavy,highway,1,0,High
10,4,clear,Heavy,local,1,1,Low
2,6,clear,Medium,arterial,1,0,High
18,6,clear,Medium,highway,0,1,Low
17,0,clear,Heavy,arterial,1,0,Low
19,1,cloudy,Heavy,local,1,1,Moderate
18,6,rain,Low,local,1,1,Moderate
7,2,clear,Low,arterial,1,1,Low
1,4,clear,Low,local,0,1,Moderate
22,0,clear,Medium,arterial,1,1,Low
11,0,clear,Heavy,highway,1,1,Moderate
2,2,clear,Low,arterial,1,0,High
22,5,cloudy,Medium,highway,0,1,High
23,5,cloudy,Low,local,0,1,High
10,6,cloudy,Low,local,0,1,Moderate
18,1,rain,Medium,highway,0,1,Moderate
0,1,clear,Medium,arterial,1,1,Moderate
2,3,cloudy,Low,local,0,1,Moderate
6,3,cloudy,Low,local,0,1,Low
15,0,clear,Medium,arterial,0,1,Low
3,3,clear,Heavy,arterial,1,1,Moderate
0,6,clear,Heavy,arterial,0,1,High
16,1,clear,Medium,highway,0,1,Low
18,5,clear,Heavy,local,1,1,Low
17,3,clear,Medium,local,0,1,Low
19,3,rain,Low,arterial,0,0,High
19,4,rain,Medium,local,1,1,High
14,4,cloudy,Heavy,arterial,0,1,Low
12,4,cloudy,Medium,local,1,0,Moderate
20,0,fog,Heavy,local,1,0,High
8,2,clear,Medium,highway,0,1,Low
2,5,clear,Heavy,local,0,0,High
18,0,cloudy,Heavy,local,0,1,Moderate
6,5,rain,Heavy,arterial,0,0,Moderate
23,3,rain,Heavy,arterial,0,1,High
9,0,clear,Low,highway,1,0,Moderate
20,0,cloudy,Medium,local,0,1,Low
1,6,clear,Low,arterial,1,1,High
15,0,clear,Heavy,arterial,0,1,Low
10,0,clear,Medium,arterial,1,1,Moderate
11,0,cloudy,Low,arterial,1,1,Low
6,4,clear,Medium,highway,0,1,Moderate
23,6,clear,Low,highway,1,1,High
9,1,cloudy,Medium,local,0,1,Low
20,5,clear,Low,arterial,1,0,Moderate
10,5,rain,Heavy,local,0,1,Moderate
1,1,clear,Medium,arterial,1,0,High
21,0,cloudy,Heavy,arterial,0,1,Moderate
4,3,clear,Low,local,1,1,Moderate
6,0,fog,Medium,arterial,1,1,Moderate
20,0,rain,Heavy,arterial,1,1,Moderate
21,3,clear,Medium,arterial,0,0,Low
22,5,cloudy,Low,highway,0,0,High
10,6,rain,Heavy,highway,1,1,High
18,4,clear,Low,local,1,0,Low
7,1,cloudy,Low,highway,1,1,Low
17,2,rain,Heavy,local,1,1,Moderate
12,4,clear,Heavy,highway,0,1,Low
1,1,rain,Medium,highway,1,0,High
10,3,clear,Low,local,0,1,Low
11,5,rain,Low,arterial,0,1,Moderate
6,5,fog,Low,arterial,0,1,Moderate
8,0,clear,Medium,highway,1,1,Moderate
12,2,clear,Low,arterial,1,0,Low
1,1,cloudy,Medium,local,1,1,Moderate
3,3,rain,Heavy,local,1,1,High
18,1,clear,Heavy,local,1,0,Low
8,6,clear,Heavy,arterial,1,1,Low
14,6,rain,Low,arterial,0,1,Low
13,2,clear,Medium,local,1,1,Moderate
13,2,cloudy,Heavy,local,1,1,Low
9,3,cloudy,Low,arterial,1,1,Moderate
11,0,fog,Low,highway,1,1,High
19,6,clear,Low,arterial,0,1,Moderate
23,5,fog,Medium,local,1,1,High
6,2,cloudy,Heavy,local,0,1,Low
16,3,rain,Medium,local,0,1,Low
23,2,clear,Medium,local,1,1,Moderate
0,1,cloudy,Medium,highway,1,1,High
18,2,rain,Heavy,highway,1,1,High
11,0,rain,Low,arterial,1,1,Moderate
23,5,clear,Medium,highway,0,1,Moderate
13,4,clear,Heavy,local,0,1,Low
20,6,clear,Heavy,arterial,0,1,Moderate
3,0,clear,Medium,highway,0,1,Moderate
3,4,cloudy,Low,highway,0,1,High
22,3,fog,Heavy,local,1,1,High
12,4,cloudy,Heavy,local,0,0,Moderate
13,6,clear,Low,arterial,1,1,Low
4,2,clear,Low,local,1,0,Moderate
5,0,clear,Low,local,0,1,Low
19,0,clear,Medium,local,1,1,Low
7,3,rain,Low,arterial,1,1,Moderate
14,1,clear,Low,highway,0,0,Low
7,0,clear,Heavy,local,1,1,Low
6,1,cloudy,Low,highway,0,1,Moderate
3,1,clear,Heavy,arterial,0,0,High
22,0,clear,Medium,highway,0,1,High
22,3,clear,Medium,highway,1,1,Moderate
2,4,clear,Heavy,arterial,1,1,High
8,2,cloudy,Low,arterial,0,0,Low
13,0,clear,Low,highway,1,1,Low
9,4,cloudy,Medium,arterial,1,0,Moderate
17,0,clear,Medium,local,1,1,Low
6,5,clear,Medium,highway,0,1,Moderate
1,2,cloudy,Heavy,local,1,1,Moderate
8,2,clear,Heavy,highway,0,1,Low
14,1,clear,Low,arterial,1,0,Low
4,1,clear,Low,highway,0,1,High
19,1,clear,Medium,local,1,0,Low
0,3,clear,Heavy,highway,1,1,High
1,1,fog,Low,highway,1,1,High
12,4,clear,Medium,local,0,0,Low
12,1,clear,Low,local,1,1,Low
7,3,clear,Heavy,arterial,1,1,Low
6,3,clear,Low,highway,1,1,Moderate
1,4,rain,Medium,arterial,1,1,High
15,5,cloudy,Low,local,1,1,Low
9,3,fog,Medium,arterial,0,1,Moderate
2,5,clear,Medium,highway,0,1,High
9,1,clear,Medium,local,0,0,Low
22,5,cloudy,Low,local,1,0,High
6,2,clear,Low,arterial,0,0,Low
21,4,clear,Low,highway,1,1,High
6,3,clear,Heavy,arterial,1,0,Moderate
4,6,clear,Heavy,arterial,1,0,High
6,1,rain,Low,arterial,0,1,Moderate
7,3,rain,Low,arterial,0,1,Low
2,1,cloudy,Medium,arterial,1,0,High
14,4,clear,Low,highway,1,1,Moderate
8,0,rain,Heavy,local,1,1,Moderate
17,2,cloudy,Medium,highway,1,1,Moderate
11,0,rain,Medium,local,1,0,Low
10,2,clear,Medium,local,1,1,Low
11,3,fog,Heavy,local,1,1,Moderate
3,2,clear,Heavy,arterial,1,0,High
17,2,cloudy,Low,arterial,1,0,Moderate
2,1,rain,Low,local,1,1,High
17,5,rain,Medium,local,0,1,Low
23,5,fog,Low,arterial,1,1,High
18,3,clear,Medium,arterial,1,1,Moderate
10,0,cloudy,Heavy,arterial,1,1,Low
7,0,clear,Low,local,1,1,Low
20,4,cloudy,Heavy,local,1,1,Moderate
6,6,clear,Low,arterial,1,1,Low
11,6,clear,Low,local,1,1,Low
18,2,rain,Low,arterial,1,1,Moderate
22,3,rain,Low,local,1,0,High
22,1,clear,Low,local,0,1,Moderate
2,0,clear,Heavy,arterial,0,1,Moderate
21,5,clear,Medium,local,0,1,Low
2,2,clear,Low,arterial,0,1,High
14,3,clear,Low,local,1,1,Low
22,2,rain,Heavy,highway,1,1,High
15,2,clear,Low,local,0,1,Low
22,6,clear,Low,highway,0,1,High
8,5,cloudy,Heavy,highway,1,0,High
7,4,clear,Medium,arterial,1,1,Low
7,2,clear,Low,local,0,1,Low
8,5,clear,Medium,arterial,1,0,Low
16,2,clear,Medium,arterial,0,0,Low
10,3,clear,Medium,local,1,1,Low
17,1,cloudy,Low,local,1,1,Low
9,4,clear,Heavy,local,0,1,Low
7,0,rain,Medium,highway,0,1,Moderate
4,5,rain,Low,highway,1,1,High
13,4,rain,Medium,highway,0,1,Moderate
21,0,fog,Medium,local,1,1,Moderate
20,3,rain,Heavy,local,0,1,Moderate
6,1,rain,Low,arterial,0,0,Moderate
11,3,clear,Low,local,1,1,Low
16,0,clear,Heavy,local,0,1,Low
14,5,cloudy,Low,local,1,0,Low
1,3,rain,Low,highway,1,1,High
14,2,rain,Heavy,local,1,0,High
0,6,cloudy,Heavy,arterial,1,1,High
2,4,rain,Medium,highway,0,0,High
15,4,cloudy,Medium,highway,1,1,Moderate
2,1,cloudy,Medium,arterial,1,0,Moderate
8,3,clear,Heavy,arterial,0,0,Moderate
14,4,clear,Medium,highway,1,0,Moderate
15,6,clear,Medium,arterial,0,1,Low
10,4,clear,Heavy,arterial,0,1,Low
2,1,clear,Low,highway,1,0,High
19,4,clear,Medium,local,1,1,Moderate
22,0,rain,Medium,local,0,0,Moderate
21,2,clear,Medium,arterial,1,1,Moderate
17,6,cloudy,Medium,local,1,1,Low
9,5,clear,Low,arterial,0,1,Low
21,6,rain,Medium,highway,0,1,Moderate
11,2,clear,Medium,local,0,1,Low
3,4,cloudy,Heavy,highway,0,1,High
20,4,cloudy,Low,arterial,0,1,Low
7,1,clear,Heavy,local,0,1,Moderate
22,6,cloudy,Low,local,1,0,High
8,6,cloudy,Heavy,arterial,0,1,Low
20,0,rain,Medium,arterial,1,1,High
12,5,clear,Medium,local,0,0,Low
11,3,rain,Heavy,local,1,1,Low
7,4,clear,Medium,highway,0,1,Low
20,3,clear,Low,highway,1,0,Moderate
1,1,clear,Medium,highway,1,0,High
11,0,clear,Medium,highway,1,0,Low
8,3,clear,Heavy,local,0,1,Low
13,5,rain,Medium,highway,1,0,Moderate
6,5,cloudy,Low,local,0,1,Low
15,1,fog,Low,arterial,1,0,Moderate
9,6,clear,Medium,highway,0,1,Low
4,2,cloudy,Medium,arterial,1,1,Moderate
4,3,clear,Heavy,local,0,0,High
16,2,clear,Low,highway,1,1,Moderate
6,3,clear,Medium,local,0,1,Low
7,3,cloudy,Heavy,highway,1,1,Moderate
15,4,cloudy,Low,local,0,1,Low
7,3,clear,Medium,highway,1,1,Low
9,3,clear,Heavy,local,0,0,Low
5,4,clear,Low,arterial,1,0,Moderate
8,2,clear,Medium,local,0,1,Low
16,3,cloudy,Medium,local,1,0,Low
12,0,clear,Low,highway,1,1,Moderate
23,6,rain,Heavy,highway,0,0,High
18,0,fog,Low,arterial,0,1,Moderate
0,6,clear,Heavy,arterial,1,0,High
9,5,rain,Medium,local,1,1,Moderate
6,6,rain,Low,highway,0,1,Moderate
14,0,clear,Low,arterial,0,0,Low
6,1,rain,Heavy,arterial,1,1,High
23,0,clear,Medium,local,1,1,High
7,2,cloudy,Low,highway,0,1,Low
12,6,cloudy,Low,arterial,0,1,Low
2,5,rain,Medium,arterial,0,1,High
21,4,rain,Low,arterial,0,1,Low
21,5,rain,Heavy,arterial,1,0,Moderate
19,0,clear,Low,arterial,0,1,Moderate
8,5,fog,Low,local,0,0,Low
1,2,cloudy,Medium,arterial,1,0,Moderate
17,4,rain,Low,local,1,1,Moderate
10,5,rain,Heavy,arterial,1,1,High
23,4,clear,Heavy,arterial,1,1,High
16,2,clear,Medium,local,0,1,Low
12,4,rain,Heavy,local,0,1,Moderate
23,3,rain,Heavy,highway,1,1,High
19,4,rain,Low,arterial,0,1,Moderate
11,3,clear,Low,highway,1,0,Moderate
0,2,clear,Medium,highway,0,0,High
2,1,clear,Heavy,local,1,0,High
10,2,clear,Heavy,local,0,1,Low
13,5,rain,Medium,local,1,1,Moderate
0,6,cloudy,Low,arterial,0,0,High
3,0,clear,Heavy,local,0,0,High
16,1,clear,Medium,local,1,1,Low
18,3,fog,Heavy,local,1,0,Moderate
0,4,cloudy,Heavy,local,1,1,High
12,1,clear,Low,arterial,1,1,Low
1,2,clear,Medium,highway,1,0,High
17,0,clear,Medium,highway,1,1,Moderate
20,0,clear,Medium,highway,0,1,Low
20,1,cloudy,Medium,arterial,1,1,Moderate
14,5,clear,Heavy,highway,1,1,Moderate
15,6,clear,Heavy,local,0,0,Low
22,3,clear,Low,local,1,1,Moderate
14,1,clear,Low,local,0,1,Low
10,6,cloudy,Medium,highway,0,1,Low
18,1,cloudy,Medium,highway,0,1,Moderate
14,1,clear,Medium,local,0,1,Low
20,0,clear,Medium,local,1,1,Moderate
12,2,rain,Medium,local,1,1,Low
20,5,rain,Heavy,local,0,1,Moderate
1,2,clear,Low,highway,1,0,High
0,3,clear,Medium,local,0,1,Moderate
2,2,fog,Heavy,highway,1,1,High
13,6,clear,Low,arterial,1,1,Low
17,4,fog,Low,arterial,1,0,Moderate
5,4,rain,Medium,local,0,1,Low
3,3,clear,Low,arterial,0,1,Moderate
20,3,clear,Medium,highway,1,1,Moderate
18,6,fog,Heavy,local,0,0,Moderate
15,4,clear,Low,arterial,1,1,Low
11,5,clear,Heavy,local,0,0,Low
10,0,clear,Low,local,0,1,Low
0,6,cloudy,Medium,highway,0,0,High
4,6,rain,Low,arterial,1,1,High
21,4,cloudy,Heavy,highway,1,0,High
8,6,clear,Heavy,local,1,1,Low
16,3,cloudy,Low,local,0,1,Low
16,1,cloudy,Heavy,arterial,0,0,Low
7,4,clear,Heavy,local,1,1,Low
4,4,rain,Heavy,arterial,1,1,High
16,1,cloudy,Medium,arterial,1,1,Low
2,1,clear,Medium,local,1,0,Moderate
11,2,fog,Heavy,local,1,1,High
21,3,clear,Heavy,arterial,1,1,Moderate
17,1,clear,Heavy,local,0,1,Low
18,5,clear,Low,arterial,1,1,Low
1,0,clear,Low,arterial,0,1,High
4,6,clear,Medium,highway,0,1,High
6,4,clear,Low,arterial,0,0,Low
7,2,rain,Medium,arterial,1,1,Moderate
4,2,cloudy,Heavy,local,0,1,Moderate
23,4,clear,Medium,arterial,0,1,Low
3,0,cloudy,Heavy,local,1,1,Moderate
16,5,cloudy,Medium,highway,1,1,Moderate
14,3,clear,Low,arterial,0,1,Low
14,1,fog,Low,arterial,1,0,High
5,6,clear,Heavy,local,0,1,Low
7,4,clear,Medium,arterial,1,1,Low
14,1,clear,Heavy,arterial,0,1,Low
7,4,clear,Low,highway,0,1,Low
16,2,clear,Low,local,0,1,Low
0,5,clear,Heavy,local,0,1,High
1,3,cloudy,Medium,local,1,1,Moderate
17,6,rain,Medium,arterial,1,1,Moderate
14,6,rain,Medium,local,0,0,Low
1,0,cloudy,Medium,arterial,0,1,Moderate
21,2,cloudy,Heavy,highway,0,0,Moderate
0,1,cloudy,Low,highway,0,1,High
22,3,clear,Low,arterial,0,1,High
17,1,clear,Low,local,0,1,Low
23,3,clear,Medium,local,0,0,High
22,1,clear,Heavy,highway,0,1,High
7,4,cloudy,Medium,arterial,0,0,Low
18,3,clear,Heavy,highway,0,1,Low
5,6,clear,Medium,local,1,0,Low
11,6,clear,Medium,highway,0,0,Low
5,4,rain,Medium,local,1,0,High
11,3,clear,Heavy,arterial,0,1,Moderate
20,5,clear,Low,arterial,0,1,Low
10,4,clear,Medium,local,1,1,Low
2,0,clear,Medium,local,0,1,Moderate
7,2,rain,Heavy,local,1,1,Moderate
18,6,clear,Low,arterial,1,0,Low
12,2,clear,Low,arterial,0,1,Low
13,0,fog,Medium,highway,1,1,High
10,5,clear,Medium,local,1,1,Low
7,6,cloudy,Low,arterial,1,0,Low
14,4,cloudy,Medium,local,1,0,Low
15,4,clear,Medium,local,0,1,Low
21,2,clear,Medium,arterial,0,1,Moderate
14,2,clear,Medium,highway,0,1,Moderate
23,6,clear,Low,arterial,1,0,High
19,6,clear,Heavy,arterial,1,1,Moderate
1,3,cloudy,Medium,highway,1,1,High
9,2,clear,Medium,arterial,0,1,Low
9,1,clear,Medium,arterial,0,1,Moderate
0,0,cloudy,Low,highway,1,1,High
4,3,clear,Heavy,arterial,0,1,High
18,3,cloudy,Medium,highway,1,1,Moderate
8,4,clear,Low,local,1,0,Low
3,5,cloudy,Heavy,local,0,1,High
6,2,rain,Heavy,highway,0,1,High
6,1,clear,Heavy,arterial,1,1,Moderate
4,5,rain,Medium,local,1,0,High
2,5,clear,Medium,arterial,1,1,High
18,3,clear,Medium,arterial,0,0,Low
19,0,clear,Low,local,0,0,Low
11,3,clear,Medium,local,0,1,Low
14,4,rain,Heavy,highway,1,1,Moderate
22,6,clear,Medium,arterial,1,0,High
20,3,clear,Heavy,arterial,1,1,Moderate
0,3,rain,Medium,highway,1,1,High
22,2,clear,Medium,local,0,1,Moderate
1,2,cloudy,Medium,local,1,1,Moderate
0,0,clear,Heavy,local,0,1,Moderate
9,0,fog,Low,arterial,1,1,Moderate
17,5,clear,Medium,highway,1,1,Moderate
1,2,cloudy,Heavy,arterial,1,1,Moderate
7,5,cloudy,Medium,arterial,1,0,Moderate
6,2,fog,Low,arterial,0,1,Low
9,6,fog,Medium,local,1,1,Moderate
23,1,rain,Heavy,local,1,0,High
7,1,clear,Medium,highway,0,0,Low
5,4,clear,Heavy,local,1,1,Moderate
2,5,rain,Low,arterial,0,0,High
4,1,cloudy,Medium,arterial,1,0,Moderate
3,3,rain,Low,highway,1,1,High
13,1,rain,Heavy,highway,1,1,Moderate
10,5,clear,Low,local,1,1,Low
11,3,clear,Heavy,local,1,0,Low
19,4,clear,Medium,local,0,1,Low
13,1,cloudy,Medium,highway,0,1,Low
3,2,clear,Medium,local,1,1,Moderate
9,4,clear,Low,arterial,0,1,Low
7,2,cloudy,Low,arterial,1,1,Low
19,4,clear,Medium,highway,1,1,Moderate
7,1,clear,Heavy,local,0,0,Low
3,2,clear,Heavy,local,0,1,Moderate
17,0,clear,Heavy,local,1,0,Low
10,0,clear,Low,local,0,1,Low
2,1,cloudy,Heavy,highway,1,0,High
16,3,rain,Low,arterial,0,1,Moderate
5,1,cloudy,Medium,arterial,0,0,Moderate
20,0,fog,Low,arterial,0,0,Low
19,6,clear,Heavy,arterial,0,1,Moderate
8,3,clear,Medium,local,0,0,Low
13,5,clear,Medium,local,1,0,Low
13,5,cloudy,Low,arterial,0,0,Low
15,0,clear,Medium,local,0,1,Low
1,4,fog,Low,arterial,0,1,High
7,6,cloudy,Medium,arterial,1,1,Low
4,3,rain,Medium,highway,1,1,High
16,6,clear,Low,highway,1,1,Moderate
1,6,cloudy,Low,arterial,1,1,High
12,3,clear,Low,local,0,1,Low
17,0,clear,Medium,local,0,1,Low
22,4,rain,Low,local,0,0,High
6,6,clear,Low,arterial,0,0,Moderate
0,4,rain,Low,local,1,1,High
17,5,cloudy,Low,local,0,0,Low
0,3,cloudy,Medium,highway,0,0,High
1,2,clear,Medium,arterial,1,1,High
23,6,clear,Low,arterial,0,1,Moderate
20,1,clear,Medium,local,1,0,High
16,3,cloudy,Medium,arterial,1,1,Low
20,1,clear,Medium,local,0,1,Low
1,4,fog,Heavy,highway,0,0,High
2,6,fog,Medium,arterial,1,1,High
7,6,clear,Medium,arterial,0,0,Low
0,1,cloudy,Medium,highway,0,0,High
21,5,clear,Medium,local,1,0,Moderate
1,6,clear,Low,local,0,1,High
13,5,clear,Low,arterial,1,0,Moderate
20,3,rain,Heavy,highway,1,0,High
17,1,rain,Heavy,local,0,1,Moderate
5,3,clear,Heavy,local,0,1,Moderate
11,5,clear,Medium,local,1,1,Low
13,4,clear,Heavy,arterial,1,1,Moderate
18,2,clear,Heavy,local,1,1,Low
10,1,clear,Medium,arterial,0,1,Low
6,4,rain,Heavy,highway,1,1,High
19,2,fog,Heavy,local,1,0,High
21,3,clear,Medium,highway,0,0,Moderate
11,6,rain,Heavy,arterial,1,1,Moderate
0,0,cloudy,Heavy,local,0,1,High
12,1,cloudy,Medium,local,1,0,Low
21,6,rain,Medium,arterial,1,1,Moderate
23,6,clear,Low,arterial,1,0,High
9,2,clear,Heavy,local,1,1,Low
3,6,clear,Low,arterial,1,1,High
13,1,cloudy,Low,arterial,0,0,Low
19,0,clear,Medium,highway,1,1,High
22,2,clear,Medium,arterial,0,1,Low
1,3,clear,Low,arterial,0,1,High
6,0,clear,Low,arterial,0,1,Low
11,1,clear,Heavy,arterial,0,0,Low
2,5,clear,Medium,local,1,1,Moderate
21,4,rain,Heavy,arterial,0,1,Moderate
2,4,cloudy,Heavy,highway,1,1,High
15,6,clear,Medium,local,1,0,Low
22,1,rain,Medium,local,0,1,High
16,6,rain,Low,arterial,0,0,Low
18,2,clear,Heavy,local,1,1,Low
6,6,cloudy,Medium,highway,1,1,Low
19,5,clear,Heavy,local,0,0,Moderate
10,1,clear,Heavy,local,1,1,Low
1,1,cloudy,Low,arterial,1,1,Moderate
8,3,clear,Heavy,local,0,1,Low
8,3,clear,Heavy,arterial,1,1,Low
12,1,clear,Medium,highway,1,1,Low
6,1,clear,Heavy,highway,0,1,High
11,6,clear,Medium,highway,1,0,Moderate
10,5,rain,Medium,local,1,0,Low
7,1,clear,Low,local,0,1,Low
16,5,clear,Heavy,highway,0,1,Low
7,1,rain,Heavy,arterial,1,1,Moderate
18,3,clear,Low,local,1,0,Low
6,0,cloudy,Medium,arterial,0,1,Low
20,4,clear,Low,local,1,1,Moderate
8,1,clear,Medium,highway,0,1,Low
0,1,clear,Medium,highway,0,1,Moderate
3,1,clear,Heavy,arterial,0,1,Moderate
19,1,cloudy,Low,local,1,1,Moderate
20,0,cloudy,Low,local,0,0,Moderate
5,3,clear,Low,local,1,0,Low
14,6,clear,Heavy,arterial,0,1,Low
13,2,rain,Medium,arterial,1,1,Moderate
3,5,clear,Low,local,1,1,High
10,3,clear,Low,arterial,1,1,Low
16,1,cloudy,Low,arterial,1,1,Moderate
23,0,clear,Heavy,arterial,0,0,High
20,5,fog,Medium,local,0,1,Moderate
2,0,clear,Heavy,highway,0,1,High
5,2,rain,Low,arterial,0,1,Moderate
10,0,clear,Medium,local,1,1,Low
3,5,clear,Medium,local,1,1,Moderate
13,6,clear,Low,highway,1,0,Moderate
0,2,fog,Low,arterial,0,1,High
2,2,clear,Low,arterial,1,1,High
1,3,clear,Heavy,highway,1,1,High
7,3,fog,Medium,highway,1,1,High
18,2,clear,Medium,arterial,0,0,Low
4,2,clear,Medium,arterial,1,1,Moderate
23,1,clear,Low,arterial,0,1,Moderate
6,1,rain,Heavy,arterial,1,1,High
1,4,clear,Heavy,local,0,1,Moderate
8,5,clear,Low,arterial,1,1,Low
17,5,fog,Heavy,local,1,1,Moderate
2,3,cloudy,Medium,local,1,1,Moderate
1,5,clear,Medium,arterial,1,1,Moderate
20,4,cloudy,Medium,highway,0,1,Moderate
14,2,clear,Heavy,arterial,1,1,Low
8,2,clear,Low,local,1,1,Low
18,3,clear,Low,arterial,0,0,Low
20,2,cloudy,Heavy,highway,1,1,High
8,5,rain,Heavy,highway,1,1,Moderate
13,1,clear,Heavy,arterial,0,1,Low
0,0,clear,Low,highway,0,1,High
7,3,clear,Medium,local,0,1,Low
14,0,rain,Medium,highway,0,1,Moderate
4,1,rain,Low,highway,1,1,High
23,2,rain,Low,local,0,1,High
23,0,fog,Heavy,local,0,1,Moderate
6,1,rain,Low,local,0,1,Moderate
9,3,fog,Low,local,1,1,Low
4,2,cloudy,Low,arterial,0,1,High
12,6,clear,Medium,highway,0,0,Low
2,0,cloudy,Heavy,local,1,0,High
9,5,clear,Low,arterial,0,0,Low
13,4,clear,Heavy,highway,0,1,Moderate
14,4,clear,Low,local,1,0,Low
14,4,clear,Medium,highway,1,1,Low
5,0,cloudy,Low,highway,1,1,High
19,5,clear,Medium,local,1,1,Moderate
16,2,clear,Heavy,highway,0,1,Low
18,4,rain,Heavy,highway,1,1,Moderate
11,2,cloudy,Low,local,0,1,Low
21,2,clear,Heavy,arterial,1,1,Moderate
9,4,clear,Medium,local,0,0,Low
19,6,clear,Medium,highway,1,1,High
4,6,rain,Heavy,arterial,0,1,High
5,5,clear,Heavy,local,0,1,Low
12,3,fog,Heavy,highway,1,1,Moderate
13,3,clear,Low,local,0,1,Low
17,6,rain,Low,local,1,0,Moderate
7,1,clear,Heavy,highway,1,1,Low
20,6,clear,Medium,arterial,0,0,Low
7,4,clear,Heavy,highway,0,1,Moderate
12,4,clear,Heavy,local,0,0,Low
22,4,fog,Heavy,local,0,1,High
12,5,cloudy,Medium,arterial,1,1,Moderate
16,4,clear,Medium,local,0,0,Low
21,0,rain,Low,arterial,0,0,Low
23,5,clear,Low,arterial,1,1,High
11,5,rain,Medium,highway,1,1,Moderate
10,6,clear,Medium,highway,1,1,Low
4,6,clear,Low,arterial,1,1,High
12,6,clear,Medium,arterial,1,0,Low
22,0,clear,Medium,highway,0,1,High
11,4,fog,Medium,arterial,0,1,Low
8,6,clear,Medium,local,1,0,Low
2,6,clear,Low,local,1,1,High
9,3,rain,Medium,arterial,0,1,Low
5,6,clear,Medium,arterial,1,1,Moderate
23,6,clear,Medium,local,0,1,High
12,0,cloudy,Medium,arterial,0,0,Moderate
3,6,clear,Low,arterial,0,1,High
1,4,rain,Heavy,arterial,0,0,High
20,4,cloudy,Heavy,local,0,0,Low
22,1,clear,Low,arterial,1,1,High
18,6,clear,Low,arterial,0,0,Low
2,2,clear,Heavy,local,0,1,High
2,2,clear,Heavy,local,0,1,Moderate
4,2,cloudy,Low,local,1,0,High
18,6,rain,Medium,arterial,1,0,Moderate
18,3,clear,Heavy,local,0,1,Low
20,0,rain,Low,local,1,1,Moderate
2,0,clear,Medium,arterial,1,1,High
3,6,rain,Heavy,local,1,1,High
21,1,clear,Low,arterial,1,1,Moderate
22,5,rain,Heavy,arterial,1,1,High
17,0,clear,Heavy,arterial,0,1,Low
2,6,clear,Heavy,local,0,1,Moderate
1,4,clear,Medium,local,0,0,Moderate
1,1,rain,Medium,local,1,1,High
16,6,rain,Medium,arterial,1,0,Moderate
20,2,cloudy,Low,arterial,0,1,Low
15,6,clear,Low,arterial,1,1,Low
6,4,cloudy,Low,local,1,0,Low
18,3,clear,Medium,local,0,1,Low
1,0,cloudy,Heavy,local,1,1,High
19,1,clear,Heavy,local,0,1,Low
21,0,rain,Medium,arterial,0,1,Moderate
17,5,cloudy,Medium,highway,1,1,Moderate
21,0,clear,Medium,arterial,0,1,Moderate
14,0,cloudy,Medium,arterial,1,1,Low
11,0,clear,Medium,highway,1,1,Low
7,6,clear,Low,highway,1,0,Moderate
22,6,clear,Low,local,1,0,High
16,5,clear,Low,arterial,1,1,Low
4,0,clear,Heavy,local,1,1,Moderate
22,3,cloudy,Heavy,arterial,1,1,High
1,6,cloudy,Medium,local,0,0,Moderate
14,0,clear,Medium,local,1,0,Moderate
4,5,fog,Medium,local,0,1,Moderate
15,0,rain,Medium,arterial,0,1,Moderate
9,5,clear,Low,arterial,0,1,Low
10,3,clear,Low,local,1,0,Low
16,6,rain,Low,highway,0,1,Moderate
18,2,clear,Heavy,arterial,1,0,Moderate
9,5,clear,Heavy,local,1,0,Low
23,5,fog,Medium,local,1,1,High
11,2,rain,Heavy,local,0,0,Moderate
3,4,rain,Medium,local,1,1,High
0,3,rain,Medium,local,1,1,High
4,3,clear,Heavy,local,1,1,High
16,5,cloudy,Low,local,1,0,Low
12,1,rain,Low,highway,0,1,Moderate
8,0,clear,Medium,arterial,1,0,Low
11,3,clear,Low,highway,1,1,Moderate
20,5,clear,Medium,highway,0,0,High
13,1,cloudy,Heavy,local,0,1,Moderate
1,2,cloudy,Heavy,local,1,0,High
1,4,rain,Low,highway,1,0,High
11,3,clear,Low,local,0,1,Low
9,4,cloudy,Heavy,arterial,0,1,Low
20,3,clear,Heavy,local,1,1,Moderate
13,5,fog,Low,arterial,1,0,Moderate
18,6,cloudy,Heavy,arterial,1,1,Moderate
14,3,cloudy,Heavy,arterial,0,1,Low
8,3,clear,Low,arterial,1,1,Low
15,1,clear,Medium,arterial,1,1,Low
14,3,clear,Heavy,local,0,0,Low
17,5,rain,Heavy,arterial,0,0,Moderate
4,3,clear,Medium,arterial,0,0,Moderate
15,4,rain,Heavy,arterial,0,1,Moderate
6,2,clear,Heavy,highway,0,1,Low
18,4,clear,Low,highway,0,1,Low
19,4,clear,Medium,highway,0,1,Moderate
14,3,clear,Heavy,local,0,0,Low
22,6,clear,Low,local,0,1,Moderate
12,6,clear,Low,highway,0,1,Moderate
0,1,clear,Heavy,local,1,0,High
14,1,cloudy,Heavy,arterial,0,1,Low
18,6,clear,Low,arterial,1,1,Low
2,2,cloudy,Low,arterial,1,1,Moderate
2,2,cloudy,Heavy,arterial,0,0,High
6,5,clear,Low,local,1,1,Low
20,4,clear,Low,arterial,1,0,Low
12,0,clear,Heavy,highway,0,1,Moderate
23,0,clear,Heavy,arterial,1,1,Moderate
20,5,clear,Medium,highway,0,1,Moderate
13,5,cloudy,Medium,local,1,1,Low
16,2,clear,Medium,arterial,0,1,Low
7,6,rain,Low,highway,0,1,Moderate
2,0,rain,Heavy,arterial,1,1,High
9,6,clear,Medium,arterial,1,0,Low
14,0,cloudy,Medium,local,0,1,Low
4,4,clear,Medium,local,0,0,Moderate
5,5,clear,Medium,local,1,0,Low
0,4,fog,Low,arterial,0,0,High
17,5,clear,Medium,local,1,1,Low
21,2,clear,Medium,highway,0,0,Low
19,2,rain,Heavy,arterial,0,1,High
9,1,rain,Heavy,local,0,1,Low
14,0,clear,Low,arterial,1,1,Moderate
23,1,cloudy,Medium,local,1,0,High
14,1,rain,Medium,local,0,0,Moderate
7,5,cloudy,Medium,arterial,0,1,Low
8,1,clear,Heavy,local,1,1,Moderate
17,1,rain,Heavy,local,0,0,Moderate
10,5,clear,Low,local,0,1,Low
20,3,clear,Heavy,highway,0,1,Moderate
20,1,clear,Low,local,1,1,Low
0,4,clear,Low,highway,1,1,High
17,1,clear,Low,highway,1,1,Low
8,5,clear,Medium,arterial,1,1,Moderate
12,0,clear,Medium,arterial,0,1,Low
6,4,fog,Medium,arterial,0,0,Moderate
8,4,clear,Medium,local,1,1,Low
7,2,clear,Low,arterial,0,0,Low
1,4,rain,Medium,highway,1,1,High
18,2,clear,Low,arterial,0,0,Low
3,4,rain,Medium,arterial,1,1,High
9,1,clear,Medium,arterial,1,0,Low
4,3,cloudy,Low,local,0,1,High
3,5,clear,Medium,highway,1,1,High
8,6,clear,Heavy,arterial,0,1,Low
22,2,cloudy,Low,local,0,1,Moderate
22,3,clear,Heavy,local,1,1,Moderate
9,3,clear,Low,local,0,1,Low
12,6,clear,Heavy,highway,0,1,Moderate
23,6,cloudy,Low,highway,1,0,High
5,4,clear,Heavy,arterial,1,0,Moderate
22,5,cloudy,Low,local,1,0,High
2,0,cloudy,Heavy,highway,1,1,High
5,5,clear,Low,local,1,0,Low
8,5,rain,Heavy,local,0,1,Low
0,5,rain,Low,local,1,1,High
19,4,clear,Low,highway,0,0,Moderate
20,6,clear,Low,highway,0,1,Moderate
9,4,clear,Low,arterial,0,0,Low
20,5,rain,Medium,arterial,1,0,High
18,1,clear,Medium,local,0,1,Low
19,4,clear,Medium,local,0,1,Low
19,3,rain,Medium,arterial,1,0,High
13,6,cloudy,Low,local,1,1,Low
2,6,clear,Medium,local,1,1,High
22,5,cloudy,Heavy,arterial,0,1,Moderate
14,1,rain,Low,arterial,0,1,Low
21,3,clear,Heavy,local,1,1,Moderate
23,0,clear,Low,local,1,0,High
4,6,cloudy,Medium,local,0,0,High
9,1,clear,Heavy,arterial,1,0,Low
4,4,fog,Medium,arterial,0,1,High
1,3,clear,Medium,local,0,1,Low
23,6,cloudy,Medium,highway,0,0,High
22,5,rain,Medium,local,0,1,High
22,5,clear,Medium,highway,1,0,High
21,4,clear,Heavy,arterial,1,1,Moderate
15,0,fog,Heavy,local,1,1,Moderate
12,6,cloudy,Low,highway,0,0,Low
23,0,clear,Medium,arterial,0,1,Low
13,3,clear,Medium,arterial,0,0,Low
15,2,clear,Heavy,highway,0,0,Low
5,2,clear,Low,highway,0,1,Low
17,6,clear,Heavy,highway,0,1,Low
19,1,cloudy,Medium,local,1,0,Moderate
16,4,clear,Low,arterial,1,0,Moderate
11,1,cloudy,Low,highway,1,1,Moderate
4,6,fog,Medium,highway,0,0,High
0,5,fog,Heavy,local,1,1,High
15,2,rain,Low,highway,1,1,High
16,0,clear,Low,arterial,1,1,Low
18,1,clear,Low,local,0,1,Low
22,1,clear,Medium,local,0,1,Low
11,2,clear,Medium,highway,1,0,Low
19,6,rain,Low,highway,0,1,Moderate
17,0,cloudy,Heavy,highway,0,1,Moderate
6,4,cloudy,Low,local,1,0,Low
20,2,clear,Heavy,arterial,1,0,Moderate
1,0,clear,Heavy,local,0,1,Moderate
14,4,rain,Low,arterial,1,0,Low
22,4,clear,Heavy,arterial,0,1,Moderate
15,6,clear,Heavy,local,1,1,Low
22,3,cloudy,Heavy,highway,0,0,High
1,2,cloudy,Low,arterial,0,1,High
12,5,clear,Heavy,local,0,1,Low
18,1,clear,Medium,arterial,0,0,Low
15,4,rain,Low,highway,1,1,High
21,6,rain,Heavy,arterial,1,1,High
11,0,clear,Heavy,local,0,1,Low
16,6,rain,Low,local,0,0,Low
10,1,clear,Medium,arterial,0,1,Low
20,3,cloudy,Heavy,local,1,1,Moderate
2,1,cloudy,Medium,highway,1,0,High
6,1,rain,Medium,arterial,1,0,High
2,4,rain,Low,arterial,0,1,High
16,3,clear,Medium,highway,1,1,Moderate
5,3,clear,Medium,arterial,0,1,Low
7,3,rain,Heavy,arterial,0,1,Moderate
20,5,clear,Medium,local,0,1,Low
8,6,cloudy,Medium,local,0,1,Low
3,3,clear,Low,highway,1,0,High
0,1,clear,Heavy,highway,1,1,High
5,2,cloudy,Low,local,1,0,Moderate
21,3,clear,Medium,local,1,0,Low
13,0,rain,Heavy,arterial,1,0,Moderate
23,1,clear,Heavy,arterial,0,1,Moderate
5,1,clear,Low,local,0,1,Low
8,6,clear,Heavy,highway,0,1,Low
3,2,clear,Low,highway,0,1,High
9,6,cloudy,Low,arterial,1,0,Moderate
13,3,clear,Heavy,highway,1,1,Moderate
19,3,clear,Low,local,1,0,Low
8,6,fog,Medium,highway,1,1,High
18,4,clear,Heavy,local,1,0,Low
15,1,clear,Low,local,0,1,Low
7,1,rain,Heavy,highway,0,1,High
21,4,cloudy,Medium,highway,1,1,Moderate
10,0,clear,Medium,highway,0,1,Low
3,1,fog,Medium,arterial,1,1,High
23,0,clear,Medium,highway,0,1,Moderate
21,4,clear,Heavy,local,0,1,Low
1,3,clear,Heavy,local,0,0,High
21,0,fog,Medium,highway,1,0,High
22,5,clear,Medium,highway,0,1,High
19,4,rain,Medium,highway,1,1,High
6,5,clear,Heavy,local,1,1,Moderate
15,1,clear,Low,local,0,1,Low
12,6,rain,Low,arterial,1,1,Moderate
14,1,fog,Low,arterial,1,1,Moderate
14,3,clear,Medium,arterial,0,1,Low
15,3,clear,Low,local,0,0,Low
12,1,cloudy,Medium,local,1,1,Low
16,2,clear,Heavy,arterial,1,1,Moderate
12,0,clear,Low,local,0,0,Low
0,3,clear,Medium,highway,0,1,Moderate
0,4,fog,Low,highway,0,0,High
22,2,clear,Medium,local,1,1,Moderate
21,3,clear,Low,arterial,1,1,Low
14,6,clear,Heavy,highway,0,1,Low
4,1,clear,Low,highway,0,1,High
18,2,clear,Heavy,arterial,0,1,Low
3,0,clear,Low,highway,0,1,High
9,3,cloudy,Heavy,local,0,1,Low
7,1,clear,Low,local,0,1,Low
0,5,clear,Low,arterial,0,1,Moderate
19,2,rain,Heavy,local,0,1,Moderate
12,4,clear,Low,arterial,1,1,Low
7,1,clear,Medium,highway,0,0,Low
12,2,clear,Heavy,arterial,1,1,Moderate
0,1,cloudy,Medium,arterial,1,1,Moderate
10,3,rain,Low,highway,1,0,High
12,0,cloudy,Heavy,arterial,0,1,Low
8,0,rain,Medium,arterial,1,1,Moderate
19,3,clear,Heavy,arterial,0,1,Moderate
5,3,fog,Heavy,arterial,0,0,Low
3,2,clear,Heavy,local,0,1,Moderate
12,3,clear,Medium,local,1,0,Low
21,2,clear,Low,local,1,0,Low
9,5,clear,Heavy,highway,0,1,Moderate
1,3,clear,Heavy,highway,0,1,Moderate
23,5,clear,Heavy,arterial,1,0,High
10,1,cloudy,Heavy,arterial,1,1,Moderate
4,1,rain,Low,local,1,0,High
14,2,cloudy,Low,local,0,1,Low
7,0,clear,Low,arterial,1,1,Low
22,4,clear,Medium,local,1,0,Moderate
7,2,rain,Medium,arterial,1,1,Moderate
13,2,clear,Low,local,0,1,Low
13,3,clear,Medium,local,0,0,Low
5,0,clear,Low,arterial,0,1,Low
11,2,clear,Medium,highway,1,1,Low
2,6,clear,Low,highway,0,0,High
15,4,cloudy,Low,highway,1,0,Moderate
18,4,rain,Medium,arterial,0,1,Moderate
22,3,fog,Low,local,0,1,High
7,3,clear,Medium,arterial,1,0,Low
6,6,clear,Medium,local,1,1,Low
13,6,rain,Heavy,arterial,0,1,Moderate
16,2,clear,Low,arterial,0,1,Low
23,6,clear,Low,arterial,1,1,High
0,0,cloudy,Heavy,highway,0,1,High
5,2,clear,Low,arterial,0,1,Low
6,2,clear,Medium,arterial,1,1,Low
6,4,clear,Heavy,local,1,1,Moderate
11,4,cloudy,Low,local,0,1,Low
20,3,clear,Heavy,highway,0,1,Moderate
0,1,clear,Medium,arterial,1,1,High
19,3,clear,Heavy,local,1,1,Moderate
14,1,rain,Heavy,local,1,1,Moderate
14,3,rain,Heavy,local,0,0,Low
16,2,rain,Low,local,1,0,Moderate
2,6,rain,Medium,arterial,1,1,High
17,5,clear,Medium,arterial,1,1,Low
5,1,clear,Medium,local,1,1,Low
12,6,clear,Heavy,local,1,1,Low
16,4,clear,Medium,local,1,1,Low
14,2,cloudy,Medium,arterial,0,0,Low
7,3,clear,Medium,arterial,0,1,Low
9,1,fog,Low,arterial,1,1,Low
11,0,clear,Medium,local,0,0,Low
0,2,cloudy,Low,arterial,1,1,High
17,5,rain,Medium,highway,1,0,Moderate
2,2,clear,Low,arterial,0,1,Moderate
11,2,rain,Heavy,local,0,0,Low
15,6,cloudy,Low,local,1,1,Low
1,6,rain,Medium,arterial,1,1,High
23,3,rain,Medium,local,0,1,Moderate
9,0,clear,Medium,arterial,1,1,Low
0,4,clear,Medium,arterial,0,0,High
15,5,rain,Heavy,arterial,0,1,Moderate
13,6,cloudy,Low,local,1,1,Low
15,6,cloudy,Medium,local,1,1,Low
18,4,clear,Medium,local,0,1,Low
11,0,clear,Medium,arterial,0,0,Low
19,1,clear,Heavy,arterial,0,1,Moderate
8,5,fog,Medium,local,0,1,Moderate
13,4,clear,Low,local,1,1,Low
3,3,clear,Medium,local,1,1,Moderate
14,2,clear,Medium,local,1,1,Low
6,4,clear,Low,local,1,1,Low
16,2,clear,Medium,arterial,0,1,Low
19,1,cloudy,Heavy,arterial,0,1,Moderate
20,6,clear,Heavy,local,1,1,Moderate
22,2,clear,Low,arterial,1,1,High
2,1,clear,Heavy,arterial,1,1,High
3,0,clear,Medium,highway,1,1,Moderate
22,3,rain,Low,arterial,0,1,High
9,6,rain,Medium,arterial,1,1,Low
0,1,rain,Medium,arterial,1,1,High
6,1,rain,Medium,local,0,1,Low
20,1,clear,Heavy,local,0,0,Moderate
8,0,rain,Low,local,0,1,Low
1,4,clear,Medium,arterial,1,1,Moderate
17,2,rain,Low,local,1,0,Moderate
4,5,cloudy,Low,arterial,1,1,High
8,2,clear,Low,arterial,0,0,Low
0,4,clear,Heavy,arterial,1,1,Moderate
14,0,clear,Medium,arterial,1,1,Moderate
10,2,clear,Medium,arterial,0,0,Low
20,2,clear,Medium,arterial,1,1,Low
8,0,fog,Low,arterial,0,1,Moderate
4,2,clear,Low,highway,1,1,High
3,3,cloudy,Medium,local,1,1,High
4,2,clear,Heavy,highway,1,1,Moderate
10,3,clear,Heavy,arterial,0,1,Low
2,5,clear,Low,highway,1,1,High
9,5,clear,Medium,arterial,0,0,Low
20,0,clear,Medium,highway,0,1,Low
18,4,clear,Heavy,local,0,1,Low
15,6,clear,Low,local,1,1,Low
21,6,clear,Low,local,1,1,Low
18,2,rain,Heavy,highway,1,1,Moderate
15,5,rain,Low,arterial,0,0,Moderate
20,5,clear,Heavy,local,1,1,Moderate
2,2,cloudy,Medium,arterial,0,0,Moderate
19,6,rain,Medium,highway,1,1,High
7,4,clear,Low,arterial,1,1,Low
17,5,clear,Heavy,local,1,1,Moderate
21,5,clear,Low,highway,1,0,Moderate
11,5,clear,Medium,highway,0,1,Moderate
2,6,rain,Low,arterial,1,1,High
8,6,rain,Low,highway,0,0,Low
9,2,clear,Heavy,arterial,1,0,Low
22,3,clear,Low,arterial,0,0,High
22,4,rain,Medium,local,0,1,Moderate
13,5,clear,Heavy,highway,0,1,Moderate
22,2,clear,Medium,local,1,1,Moderate
10,2,clear,Medium,arterial,0,0,Low
9,5,rain,Low,arterial,1,1,High
20,6,cloudy,Heavy,local,1,0,Low
16,6,cloudy,Low,arterial,0,1,Low
12,1,cloudy,Medium,local,0,1,Low
10,6,clear,Heavy,arterial,1,1,Low
16,5,clear,Heavy,local,1,1,Low
18,1,rain,Low,arterial,0,1,Moderate
11,0,rain,Medium,arterial,0,1,Low
0,1,clear,Heavy,arterial,0,1,Moderate
2,6,clear,Heavy,highway,0,1,High
3,5,fog,Medium,local,0,1,High
11,4,clear,Low,arterial,1,1,Low
14,4,clear,Medium,arterial,1,1,Moderate
19,2,clear,Heavy,local,0,1,Low
5,6,clear,Low,arterial,0,1,Low
18,1,cloudy,Heavy,highway,1,0,Moderate
15,2,cloudy,Medium,local,1,0,Low
1,1,clear,Heavy,arterial,1,0,High
8,5,clear,Low,highway,1,0,Moderate
7,3,clear,Low,arterial,1,0,Moderate
21,4,clear,Low,arterial,0,1,Low
22,6,clear,Heavy,arterial,1,1,High
19,1,clear,Medium,arterial,1,0,Moderate
12,6,rain,Medium,local,0,1,Low
11,0,fog,Heavy,highway,0,1,High
7,5,clear,Low,local,1,1,Low
18,4,cloudy,Heavy,local,1,1,Moderate
2,5,rain,Low,local,1,0,High
6,1,clear,Low,arterial,0,1,Low
3,6,rain,Medium,highway,1,1,High
11,5,clear,Heavy,local,1,1,Moderate
7,0,cloudy,Heavy,local,0,0,Low
4,3,clear,Low,local,1,1,Moderate
9,5,clear,Heavy,arterial,0,0,Moderate
20,3,rain,Heavy,local,1,1,High
13,2,cloudy,Heavy,arterial,1,1,Moderate
19,1,clear,Medium,highway,1,1,Moderate
21,3,cloudy,Medium,local,1,1,Moderate
21,6,fog,Low,arterial,0,1,Moderate
8,4,rain,Medium,highway,1,1,High
21,5,cloudy,Low,local,0,1,Low
21,5,clear,Medium,local,1,1,Low
23,5,clear,Medium,local,1,0,Moderate
8,2,clear,Medium,highway,0,1,Low
5,5,rain,Heavy,arterial,0,1,High
14,2,rain,Medium,local,1,1,Moderate
22,4,rain,Medium,local,1,0,High
21,2,clear,Low,local,1,1,Moderate
13,6,fog,Low,arterial,1,1,Moderate
3,5,fog,Low,arterial,1,1,High
10,4,cloudy,Low,arterial,0,1,Low
17,3,rain,Medium,arterial,0,1,Low
13,3,clear,Medium,arterial,0,0,Low
8,5,clear,Heavy,arterial,1,1,Moderate
8,1,clear,Low,arterial,1,0,Moderate
1,5,clear,Low,local,1,1,High
6,1,clear,Heavy,highway,0,1,Moderate
16,0,cloudy,Low,local,0,0,Low
5,5,clear,Medium,highway,1,0,Moderate
23,4,clear,Heavy,highway,0,0,High
1,2,clear,Medium,highway,1,0,High
14,4,cloudy,Low,arterial,1,0,Low
11,5,fog,Low,local,1,0,Moderate
19,5,clear,Heavy,local,1,1,Moderate
21,6,rain,Heavy,arterial,1,1,Moderate
13,5,fog,Heavy,arterial,1,0,Moderate
15,3,cloudy,Low,highway,0,0,Low
16,1,cloudy,Medium,arterial,1,1,Low
12,0,cloudy,Heavy,arterial,0,1,Low
4,4,fog,Low,highway,1,1,High
10,4,clear,Heavy,local,1,1,Low
5,4,rain,Heavy,local,1,1,High
11,0,clear,Low,local,0,1,Low
14,4,clear,Low,arterial,1,0,Low
5,5,cloudy,Medium,arterial,1,1,Low
5,5,rain,Medium,arterial,1,0,Moderate
19,3,rain,Medium,local,0,0,Moderate
9,0,rain,Medium,highway,1,1,Moderate
4,3,cloudy,Medium,highway,0,1,High
17,4,clear,Low,local,1,1,Low
17,3,fog,Low,arterial,1,1,Moderate
19,4,clear,Medium,arterial,1,1,Moderate
18,3,clear,Medium,local,0,1,Low
23,3,clear,Heavy,local,0,1,Moderate
13,2,cloudy,Low,arterial,1,1,Low
6,4,cloudy,Heavy,local,1,0,Moderate
20,1,rain,Low,arterial,0,1,Moderate
6,3,clear,Heavy,arterial,0,1,Moderate
6,2,rain,Low,local,0,0,Low
19,4,cloudy,Medium,arterial,1,1,Moderate
21,6,fog,Medium,highway,0,0,High
8,4,clear,Heavy,local,0,0,Low
17,0,cloudy,Low,arterial,1,0,Low
22,4,rain,Low,arterial,1,1,High
19,2,clear,Medium,highway,1,1,Low
0,0,clear,Medium,local,0,0,Moderate
15,1,clear,Low,local,0,1,Low
4,6,clear,Low,local,1,1,High
20,2,clear,Heavy,arterial,1,1,Moderate
1,1,cloudy,Medium,highway,0,0,High
23,0,cloudy,Low,local,1,0,High
4,4,cloudy,Low,highway,1,0,High
10,5,clear,Medium,local,0,1,Low
5,2,clear,Heavy,arterial,1,1,Low
19,0,rain,Heavy,arterial,0,1,High
9,2,rain,Heavy,arterial,1,0,High
17,4,cloudy,Medium,arterial,1,1,Low
1,0,cloudy,Medium,local,0,1,Low
10,1,fog,Heavy,local,1,1,Moderate
21,0,fog,Low,highway,0,1,High
22,3,cloudy,Heavy,local,1,1,High
5,1,clear,Low,local,0,1,Low
9,1,clear,Medium,local,1,1,Low
9,0,cloudy,Heavy,arterial,0,0,Low
13,5,clear,Heavy,local,0,1,Low
12,3,clear,Heavy,arterial,0,1,Low
2,6,clear,Heavy,arterial,1,0,High
18,2,fog,Medium,highway,1,0,Moderate
5,1,clear,Medium,arterial,0,1,Low
7,1,rain,Medium,local,0,0,Moderate
20,6,rain,Low,arterial,1,1,High
16,4,cloudy,Medium,local,0,1,Low
9,2,clear,Low,local,1,1,Low
21,4,rain,Heavy,local,1,0,High
9,3,cloudy,Heavy,highway,0,0,Moderate
13,0,clear,Low,arterial,0,1,Low
5,4,cloudy,Medium,local,0,1,Low
4,0,clear,Heavy,arterial,0,0,High
11,1,cloudy,Heavy,highway,0,0,Moderate
13,4,rain,Low,arterial,1,1,Moderate
19,3,clear,Medium,arterial,0,0,Low
9,1,fog,Low,local,1,0,Low
21,0,clear,Heavy,local,0,0,Moderate
14,4,rain,Heavy,arterial,0,1,Low
1,4,rain,Low,local,0,0,High
17,1,clear,Low,local,0,1,Low
13,2,rain,Low,local,0,1,Low
9,2,rain,Medium,highway,1,0,Moderate
11,6,clear,Low,local,1,1,Low
7,5,rain,Heavy,local,1,1,Moderate
14,1,clear,Medium,highway,0,1,Moderate
13,3,clear,Medium,local,0,1,Low
10,6,clear,Heavy,arterial,0,0,Low
6,2,clear,Heavy,local,1,1,Moderate
9,0,clear,Low,local,0,1,Low
11,2,clear,Heavy,local,1,1,Low
11,4,fog,Medium,highway,1,1,High
7,6,clear,Low,arterial,0,1,Low
13,2,rain,Low,arterial,1,0,Low
5,0,clear,Heavy,arterial,1,0,Moderate
12,1,clear,Low,highway,0,0,Low
2,2,rain,Low,arterial,0,1,High
11,0,clear,Medium,local,1,1,Low
18,0,clear,Heavy,highway,0,1,Moderate
19,4,fog,Heavy,highway,1,1,High
16,5,clear,Heavy,local,1,1,Low
17,1,clear,Low,highway,0,1,Low
1,3,cloudy,Heavy,arterial,0,1,High
8,4,clear,Medium,local,0,1,Low
15,4,cloudy,Heavy,arterial,1,0,Moderate
19,6,clear,Medium,arterial,1,1,Moderate
13,6,clear,Medium,highway,1,1,Moderate
20,2,clear,Heavy,local,1,0,Moderate
6,6,clear,Heavy,local,1,1,Low
3,0,cloudy,Low,arterial,1,0,High
2,6,fog,Low,arterial,0,0,High
13,0,rain,Medium,highway,0,0,Moderate
15,0,clear,Low,highway,0,1,Moderate
6,0,fog,Low,local,0,1,Moderate
18,0,rain,Low,local,1,1,Moderate
17,3,clear,Medium,local,0,1,Low
8,4,clear,Medium,local,1,1,Low
5,5,clear,Low,local,0,1,Low
17,0,clear,Medium,highway,1,1,Moderate
16,2,clear,Medium,arterial,1,0,Low
4,0,clear,Heavy,local,0,0,High
6,1,fog,Low,local,0,1,Moderate
11,5,clear,Heavy,local,0,1,Low
12,4,clear,Heavy,arterial,1,1,Low
3,1,fog,Medium,arterial,1,1,High
22,2,clear,Medium,local,1,0,High
9,6,clear,Low,arterial,1,0,Low
9,4,clear,Medium,arterial,1,1,Low
1,1,cloudy,Low,highway,1,0,High
21,6,clear,Medium,arterial,1,1,Low
5,1,cloudy,Heavy,local,1,0,Moderate
23,2,rain,Low,arterial,1,1,High
11,4,cloudy,Medium,local,1,1,Low
20,3,rain,Heavy,local,0,0,Moderate
4,0,cloudy,Medium,highway,0,1,Moderate
3,5,cloudy,Medium,arterial,1,1,High
19,1,clear,Medium,arterial,1,0,Moderate
19,4,clear,Medium,highway,1,1,Moderate
13,2,clear,Low,arterial,1,0,Low
0,5,clear,Medium,arterial,1,1,High
22,6,clear,Medium,arterial,1,1,High
9,5,cloudy,Low,local,0,1,Low
22,6,clear,Medium,arterial,1,0,High
20,3,cloudy,Medium,highway,0,1,High
20,0,clear,Medium,local,1,1,Low
16,3,rain,Medium,local,0,1,Low
16,3,clear,Medium,arterial,0,0,Low
12,5,cloudy,Heavy,local,0,1,Moderate
0,1,cloudy,Medium,local,1,1,Moderate
9,4,clear,Medium,highway,0,1,Low
17,3,rain,Medium,arterial,0,1,Low
19,4,rain,Medium,highway,1,1,High
13,2,rain,Heavy,arterial,1,0,Moderate
17,2,fog,Heavy,arterial,0,1,Moderate
0,1,clear,Low,highway,0,1,High
11,5,rain,Medium,arterial,0,1,Low
12,0,rain,Low,highway,0,0,Moderate
21,1,rain,Heavy,arterial,0,1,Moderate
7,2,rain,Heavy,local,1,0,Moderate
5,1,cloudy,Medium,local,1,0,Low
8,6,clear,Medium,local,1,1,Low
4,2,cloudy,Low,highway,0,1,High
13,1,clear,Low,arterial,1,1,Low
15,1,cloudy,Medium,arterial,1,0,Low
19,1,clear,Heavy,arterial,0,0,Low
23,4,cloudy,Medium,arterial,0,0,High
1,3,clear,Heavy,arterial,0,1,Moderate
5,1,clear,Medium,arterial,1,0,Moderate
7,6,clear,Low,arterial,0,1,Low
5,4,clear,Medium,highway,0,0,Moderate
19,2,cloudy,Low,highway,0,1,Moderate
3,3,clear,Low,highway,1,1,High
0,4,clear,Low,local,1,1,High
20,1,clear,Medium,local,0,1,Low
23,5,clear,Low,highway,1,0,High
5,1,clear,Heavy,arterial,0,1,Moderate
7,0,clear,Heavy,arterial,0,1,Low
12,3,cloudy,Heavy,arterial,0,1,Moderate
12,6,cloudy,Medium,arterial,1,1,Moderate
23,5,fog,Low,local,1,1,High
9,2,clear,Medium,highway,1,1,Low
0,2,clear,Low,arterial,0,1,Moderate
10,4,clear,Medium,highway,1,0,Low
13,1,cloudy,Low,arterial,0,1,Low
12,5,clear,Medium,highway,1,1,Moderate
12,2,clear,Medium,highway,1,0,Moderate
22,1,cloudy,Medium,local,1,1,High
19,0,clear,Heavy,arterial,1,1,Moderate
6,4,clear,Low,local,0,1,Low
8,0,cloudy,Low,arterial,1,1,Low
16,5,rain,Medium,highway,0,1,Moderate
9,6,clear,Heavy,local,0,1,Low
10,0,clear,Low,arterial,1,0,Low
4,0,clear,Heavy,local,1,1,High
6,6,clear,Low,local,1,1,Low
17,0,clear,Low,arterial,1,1,Low
20,2,clear,Medium,arterial,0,1,Moderate
18,6,clear,Low,arterial,1,1,Low
7,0,clear,Medium,highway,1,0,Low
3,4,cloudy,Low,highway,0,1,Moderate
3,2,rain,Medium,local,1,0,High
9,3,clear,Low,local,0,1,Low
12,6,cloudy,Low,local,0,1,Low
21,4,fog,Medium,arterial,0,1,Moderate
21,2,clear,Heavy,highway,0,1,Moderate
0,6,cloudy,Heavy,highway,1,1,High
16,4,clear,Medium,local,1,1,Moderate
7,0,fog,Heavy,arterial,1,1,Low
4,2,clear,Low,arterial,0,0,High
13,1,clear,Heavy,local,1,1,Low
0,4,fog,Heavy,local,1,1,High
8,6,cloudy,Medium,highway,1,1,Moderate
13,0,clear,Low,local,1,1,Low
6,5,rain,Heavy,arterial,1,1,High
14,6,rain,Medium,local,0,0,Moderate
11,6,clear,Low,highway,1,1,Low
19,4,clear,Heavy,highway,0,1,Moderate
4,2,clear,Medium,local,0,1,Low
1,1,fog,Medium,arterial,0,0,High
12,6,clear,Medium,local,0,0,Low
6,2,clear,Heavy,arterial,1,1,Moderate
16,2,clear,Medium,arterial,1,1,Low
2,5,clear,Heavy,arterial,1,0,High
13,5,clear,Low,local,1,1,Low
23,5,clear,Medium,highway,0,1,High
2,6,clear,Medium,arterial,0,1,Moderate
7,6,clear,Low,highway,0,1,Low
20,1,clear,Low,highway,0,0,Moderate
12,1,clear,Low,highway,1,0,Low
4,1,clear,Low,highway,0,1,High
5,4,cloudy,Medium,arterial,0,1,Moderate
18,4,clear,Low,arterial,0,1,Low
20,6,clear,Heavy,arterial,0,1,Moderate
8,5,cloudy,Heavy,highway,1,1,Moderate
11,5,cloudy,Medium,arterial,0,1,Low
18,0,cloudy,Heavy,local,0,1,Low
4,4,fog,Medium,local,1,0,High
4,5,clear,Heavy,arterial,1,1,High
18,6,clear,Heavy,arterial,1,1,Low
4,2,clear,Low,arterial,1,1,High
18,5,clear,Heavy,arterial,0,1,Low
11,2,fog,Medium,local,1,1,Low
23,1,cloudy,Heavy,arterial,0,1,Moderate
0,2,rain,Low,local,0,1,High
22,1,fog,Medium,arterial,1,1,High
5,6,rain,Heavy,arterial,0,1,Moderate
0,1,clear,Heavy,local,0,1,Moderate
17,0,rain,Medium,local,0,0,Low
12,4,clear,Medium,arterial,1,0,Low
20,4,clear,Low,local,0,1,Low
2,3,clear,Heavy,local,1,1,Moderate
1,1,rain,Low,arterial,0,1,High
13,3,rain,Heavy,local,0,0,Moderate
21,6,clear,Medium,highway,1,0,Moderate
9,0,rain,Low,local,0,1,Moderate
19,5,clear,Low,local,0,1,Low
21,0,cloudy,Medium,highway,0,1,Moderate
20,1,clear,Medium,highway,0,1,Moderate
12,6,clear,Medium,local,1,1,Low
16,2,clear,Medium,highway,0,0,Low
12,3,rain,Medium,highway,0,1,Low
16,2,fog,Low,highway,0,0,Moderate
13,4,clear,Low,highway,1,0,Moderate
12,2,clear,Low,highway,0,1,Low
10,3,clear,Medium,arterial,1,0,Low
15,5,rain,Heavy,arterial,0,1,Moderate
18,3,clear,Low,arterial,1,1,Low
22,3,cloudy,Medium,local,1,1,Moderate
14,5,clear,Low,highway,0,1,Low
2,2,clear,Low,local,1,0,High
14,5,rain,Low,local,0,1,Moderate
7,5,cloudy,Medium,local,0,1,Low
0,6,clear,Low,arterial,0,1,High
1,3,clear,Heavy,local,1,1,Moderate
14,3,clear,Low,local,1,1,Low
22,0,clear,Medium,arterial,1,1,High
12,0,clear,Heavy,local,0,1,Low
10,0,cloudy,Low,highway,1,1,Moderate
2,4,clear,Medium,arterial,1,0,High
16,2,clear,Heavy,highway,1,0,Low
1,2,clear,Low,arterial,1,1,High
20,4,clear,Low,local,1,1,Moderate
19,2,clear,Heavy,arterial,0,1,Low
23,0,rain,Low,local,0,1,High
6,3,clear,Low,arterial,1,1,Moderate
3,3,rain,Medium,local,1,1,High
7,0,clear,Low,arterial,0,1,Low
19,1,clear,Heavy,arterial,1,0,Moderate
5,1,clear,Heavy,highway,0,1,Moderate
21,4,cloudy,Heavy,arterial,1,0,Moderate
3,1,clear,Low,local,0,1,Moderate
1,0,rain,Heavy,arterial,1,0,High
5,1,clear,Medium,arterial,1,1,Low
18,3,cloudy,Medium,arterial,0,1,Low
14,5,clear,Heavy,arterial,1,1,Low
8,0,clear,Heavy,arterial,0,1,Moderate
15,6,cloudy,Medium,local,0,0,Low
15,2,clear,Medium,local,1,0,Low
13,2,clear,Medium,local,1,0,Low
12,0,cloudy,Low,arterial,1,0,Low
2,1,cloudy,Low,local,0,1,Moderate
6,3,cloudy,Medium,arterial,1,0,Moderate
12,4,clear,Medium,highway,1,1,Moderate
3,5,clear,Heavy,local,1,1,High
11,3,clear,Heavy,local,1,0,Low
2,0,clear,Medium,arterial,0,0,High
18,2,clear,Low,highway,0,1,Low
2,5,clear,Medium,arterial,0,1,Moderate
2,4,clear,Low,arterial,0,1,Moderate
15,4,clear,Heavy,local,0,1,Low
5,3,clear,Medium,arterial,1,0,Moderate
8,3,clear,Heavy,arterial,1,1,Moderate
7,6,clear,Low,highway,1,0,Moderate
5,4,clear,Heavy,local,1,1,Moderate
18,4,rain,Medium,arterial,0,1,Low
16,2,clear,Low,highway,0,1,Low
5,3,clear,Medium,arterial,0,0,Low
16,4,rain,Low,arterial,0,1,Low
17,6,clear,Low,arterial,1,1,Low
12,5,clear,Medium,highway,1,0,Low
13,4,rain,Medium,arterial,1,1,Moderate
22,5,cloudy,Medium,arterial,1,0,High
10,0,fog,Medium,local,1,1,Moderate
9,1,rain,Low,local,0,0,Low
12,1,cloudy,Medium,arterial,1,0,Low
20,4,clear,Medium,arterial,1,0,High
17,5,clear,Medium,arterial,1,0,Low
1,1,clear,Medium,highway,0,1,Moderate
11,1,clear,Low,arterial,0,1,Low
17,3,rain,Medium,highway,0,1,Moderate
5,6,clear,Low,arterial,0,0,Moderate
23,0,rain,Low,local,1,0,High
19,6,clear,Medium,highway,1,0,High
20,1,clear,Medium,local,1,1,Low
1,1,rain,Low,arterial,1,1,High
13,4,clear,Low,highway,0,1,Low
12,5,clear,Medium,highway,1,1,Low
15,6,clear,Medium,highway,0,1,Low
20,0,clear,Medium,arterial,0,1,Moderate
8,0,clear,Heavy,arterial,0,0,Low
12,3,cloudy,Low,arterial,1,1,Low
16,3,rain,Heavy,local,1,1,Moderate
18,1,cloudy,Heavy,arterial,0,0,Low
18,4,rain,Heavy,highway,0,1,Moderate
8,1,rain,Low,local,0,1,Low
23,6,clear,Heavy,highway,0,1,Moderate
0,1,rain,Low,local,1,1,High
11,4,rain,Low,local,1,0,Moderate
14,3,clear,Medium,local,0,0,Low
1,0,clear,Low,arterial,1,0,High
10,4,cloudy,Low,local,1,1,Low
14,1,fog,Low,highway,0,1,Moderate
14,3,fog,Medium,arterial,1,1,High
2,4,clear,Medium,local,1,1,Moderate
6,0,rain,Medium,local,0,1,Low
5,1,clear,Medium,arterial,1,1,Low
15,2,rain,Low,local,1,0,Moderate
7,6,cloudy,Medium,local,1,1,Moderate
13,1,fog,Medium,arterial,1,1,Moderate
17,6,fog,Low,arterial,1,1,Moderate
19,3,clear,Heavy,local,1,1,Moderate
4,6,fog,Medium,arterial,0,1,High
21,5,cloudy,Medium,arterial,0,1,Moderate
3,2,clear,Medium,local,0,0,High
0,3,clear,Medium,arterial,1,0,High
1,5,cloudy,Medium,local,0,0,High
4,0,clear,Heavy,arterial,0,0,High
20,4,clear,Low,local,0,1,Low
4,3,cloudy,Low,highway,0,0,High
16,0,clear,Low,local,1,0,Low
10,6,clear,Heavy,local,0,1,Low
0,1,rain,Medium,local,0,0,High
10,6,clear,Low,highway,0,1,Low
0,1,cloudy,Low,arterial,1,1,High
11,3,clear,Medium,highway,0,0,Low
13,2,rain,Heavy,highway,1,0,High
12,6,clear,Medium,arterial,0,0,Low
6,6,rain,Low,highway,0,0,Moderate
18,5,cloudy,Heavy,local,0,0,Low
14,5,rain,Heavy,local,0,0,Low
6,5,clear,Heavy,local,0,0,Low
10,2,clear,Medium,local,1,1,Low
2,6,clear,Medium,arterial,1,0,High
22,3,clear,Heavy,local,0,0,High
18,2,clear,Heavy,arterial,1,1,Moderate
6,1,cloudy,Medium,highway,0,1,Moderate
16,4,clear,Medium,local,0,1,Low
16,1,clear,Low,arterial,0,1,Low
14,4,clear,Medium,arterial,1,0,Low
1,0,cloudy,Low,arterial,1,1,High
21,4,cloudy,Heavy,arterial,0,0,Moderate
22,4,clear,Heavy,highway,1,1,High
23,3,clear,Low,local,0,0,Moderate
23,4,clear,Medium,arterial,0,1,Moderate
22,6,rain,Heavy,local,1,1,High
17,5,rain,Low,arterial,1,1,Low
1,3,clear,Medium,local,0,1,High
11,6,clear,Heavy,highway,0,1,Moderate
5,6,cloudy,Low,arterial,1,0,Moderate
5,1,rain,Medium,local,0,1,Low
19,2,clear,Medium,arterial,0,0,Moderate
19,5,clear,Heavy,local,1,1,Low
12,3,clear,Low,local,1,1,Moderate
17,0,rain,Low,arterial,1,1,Low
3,3,clear,Low,local,1,0,High
5,2,rain,Medium,arterial,1,0,High
20,5,cloudy,Low,local,0,1,Low
10,3,rain,Medium,arterial,1,1,Moderate
13,0,fog,Medium,arterial,1,1,Moderate
11,0,clear,Heavy,local,1,1,Low
4,2,cloudy,Heavy,local,0,0,High
19,1,cloudy,Medium,local,1,1,Moderate
18,6,rain,Low,arterial,0,1,Moderate
16,1,clear,Low,highway,0,1,Low
8,4,clear,Heavy,arterial,0,1,Low
15,0,fog,Medium,highway,1,1,High
22,3,clear,Low,local,0,1,Moderate
15,6,fog,Heavy,local,1,0,Low
11,4,clear,Low,highway,0,1,Low
6,2,clear,Medium,arterial,1,1,Moderate
12,5,fog,Medium,local,0,1,Low
8,3,cloudy,Low,highway,0,0,Moderate
14,1,cloudy,Heavy,arterial,1,1,Moderate
1,6,clear,Heavy,highway,1,0,High
4,6,clear,Medium,arterial,0,1,Moderate
18,3,clear,Medium,arterial,0,1,Low
9,0,cloudy,Low,arterial,1,0,Low
10,2,clear,Medium,local,0,1,Low
13,3,clear,Medium,arterial,0,1,Low
10,6,clear,Medium,highway,1,1,Low
18,5,fog,Heavy,local,0,1,Moderate
5,1,rain,Medium,highway,0,1,High
18,3,clear,Medium,local,0,1,Low
5,1,fog,Medium,arterial,0,1,High
8,3,clear,Heavy,highway,1,1,Low
14,3,clear,Low,highway,0,0,Low
21,3,clear,Heavy,local,0,1,Moderate
5,2,rain,Low,highway,0,0,High
14,3,clear,Low,local,0,0,Low
1,5,clear,Heavy,arterial,0,1,High
1,3,fog,Medium,local,1,1,High
18,0,cloudy,Medium,arterial,0,1,Low
17,5,rain,Medium,local,1,1,Low
9,4,cloudy,Low,highway,0,1,Low
14,4,cloudy,Medium,arterial,1,1,Low
9,4,clear,Medium,local,1,1,Low
6,1,rain,Low,highway,0,1,High
10,6,clear,Heavy,arterial,0,0,Low
7,6,clear,Low,local,1,0,Low
19,1,fog,Heavy,local,1,1,High
9,1,clear,Heavy,local,0,1,Moderate
7,1,clear,Heavy,highway,1,1,Low
12,6,clear,Heavy,arterial,1,1,Moderate
18,6,rain,Heavy,local,0,1,Low
6,1,fog,Heavy,arterial,1,1,Moderate
22,4,clear,Heavy,local,1,1,Moderate
11,1,clear,Heavy,local,1,1,Low
15,0,cloudy,Low,arterial,1,1,Low
22,1,cloudy,Heavy,arterial,1,0,High
10,0,clear,Medium,local,1,1,Low
4,5,clear,Heavy,arterial,0,1,High
17,5,cloudy,Heavy,local,0,1,Low
0,1,clear,Low,arterial,1,1,High
10,3,rain,Low,arterial,1,1,Moderate
23,1,clear,Low,arterial,0,1,Moderate
9,3,rain,Medium,arterial,0,1,Low
16,6,cloudy,Medium,highway,1,1,Low
12,6,cloudy,Low,arterial,1,1,Low
5,5,rain,Low,local,0,0,High
7,1,clear,Low,arterial,0,1,Low
12,1,clear,Heavy,arterial,1,1,Low
2,1,clear,Medium,local,0,1,Moderate
9,0,rain,Low,arterial,1,1,Moderate
9,4,rain,Medium,local,1,1,Moderate
20,4,clear,Low,local,0,1,Low
2,6,rain,Medium,local,0,1,High
20,0,clear,Heavy,arterial,0,1,Low
9,1,clear,Low,highway,0,0,Low
15,5,clear,Heavy,arterial,0,1,Low
13,4,rain,Medium,arterial,0,1,Moderate
7,2,clear,Low,highway,1,1,Low
22,1,clear,Low,local,0,1,Moderate
5,3,cloudy,Low,local,1,1,Low
0,1,clear,Low,arterial,0,1,Moderate
18,3,clear,Low,arterial,1,0,Low
14,6,clear,Heavy,arterial,0,1,Moderate
21,1,clear,Low,local,0,0,Low
10,0,clear,Heavy,arterial,0,0,Low
0,5,clear,Medium,highway,1,1,High
0,0,rain,Medium,local,1,0,High
10,6,rain,Medium,local,1,1,Moderate
5,5,rain,Heavy,arterial,0,1,High
22,2,clear,Heavy,arterial,1,0,High
2,2,clear,Low,arterial,1,0,High
21,2,clear,Medium,local,0,1,Low
5,2,clear,Low,arterial,1,0,Moderate
2,5,cloudy,Low,arterial,1,1,Moderate
6,5,clear,Low,arterial,1,1,Low
3,1,cloudy,Heavy,local,1,1,Moderate
9,1,rain,Low,highway,1,0,Moderate
7,3,clear,Heavy,arterial,0,1,Low
12,4,fog,Heavy,highway,1,0,High
12,5,clear,Medium,arterial,1,1,Low
0,2,fog,Medium,local,1,1,High
2,3,cloudy,Medium,local,1,1,Moderate
3,0,clear,Low,local,0,1,Moderate
4,3,clear,Medium,arterial,1,1,High
2,4,clear,Low,local,0,1,Moderate
7,2,rain,Low,arterial,0,1,High
13,2,clear,Medium,highway,0,1,Low
7,3,rain,Low,arterial,1,0,Moderate
7,6,clear,Medium,highway,0,0,Low
11,4,fog,Heavy,arterial,0,0,Moderate
13,6,clear,Medium,arterial,0,1,Low
7,0,cloudy,Low,arterial,1,0,Low
5,5,rain,Low,arterial,0,1,Moderate
9,0,clear,Low,arterial,0,1,Low
0,2,clear,Medium,arterial,1,1,Moderate
11,2,cloudy,Medium,highway,1,1,Moderate
22,1,cloudy,Heavy,local,0,1,High
9,6,rain,Low,local,0,1,Moderate
2,6,clear,Heavy,highway,1,1,High
16,3,rain,Low,arterial,1,1,Moderate
3,3,rain,Medium,arterial,1,1,High
4,5,rain,Heavy,local,0,0,High
3,4,clear,Heavy,local,0,1,Moderate
21,3,clear,Medium,arterial,1,1,Low
23,5,fog,Low,highway,0,0,High
13,1,cloudy,Medium,highway,1,1,Moderate
14,1,cloudy,Heavy,local,0,1,Low
15,0,rain,Low,arterial,0,1,Low
14,0,clear,Low,highway,0,0,Low
13,1,rain,Medium,arterial,0,1,Moderate
23,4,cloudy,Heavy,arterial,1,1,High
17,5,rain,Medium,arterial,1,1,Moderate
2,4,rain,Low,arterial,1,1,High
9,3,clear,Heavy,arterial,1,0,Low
23,1,clear,Heavy,arterial,0,1,High
9,0,rain,Medium,local,0,1,Low
4,4,rain,Low,arterial,1,1,High
20,0,clear,Low,local,0,1,Low
14,5,fog,Medium,highway,1,1,Moderate
13,2,clear,Heavy,local,1,1,Low
10,2,clear,Medium,arterial,0,0,Low
2,0,fog,Low,arterial,1,0,High
9,1,cloudy,Heavy,arterial,0,1,Low
10,0,rain,Medium,arterial,1,1,Moderate
22,5,rain,Heavy,local,0,0,High
7,3,clear,Medium,local,1,0,Low
3,5,clear,Medium,highway,0,1,Moderate
10,3,rain,Low,arterial,0,1,Low
23,6,clear,Low,highway,0,0,High
11,5,cloudy,Heavy,highway,0,1,Moderate
9,1,clear,Heavy,arterial,0,0,Low
16,0,clear,Medium,arterial,0,0,Low
15,6,clear,Medium,local,0,1,Low
7,1,cloudy,Low,local,1,0,Low
23,5,rain,Heavy,arterial,1,1,High
14,4,clear,Low,highway,1,1,Moderate
1,4,clear,Medium,arterial,0,1,Moderate
9,1,clear,Medium,highway,0,0,Moderate
22,2,rain,Medium,arterial,0,1,Moderate
9,3,clear,Medium,arterial,1,1,Moderate
13,0,cloudy,Heavy,arterial,1,1,Moderate
14,2,cloudy,Heavy,arterial,0,1,Low
16,3,clear,Heavy,arterial,1,1,Low
20,1,cloudy,Medium,highway,1,0,Moderate
3,2,rain,Low,local,0,1,Moderate
12,6,clear,Heavy,arterial,0,0,Low
12,2,clear,Low,local,1,0,Low
3,6,clear,Heavy,arterial,0,1,Moderate
16,6,cloudy,Low,highway,0,0,Low
2,4,rain,Heavy,arterial,0,0,High
10,1,cloudy,Heavy,local,0,0,Low
7,1,fog,Medium,arterial,0,1,Moderate
3,6,cloudy,Heavy,highway,1,1,High
19,0,clear,Low,arterial,1,1,Moderate
5,3,clear,Medium,arterial,1,1,Low
6,4,cloudy,Low,arterial,1,1,Moderate
20,5,cloudy,Heavy,highway,0,0,High
21,6,clear,Medium,highway,1,0,Moderate
0,1,clear,Low,arterial,0,1,High
6,3,clear,Low,arterial,1,1,Moderate
17,4,clear,Heavy,arterial,0,1,Low
18,6,cloudy,Heavy,local,1,1,Low
23,3,cloudy,Heavy,arterial,1,1,High
13,0,rain,Low,arterial,1,1,Moderate
0,6,clear,Medium,local,1,0,High
20,3,rain,Medium,arterial,0,0,High
3,1,clear,Heavy,local,1,1,Moderate
2,1,clear,Heavy,arterial,0,1,High
16,1,rain,Low,arterial,1,1,Moderate
14,5,fog,Medium,local,0,1,Low
1,6,fog,Low,arterial,0,0,High
4,3,clear,Medium,arterial,1,1,High
14,0,clear,Low,arterial,1,1,Low
6,6,rain,Low,arterial,0,1,Moderate
16,4,rain,Low,arterial,1,1,Moderate
9,3,clear,Low,local,1,1,Low
14,0,clear,Medium,local,1,1,Low
11,6,clear,Medium,arterial,1,1,Low
8,0,clear,Heavy,arterial,0,0,Low
8,4,clear,Medium,highway,1,0,Moderate
16,4,cloudy,Medium,local,1,1,Low
12,3,clear,Heavy,local,1,1,Low
14,3,cloudy,Medium,arterial,0,1,Low
13,2,cloudy,Heavy,highway,1,1,Moderate
4,4,clear,Heavy,local,0,1,Moderate
21,2,clear,Heavy,arterial,0,1,Moderate
13,3,rain,Low,local,0,0,Low
17,4,cloudy,Low,arterial,1,0,Low
21,5,rain,Low,arterial,0,1,Moderate
22,1,clear,Medium,arterial,0,0,High
16,6,cloudy,Medium,local,1,1,Low
18,0,fog,Low,arterial,1,1,Moderate
11,1,clear,Medium,arterial,0,1,Low
17,2,clear,Medium,arterial,1,1,Low
7,2,rain,Medium,local,1,1,Low
17,2,clear,Low,local,1,1,Moderate
2,2,clear,Low,highway,0,0,High
21,3,fog,Medium,arterial,0,1,Moderate
5,5,clear,Low,highway,0,1,Moderate
15,5,cloudy,Medium,local,1,1,Low
0,2,rain,Medium,highway,0,1,High
3,1,rain,Medium,local,1,1,Moderate
23,4,clear,Heavy,arterial,0,1,Moderate
20,0,clear,Low,local,1,1,Low
5,3,rain,Low,local,1,1,Moderate
3,1,rain,Heavy,arterial,0,1,High
19,4,clear,Heavy,arterial,0,0,Low
23,0,clear,Low,highway,1,1,High
4,5,clear,Heavy,highway,0,0,High
15,1,clear,Medium,highway,0,0,Moderate
6,3,rain,Medium,local,1,1,Moderate
17,4,rain,Heavy,arterial,0,0,Low
10,3,clear,Low,highway,1,1,Low
3,3,rain,Medium,highway,0,0,High
7,1,rain,Low,arterial,1,1,Low
12,5,cloudy,Medium,highway,0,1,Low
19,3,fog,Medium,local,1,1,High
0,1,clear,Heavy,local,1,1,High
22,1,rain,Medium,arterial,0,0,High
15,3,clear,Heavy,local,0,1,Low
21,5,clear,Low,highway,1,1,High
22,6,cloudy,Medium,arterial,0,1,Moderate
3,2,clear,Heavy,arterial,0,0,High
2,2,cloudy,Low,local,0,1,High
18,0,clear,Heavy,arterial,0,1,Low
4,3,clear,Medium,arterial,0,0,High
3,1,cloudy,Heavy,arterial,0,0,High
11,5,clear,Low,arterial,0,1,Moderate
21,3,clear,Medium,arterial,0,0,Low
19,1,clear,Low,arterial,1,0,Moderate
12,6,fog,Heavy,local,1,1,Moderate
4,5,rain,Low,local,1,1,High
8,2,clear,Heavy,arterial,1,1,Moderate
16,0,cloudy,Medium,local,1,1,Low
3,1,cloudy,Heavy,arterial,1,0,High
12,2,clear,Heavy,highway,0,1,Moderate
0,2,clear,Heavy,local,1,1,Moderate
7,5,cloudy,Low,arterial,1,1,Moderate
5,6,clear,Heavy,highway,1,1,High
16,5,rain,Medium,highway,0,1,Moderate
21,5,clear,Medium,local,0,1,Moderate
3,0,cloudy,Low,highway,0,0,High
19,1,clear,Heavy,local,1,0,Moderate
15,6,cloudy,Medium,local,0,0,Low
23,4,fog,Heavy,local,0,1,High
21,1,clear,Medium,local,0,1,Low
2,5,clear,Medium,highway,1,1,High
17,1,cloudy,Low,arterial,1,1,Low
14,5,clear,Low,local,1,0,Low
2,6,clear,Heavy,highway,0,1,High
6,3,cloudy,Heavy,local,1,1,High
22,4,clear,Low,local,1,1,High
13,5,clear,Medium,local,0,1,Low
8,6,clear,Heavy,arterial,1,1,Low
7,4,clear,Medium,highway,1,1,Low
20,2,rain,Medium,local,1,0,Moderate
6,1,clear,Heavy,arterial,0,1,Low
3,2,clear,Low,local,0,1,Moderate
13,0,cloudy,Medium,highway,1,1,Moderate
23,4,rain,Medium,arterial,0,1,High
4,2,clear,Medium,arterial,0,1,Low
6,4,cloudy,Low,local,1,1,Low
11,0,cloudy,Low,arterial,0,0,Low
4,2,clear,Heavy,arterial,0,1,Moderate
15,2,clear,Heavy,arterial,0,0,Low
6,0,cloudy,Heavy,highway,1,1,High
3,5,clear,Heavy,local,0,1,Moderate
6,4,clear,Low,local,1,0,Moderate
22,5,cloudy,Medium,local,0,1,Moderate
22,5,clear,Medium,highway,0,1,High
12,0,clear,Low,highway,0,0,Low
9,6,clear,Low,arterial,1,0,Low
19,0,rain,Low,arterial,0,1,High
4,6,rain,Low,arterial,1,0,High
15,4,clear,Low,highway,0,1,Moderate
16,5,clear,Heavy,local,0,1,Low
17,3,fog,Heavy,arterial,0,1,Low
5,1,cloudy,Medium,local,0,1,Low
17,1,cloudy,Low,highway,0,1,Low
14,0,clear,Low,highway,0,1,Low
21,5,clear,Heavy,arterial,1,1,Moderate
4,3,clear,Low,arterial,0,0,Moderate
14,1,rain,Medium,arterial,1,1,Moderate
19,0,rain,Low,highway,0,1,High
6,0,clear,Heavy,arterial,0,1,Low
17,1,cloudy,Medium,arterial,0,1,Low
2,5,rain,Low,arterial,0,1,High
17,6,rain,Heavy,arterial,0,1,Low
14,4,clear,Medium,arterial,1,1,Moderate
4,6,clear,Low,highway,0,1,High
1,2,fog,Medium,highway,1,1,High
17,2,clear,Medium,arterial,0,1,Low
5,4,clear,Heavy,highway,1,1,High
11,0,clear,Low,local,0,0,Low
1,6,clear,Heavy,arterial,0,0,High
23,5,clear,Heavy,highway,1,1,High
13,0,cloudy,Medium,arterial,0,1,Low
22,1,fog,Low,highway,0,1,High
3,4,clear,Low,local,1,1,Moderate
4,5,fog,Heavy,arterial,1,1,High
14,1,rain,Medium,arterial,1,0,Moderate
14,5,rain,Heavy,local,0,1,Low
18,3,cloudy,Medium,highway,1,1,Low
22,4,rain,Medium,highway,0,1,High
19,2,cloudy,Heavy,local,0,1,Low
3,3,clear,Heavy,arterial,1,1,Moderate
7,2,rain,Medium,arterial,0,1,Low
21,1,clear,Heavy,highway,1,1,Moderate
13,1,rain,Low,local,0,0,Low
20,1,clear,Medium,highway,1,1,High
13,5,clear,Low,arterial,0,0,Low
1,2,rain,Heavy,highway,0,1,High
11,2,cloudy,Heavy,arterial,0,1,Moderate
19,5,clear,Heavy,highway,1,1,High
15,6,rain,Medium,highway,1,1,High
3,1,clear,Heavy,arterial,1,1,Moderate
5,2,clear,Low,arterial,1,1,Low
20,2,cloudy,Medium,highway,0,0,Moderate
23,5,clear,Heavy,highway,0,0,High
18,4,clear,Low,local,1,0,Low
2,3,clear,Low,arterial,1,1,Moderate
14,1,clear,Medium,arterial,1,0,Moderate
19,2,fog,Heavy,arterial,0,0,Moderate
15,0,clear,Medium,arterial,1,1,Low
14,4,rain,Medium,arterial,0,1,Low
11,6,cloudy,Heavy,arterial,1,1,Low
5,5,clear,Low,arterial,0,0,Moderate
6,2,fog,Heavy,highway,1,0,High
17,3,clear,Medium,highway,1,0,Low
1,6,clear,Medium,arterial,1,0,High
2,2,rain,Low,arterial,1,0,High
9,5,rain,Medium,local,1,1,Moderate
18,4,clear,Heavy,highway,0,1,Low
15,3,rain,Medium,highway,0,0,Low
14,4,fog,Low,highway,0,1,Moderate
12,1,clear,Low,local,0,1,Low
2,2,cloudy,Heavy,local,0,1,High
7,2,clear,Medium,local,1,1,Low
1,5,clear,Low,local,0,1,Moderate
18,4,clear,Heavy,local,0,1,Low
18,2,clear,Low,local,1,1,Low
6,5,cloudy,Heavy,arterial,1,1,Moderate
7,3,clear,Low,local,1,1,Low
7,6,clear,Low,highway,0,0,Low
21,4,clear,Low,local,1,1,Low
11,6,clear,Heavy,highway,1,1,Moderate
18,6,cloudy,Heavy,local,0,0,Low
10,2,clear,Low,arterial,0,1,Low
16,1,clear,Heavy,arterial,0,0,Low
12,5,clear,Heavy,local,1,0,Low
6,1,clear,Medium,arterial,0,0,Low
21,5,cloudy,Medium,local,0,1,Low
17,1,clear,Medium,arterial,0,0,Low
18,6,cloudy,Low,arterial,0,1,Low
22,4,cloudy,Heavy,local,1,1,High
5,3,clear,Heavy,arterial,0,1,Low
2,3,clear,Heavy,arterial,0,0,High
13,4,clear,Heavy,arterial,0,1,Moderate
7,2,clear,Heavy,local,1,1,Low
10,2,clear,Heavy,arterial,0,1,Low
5,1,fog,Heavy,highway,0,1,High
9,1,clear,Medium,highway,1,1,Moderate
9,6,clear,Heavy,arterial,1,1,Low
8,5,rain,Heavy,arterial,0,1,Low
17,3,rain,Low,local,1,1,Moderate
14,5,clear,Medium,arterial,1,1,Moderate
11,4,clear,Heavy,local,0,0,Low
2,4,clear,Low,local,0,1,Moderate
13,0,rain,Medium,local,0,1,Low
4,3,cloudy,Low,highway,0,1,High
7,0,clear,Low,local,0,1,Low
9,4,clear,Medium,highway,0,1,Low
3,0,clear,Low,highway,0,1,High
9,3,cloudy,Heavy,highway,0,1,Low
6,2,clear,Medium,arterial,0,1,Low
20,0,clear,Low,local,0,1,Low
20,3,clear,Low,arterial,1,0,Moderate
0,1,rain,Low,local,1,0,High
14,1,clear,Medium,local,0,1,Low
15,6,rain,Heavy,local,1,1,Moderate
9,2,clear,Medium,arterial,0,1,Low
11,2,clear,Low,arterial,1,1,Low
18,0,clear,Medium,arterial,1,1,Low
9,2,clear,Heavy,arterial,0,1,Low
1,2,clear,Heavy,highway,0,1,High
8,5,clear,Heavy,local,1,1,Low
6,0,clear,Low,arterial,1,0,Low
9,6,clear,Low,arterial,0,0,Low
5,0,rain,Medium,highway,0,0,Moderate
3,4,clear,Medium,arterial,0,0,Moderate
23,0,rain,Medium,highway,0,1,High
3,5,rain,Low,local,0,0,High
16,4,cloudy,Heavy,local,1,0,Moderate
17,5,clear,Heavy,local,1,1,Moderate
14,6,cloudy,Heavy,local,1,1,Moderate
21,5,rain,Heavy,local,1,0,High
0,4,clear,Medium,highway,0,0,High
7,5,clear,Medium,arterial,0,1,Low
4,0,clear,Heavy,arterial,1,1,Moderate
13,4,clear,Low,local,1,0,Low
15,6,clear,Low,arterial,1,0,Low
21,2,clear,Low,arterial,0,0,Low
9,6,cloudy,Medium,highway,0,1,Low
5,3,clear,Medium,local,0,1,Low
22,3,clear,Low,arterial,0,1,Moderate
16,2,fog,Medium,highway,1,1,Moderate
18,0,clear,Medium,local,1,1,Low
10,6,clear,Heavy,local,1,1,Low
10,5,clear,Low,arterial,1,1,Low
9,2,clear,Heavy,arterial,1,1,Low
17,6,clear,Heavy,arterial,1,1,Low
5,1,clear,Medium,highway,0,1,Moderate
23,5,rain,Medium,highway,0,1,High
4,3,rain,Low,arterial,1,1,High
11,4,clear,Heavy,local,1,0,Low
7,0,rain,Heavy,highway,0,1,Moderate
15,4,cloudy,Low,arterial,0,0,Low
16,4,rain,Heavy,arterial,1,1,Moderate
22,6,clear,Low,highway,1,1,High
18,2,cloudy,Heavy,arterial,0,1,Low
5,0,clear,Medium,highway,0,1,Low
4,0,clear,Medium,highway,1,1,High
21,1,rain,Heavy,arterial,1,1,High
11,2,clear,Medium,highway,1,1,Low
2,5,clear,Low,arterial,0,1,High
19,1,clear,Heavy,highway,0,1,Moderate
15,1,rain,Low,highway,1,1,Moderate
0,0,clear,Heavy,local,1,1,Moderate
18,2,clear,Low,local,1,0,Low
14,4,cloudy,Medium,arterial,1,1,Low
14,1,clear,Medium,local,0,1,Low
20,3,clear,Medium,arterial,1,1,Moderate
11,1,cloudy,Medium,local,0,1,Low
11,5,fog,Medium,arterial,0,1,Moderate
14,0,rain,Heavy,arterial,1,1,High
4,1,clear,Low,arterial,0,1,Moderate
3,3,clear,Heavy,highway,0,0,High
20,5,rain,Low,local,0,0,Moderate
5,2,clear,Heavy,highway,1,1,Moderate
12,0,cloudy,Heavy,local,0,1,Low
6,3,clear,Heavy,arterial,0,1,Moderate
5,1,rain,Low,arterial,0,0,Moderate
14,2,clear,Heavy,arterial,0,1,Moderate
19,6,fog,Medium,local,1,0,High
10,6,clear,Heavy,highway,0,0,Moderate
3,1,cloudy,Low,arterial,0,1,High
5,4,clear,Heavy,local,0,1,Low
3,3,clear,Medium,arterial,1,1,High
21,6,clear,Heavy,arterial,1,0,Moderate
7,6,clear,Medium,highway,1,1,Low
8,2,clear,Low,local,1,1,Low
1,0,clear,Heavy,local,1,1,High
10,0,fog,Low,highway,0,0,Moderate
21,0,rain,Heavy,local,1,1,High
9,5,cloudy,Low,highway,0,0,Moderate
15,5,clear,Heavy,local,0,1,Low
4,5,clear,Medium,highway,0,1,High
3,0,clear,Low,arterial,0,0,High
17,0,clear,Heavy,local,1,1,Low
1,1,cloudy,Low,highway,0,0,High
10,4,rain,Low,local,0,0,Low
7,0,clear,Heavy,local,0,1,Low
0,4,clear,Low,arterial,1,1,High
12,6,clear,Low,highway,1,1,Low
23,1,clear,Medium,local,1,1,Moderate
1,5,clear,Low,arterial,0,1,High
19,3,clear,Heavy,arterial,1,0,Low
12,6,clear,Heavy,arterial,0,1,Low
17,1,clear,Heavy,arterial,0,0,Low
2,1,cloudy,Heavy,arterial,1,0,High
20,0,fog,Heavy,local,1,0,High
0,4,clear,Low,arterial,0,1,Moderate
21,6,clear,Medium,local,1,1,Low
15,0,clear,Heavy,arterial,0,0,Low
8,3,rain,Medium,highway,0,0,Moderate
0,5,clear,Heavy,local,1,1,High
14,5,cloudy,Heavy,local,1,0,Moderate
2,6,clear,Low,local,0,0,High
14,5,fog,Medium,arterial,0,0,Moderate
18,6,clear,Low,arterial,0,1,Low
6,6,clear,Heavy,highway,0,0,Moderate
5,6,clear,Heavy,local,1,1,Low
5,3,clear,Medium,local,0,0,Low
5,2,clear,Low,arterial,1,1,Moderate
2,2,rain,Low,highway,0,1,High
5,6,cloudy,Low,local,0,1,Low
15,1,fog,Medium,arterial,1,1,Moderate
7,5,fog,Heavy,arterial,0,1,Moderate
18,4,clear,Low,highway,1,1,Low
19,0,rain,Heavy,highway,0,1,High
18,3,cloudy,Heavy,arterial,0,1,Moderate
12,1,clear,Heavy,arterial,0,1,Low
7,5,cloudy,Low,highway,0,0,Low
22,3,fog,Low,arterial,0,1,High
4,2,rain,Low,highway,0,1,High
11,0,cloudy,Low,local,1,1,Low
10,0,clear,Low,arterial,1,1,Low
17,5,rain,Medium,highway,1,1,High
13,6,clear,Heavy,highway,0,0,Moderate
19,2,cloudy,Low,arterial,0,1,Moderate
22,5,cloudy,Medium,arterial,0,1,Moderate
9,3,clear,Medium,local,1,1,Low
20,2,clear,Low,local,1,1,Moderate
4,3,cloudy,Low,arterial,0,1,Moderate
21,4,clear,Low,arterial,1,1,Low
4,6,clear,Medium,highway,0,0,High
20,3,clear,Medium,highway,1,1,Moderate
9,2,cloudy,Low,highway,0,1,Low
23,5,clear,Low,arterial,1,0,High
3,3,clear,Low,highway,1,1,High
11,2,rain,Low,arterial,1,0,Low
21,3,clear,Heavy,highway,1,1,High
1,3,rain,Medium,local,0,1,High
6,0,clear,Medium,highway,0,1,Low
2,0,clear,Medium,local,1,0,Moderate
7,4,rain,Low,local,1,1,Low
9,1,clear,Low,local,1,1,Low
14,3,fog,Medium,local,0,0,Moderate
6,5,clear,Heavy,arterial,0,0,Low
3,1,rain,Heavy,highway,0,1,High
4,2,clear,Heavy,arterial,1,0,High
22,6,rain,Medium,arterial,0,1,High
22,0,clear,Heavy,arterial,0,0,Moderate
5,5,cloudy,Heavy,arterial,0,1,Low
4,1,clear,Heavy,highway,0,0,High
1,6,rain,Low,highway,0,1,High
23,2,clear,Low,arterial,0,0,High
16,0,clear,Medium,local,0,1,Low
18,5,cloudy,Medium,local,0,1,Low
6,1,clear,Low,arterial,1,1,Moderate
15,2,rain,Heavy,local,0,1,Moderate
1,3,cloudy,Medium,local,0,1,Moderate
16,5,clear,Medium,local,1,1,Low
13,2,rain,Low,local,0,1,Low
7,6,clear,Medium,arterial,0,1,Low
17,3,cloudy,Medium,local,1,1,Low
15,2,clear,Low,arterial,0,1,Low
10,2,clear,Low,local,0,1,Low
4,5,rain,Medium,highway,1,1,High
0,4,rain,Heavy,local,1,1,High
22,0,fog,Low,local,0,0,High
6,5,cloudy,Low,arterial,1,0,Moderate
7,2,clear,Low,arterial,1,1,Low
16,2,clear,Low,highway,1,1,Low
6,0,clear,Medium,arterial,1,0,Moderate
9,6,cloudy,Low,local,1,0,Moderate
17,0,clear,Medium,arterial,0,0,Low
14,6,fog,Heavy,local,0,1,Moderate
15,0,clear,Low,local,1,0,Low
0,3,clear,Medium,local,1,1,Moderate
10,0,rain,Heavy,local,0,0,Moderate
11,3,clear,Medium,highway,1,0,Low
15,5,clear,Low,arterial,1,1,Low
3,4,clear,Low,highway,1,1,High
3,3,fog,Heavy,arterial,0,1,High
18,0,clear,Heavy,highway,1,0,Low
16,6,clear,Low,arterial,0,0,Low
19,2,clear,Medium,local,1,1,Moderate
6,3,cloudy,Low,local,0,1,Low
23,6,clear,Low,arterial,0,1,High
6,4,cloudy,Heavy,highway,0,1,Moderate
15,5,clear,Medium,highway,1,1,Moderate
3,1,rain,Low,highway,1,1,High
22,3,cloudy,Medium,highway,0,1,Moderate
7,3,cloudy,Heavy,local,0,0,Low
19,1,clear,Heavy,local,1,0,Moderate
7,2,clear,Medium,local,0,0,Low
18,5,clear,Heavy,local,1,0,Low
10,6,clear,Heavy,highway,0,0,Moderate
1,5,clear,Heavy,arterial,0,1,High
4,6,clear,Medium,highway,1,0,High
16,6,clear,Medium,highway,0,1,Moderate
4,1,clear,Heavy,highway,1,1,High
6,5,clear,Medium,arterial,1,0,Moderate
13,4,clear,Medium,arterial,1,1,Low
6,6,rain,Heavy,local,1,1,High
3,4,clear,Heavy,highway,1,1,High
14,0,rain,Medium,local,0,1,Moderate
16,3,clear,Medium,arterial,0,1,Low
17,5,fog,Heavy,local,1,0,Moderate
22,0,clear,Medium,arterial,1,1,Moderate
2,3,clear,Medium,highway,1,1,High
10,4,cloudy,Low,arterial,1,1,Low
5,3,clear,Low,highway,0,1,Moderate
21,5,clear,Low,arterial,1,0,Low
12,0,clear,Medium,highway,0,1,Low
2,2,fog,Heavy,arterial,1,0,High
16,6,rain,Low,local,0,1,Low
1,3,clear,Low,highway,1,1,High
6,1,rain,Medium,arterial,1,1,High
17,0,clear,Low,arterial,1,1,Low
12,4,clear,Heavy,highway,1,1,Moderate
18,6,clear,Low,arterial,1,1,Low
13,0,clear,Heavy,local,1,1,Moderate
20,0,rain,Medium,arterial,0,0,Low
13,2,rain,Heavy,arterial,1,1,Low
1,1,rain,Medium,local,1,0,High
1,0,cloudy,Heavy,arterial,1,1,High
18,2,clear,Medium,arterial,0,1,Low
0,4,rain,Heavy,highway,0,1,High
9,5,clear,Low,local,0,1,Low
0,2,rain,Medium,local,1,0,High
7,4,clear,Low,local,0,1,Low
14,5,rain,Heavy,highway,0,1,High
4,0,cloudy,Medium,local,0,0,High
11,5,clear,Medium,arterial,0,1,Low
23,1,clear,Low,highway,1,1,High
1,4,clear,Low,highway,1,0,High
1,5,clear,Medium,highway,0,1,High
6,5,rain,Medium,highway,1,0,Moderate
19,2,clear,Medium,arterial,0,1,Low
9,4,clear,Heavy,local,1,0,Low
15,0,clear,Low,local,0,1,Low
0,3,clear,Medium,local,1,0,High
17,6,clear,Low,local,0,0,Low
1,1,rain,Medium,highway,0,1,High
17,1,cloudy,Medium,arterial,1,0,Low
3,4,rain,Heavy,highway,0,0,High
20,3,clear,Heavy,arterial,0,1,Moderate
7,3,clear,Low,highway,1,1,Moderate
4,1,clear,Low,local,1,1,Moderate
8,1,clear,Low,arterial,1,1,Low
0,5,clear,Medium,local,0,1,Moderate
3,2,clear,Low,local,1,1,Moderate
14,5,cloudy,Medium,arterial,0,0,Low
7,3,clear,Medium,local,0,1,Low
8,2,cloudy,Medium,highway,1,1,Low
19,1,cloudy,Medium,highway,1,1,Moderate
2,4,cloudy,Heavy,arterial,0,1,High
9,1,clear,Heavy,arterial,0,1,Low
4,6,cloudy,Medium,local,1,0,High
11,2,clear,Heavy,arterial,0,1,Low
7,5,clear,Heavy,arterial,1,0,Moderate
1,3,clear,Low,arterial,0,1,Moderate
1,2,clear,Medium,local,1,1,Moderate
20,3,clear,Medium,highway,1,0,Moderate
1,3,cloudy,Heavy,highway,1,0,High
18,3,rain,Heavy,local,0,1,Low
21,6,clear,Medium,local,0,1,Moderate
11,4,clear,Medium,local,0,1,Low
7,0,clear,Heavy,arterial,1,1,Moderate
18,0,fog,Medium,local,0,1,Low
23,0,clear,Medium,arterial,1,1,High
2,4,clear,Medium,arterial,0,1,Moderate
23,1,clear,Heavy,highway,0,1,High
22,2,rain,Medium,arterial,0,0,High
3,5,clear,Low,local,0,0,Moderate
1,0,clear,Low,highway,1,0,High
17,1,clear,Medium,highway,0,1,Low
1,0,cloudy,Medium,arterial,0,0,Moderate
14,1,clear,Medium,local,0,1,Low
1,0,fog,Medium,arterial,1,1,High
16,4,rain,Heavy,local,1,1,Moderate
5,5,clear,Heavy,local,1,1,Moderate
2,1,fog,Medium,local,1,0,High
1,3,rain,Heavy,arterial,1,1,High
4,2,clear,Medium,arterial,0,0,High
12,0,rain,Medium,arterial,0,0,Moderate
1,3,clear,Low,highway,0,1,Moderate
19,4,clear,Medium,highway,0,1,Moderate
14,1,clear,Medium,arterial,0,1,Low
7,5,rain,Medium,arterial,0,1,Moderate
23,6,rain,Heavy,highway,0,0,High
15,0,clear,Low,arterial,0,0,Low
16,1,cloudy,Low,local,0,1,Low
4,2,cloudy,Heavy,highway,1,1,High
17,5,rain,Medium,local,1,0,Moderate
13,0,clear,Low,highway,1,1,Moderate
23,3,clear,Medium,arterial,0,1,High
11,3,clear,Low,local,1,1,Low
16,0,clear,Heavy,highway,1,0,Low
8,0,clear,Low,arterial,1,0,Low
0,0,clear,Heavy,local,0,1,Moderate
3,0,clear,Low,arterial,1,1,High
20,3,rain,Medium,highway,0,1,High
17,6,clear,Medium,arterial,0,0,Low
8,2,clear,Low,highway,0,1,Low
16,1,rain,Low,arterial,0,1,Moderate
0,1,clear,Low,highway,0,1,High
0,6,cloudy,Low,local,0,1,High
12,6,rain,Heavy,local,1,0,Moderate
14,4,clear,Heavy,highway,1,1,Moderate
22,3,clear,Medium,arterial,1,1,High
18,1,clear,Medium,local,1,1,Low
6,6,clear,Medium,arterial,0,1,Low
19,0,cloudy,Low,local,0,1,Low
11,1,clear,Medium,highway,1,0,Moderate
19,4,clear,Heavy,highway,1,1,High
4,1,clear,Low,highway,0,1,High
0,0,clear,Low,local,0,1,Moderate
1,4,clear,Low,arterial,1,1,Moderate
23,0,clear,Medium,highway,1,0,High
1,1,clear,Heavy,arterial,0,1,Moderate
22,4,cloudy,Medium,arterial,0,1,Moderate
17,1,rain,Low,local,1,1,Low
3,5,rain,Low,arterial,1,1,High
20,0,clear,Heavy,highway,1,1,High
3,4,clear,Medium,highway,1,1,High
3,0,cloudy,Low,arterial,1,1,High
13,5,cloudy,Low,highway,0,1,Moderate
6,5,fog,Low,local,1,1,Moderate
6,5,clear,Heavy,local,0,1,Moderate
4,1,clear,Medium,arterial,0,0,Moderate
14,1,clear,Low,local,1,0,Low
0,6,rain,Heavy,highway,1,1,High
5,5,cloudy,Heavy,highway,0,1,Moderate
13,1,rain,Low,highway,0,0,Moderate
11,0,cloudy,Low,arterial,1,1,Low
16,2,fog,Heavy,highway,0,1,High
5,4,clear,Low,local,0,1,Low
15,2,fog,Low,local,0,1,Low
18,5,rain,Medium,local,0,0,Moderate
9,3,rain,Heavy,local,0,1,Low
6,6,fog,Medium,arterial,1,0,Moderate
13,6,clear,Low,arterial,1,1,Low
13,3,cloudy,Heavy,local,0,1,Low
2,5,cloudy,Heavy,highway,1,0,High
13,3,rain,Low,highway,1,1,Moderate
3,0,rain,Low,arterial,0,1,High
13,2,rain,Medium,local,0,0,Moderate
22,2,clear,Low,highway,1,1,High
12,6,rain,Medium,local,0,1,Moderate
18,5,rain,Low,arterial,0,1,Moderate
7,1,cloudy,Heavy,arterial,1,1,Low
22,0,clear,Low,local,1,1,Moderate
19,3,rain,Low,arterial,1,1,Moderate
22,3,rain,Low,local,1,1,High
17,5,clear,Low,arterial,0,1,Low
15,1,cloudy,Medium,local,0,1,Low
12,5,cloudy,Medium,arterial,0,1,Low
22,2,cloudy,Heavy,local,1,1,High
20,2,clear,Medium,local,0,1,Moderate
10,2,clear,Medium,arterial,0,1,Moderate
2,6,rain,Heavy,highway,0,1,High
0,2,fog,Low,local,0,1,High
5,3,clear,Heavy,highway,0,1,Low
1,6,rain,Medium,arterial,1,1,High
5,0,clear,Low,arterial,0,1,Low
2,3,clear,Medium,highway,0,0,High
23,4,cloudy,Heavy,local,1,1,Moderate
2,6,clear,Low,arterial,1,0,High
15,0,clear,Medium,arterial,0,0,Low
8,5,fog,Medium,local,1,1,Moderate
4,5,clear,Medium,highway,1,0,High
16,2,clear,Low,local,1,1,Low
23,5,clear,Low,highway,1,1,High
18,3,cloudy,Low,local,0,1,Low
23,4,cloudy,Heavy,arterial,0,1,Moderate
14,2,clear,Low,local,1,0,Low
16,1,clear,Medium,highway,1,0,Moderate
3,5,clear,Low,local,0,1,Moderate
20,1,cloudy,Low,arterial,0,1,Moderate
17,1,rain,Medium,arterial,1,0,Moderate
6,6,clear,Medium,highway,1,1,Moderate
8,6,rain,Medium,highway,0,1,Low
14,4,fog,Medium,highway,0,1,Moderate
0,4,clear,Medium,highway,1,1,High
19,2,clear,Low,arterial,1,1,Low
6,4,cloudy,Low,local,0,1,Low
1,4,rain,Low,highway,0,0,High
7,3,clear,Medium,highway,1,1,Moderate
20,4,clear,Low,highway,0,1,Moderate
6,3,cloudy,Medium,arterial,1,0,Low
12,6,rain,Low,highway,0,0,Moderate
19,4,clear,Medium,highway,0,1,Low
0,2,clear,Medium,arterial,1,1,Moderate
18,4,clear,Heavy,arterial,0,1,Low
6,1,fog,Heavy,highway,0,0,Moderate
16,1,cloudy,Heavy,local,1,0,Low
4,5,clear,Medium,arterial,1,1,Moderate
3,4,rain,Heavy,local,0,0,High
18,0,clear,Low,arterial,0,0,Low
19,2,rain,Medium,arterial,0,1,Moderate
23,6,clear,Heavy,local,1,0,High
16,4,clear,Medium,arterial,1,1,Low
11,6,clear,Low,highway,0,1,Low
4,3,clear,Medium,local,0,0,Low
7,0,rain,Heavy,local,0,1,Moderate
15,1,clear,Medium,local,1,1,Low
8,0,clear,Low,arterial,1,0,Low
11,5,rain,Low,arterial,0,1,Moderate
4,5,clear,Low,arterial,1,1,High
10,3,clear,Heavy,arterial,1,1,Low
5,5,clear,Medium,highway,0,1,Moderate
2,3,fog,Low,local,0,1,High
3,5,cloudy,Heavy,local,0,1,Moderate
12,4,rain,Medium,local,1,1,Low
8,3,rain,Heavy,local,0,0,Low
2,4,clear,Heavy,highway,1,0,High
12,2,clear,Heavy,highway,1,1,Low
3,5,cloudy,Heavy,arterial,0,1,High
0,6,clear,Heavy,arterial,0,1,High
3,1,fog,Low,local,0,1,High
10,4,clear,Low,local,0,0,Low
22,0,clear,Heavy,arterial,1,0,High
5,2,cloudy,Medium,arterial,1,0,Moderate
6,4,clear,Medium,arterial,0,1,Low
5,1,cloudy,Heavy,local,1,1,Moderate
8,1,rain,Medium,local,0,1,Low
17,2,rain,Medium,arterial,1,1,Low
7,0,rain,Low,local,0,0,Low
15,4,clear,Heavy,arterial,1,1,Moderate
21,0,clear,Heavy,local,0,1,Moderate
22,2,rain,Heavy,highway,1,1,High
13,2,clear,Heavy,local,0,1,Low
17,6,clear,Low,arterial,1,1,Low
22,6,clear,Medium,local,1,0,High
18,0,cloudy,Low,local,0,1,Low
7,1,cloudy,Low,arterial,1,1,Low
3,5,clear,Heavy,highway,0,0,High
2,2,clear,Low,local,0,0,High
21,4,clear,Medium,arterial,0,1,Low
13,6,clear,Heavy,arterial,1,1,Moderate
7,1,clear,Heavy,arterial,1,0,Low
8,6,rain,Low,local,0,1,Moderate
6,0,fog,Low,highway,1,0,Moderate
19,1,rain,Medium,arterial,0,1,High
14,3,rain,Medium,local,1,0,Moderate
21,6,fog,Heavy,arterial,1,1,High
7,3,cloudy,Medium,arterial,1,1,Low
11,0,cloudy,Low,arterial,0,1,Low
2,1,rain,Medium,highway,0,1,High
23,5,cloudy,Medium,local,1,0,High
12,3,clear,Heavy,highway,0,1,Low
13,0,clear,Low,local,1,0,Moderate
9,3,cloudy,Medium,local,0,1,Low
6,2,rain,Medium,local,1,1,Moderate
22,0,cloudy,Medium,local,0,1,Moderate
11,1,clear,Medium,arterial,0,0,Low
16,6,cloudy,Medium,local,1,0,Low
0,4,rain,Heavy,arterial,1,1,High
6,0,rain,Low,local,1,0,Moderate
19,0,clear,Low,highway,1,0,Moderate
2,2,clear,Low,local,1,1,Moderate
2,3,clear,Low,arterial,1,1,High
19,3,rain,Medium,local,0,0,Moderate
7,4,clear,Low,arterial,1,1,Low
6,1,rain,Low,local,0,1,Low
13,0,clear,Heavy,arterial,0,1,Moderate
4,4,fog,Medium,local,1,0,High
1,6,clear,Heavy,local,1,1,High
0,1,cloudy,Heavy,local,0,1,Moderate
1,2,cloudy,Low,arterial,0,1,Moderate
3,4,rain,Medium,arterial,0,0,High
16,1,rain,Medium,local,1,1,Moderate
7,6,clear,Low,arterial,0,0,Low
1,1,clear,Low,arterial,1,1,High
0,3,clear,Low,arterial,1,0,High
11,2,cloudy,Low,local,0,1,Low
20,4,cloudy,Low,local,1,1,Moderate
8,1,clear,Low,highway,1,0,Moderate
1,0,rain,Medium,highway,0,1,High
5,3,clear,Low,highway,1,1,Moderate
11,6,clear,Heavy,highway,1,0,Moderate
4,4,clear,Low,highway,1,1,Moderate
23,5,cloudy,Medium,local,0,1,Moderate
18,3,clear,Heavy,arterial,1,0,Moderate
8,0,rain,Medium,arterial,1,1,Moderate
22,2,cloudy,Low,local,1,1,Moderate
7,6,cloudy,Low,local,1,1,Low
3,5,clear,Low,arterial,1,1,High
22,4,rain,Low,highway,1,0,High
23,2,rain,Medium,arterial,1,1,Moderate
7,4,clear,Medium,local,0,1,Low
14,4,clear,Medium,local,1,1,Low
4,4,clear,Heavy,arterial,1,0,High
15,6,clear,Heavy,local,1,0,Low
16,4,clear,Low,arterial,0,1,Low
17,1,cloudy,Heavy,local,1,0,Low
13,1,clear,Low,local,1,1,Low
16,4,rain,Heavy,highway,1,1,High
13,6,clear,Heavy,arterial,0,0,Moderate
19,6,cloudy,Medium,arterial,1,1,Moderate
4,4,fog,Medium,arterial,0,0,High
11,3,clear,Medium,local,0,0,Low
9,5,clear,Low,arterial,1,0,Low
12,6,clear,Medium,local,1,0,Low
3,0,clear,Heavy,highway,0,0,High
7,2,rain,Medium,local,1,1,Moderate
22,2,rain,Low,local,0,1,High
2,3,cloudy,Medium,highway,1,0,High
15,2,fog,Medium,highway,1,0,Moderate
15,2,clear,Medium,highway,1,1,Moderate
11,0,clear,Low,arterial,0,1,Low
0,0,clear,Medium,local,1,1,Moderate
0,3,cloudy,Low,local,1,0,High
6,6,clear,Medium,arterial,1,1,Moderate
2,2,clear,Medium,arterial,0,0,Moderate
2,1,fog,Heavy,local,1,1,High
3,1,clear,Heavy,arterial,0,1,Moderate
4,6,clear,Heavy,local,1,1,High
20,4,clear,Heavy,highway,0,0,Moderate
15,4,clear,Low,highway,1,1,Moderate
0,1,clear,Heavy,highway,0,1,High
15,6,clear,Heavy,local,1,1,Low
3,1,clear,Heavy,local,0,0,High
10,6,rain,Heavy,local,1,1,Moderate
0,6,clear,Low,arterial,1,1,High
2,3,cloudy,Low,highway,1,1,High
3,6,cloudy,Heavy,highway,1,1,High
10,6,rain,Low,arterial,1,0,Moderate
11,4,rain,Low,local,1,1,Low
8,5,clear,Heavy,highway,1,1,Low
14,4,clear,Heavy,local,0,1,Low
17,3,clear,Low,arterial,0,1,Low
17,2,clear,Low,highway,0,1,Low
13,4,rain,Medium,highway,0,1,Moderate
13,1,cloudy,Low,highway,1,0,Low
11,1,clear,Low,local,0,0,Low
5,1,clear,Low,local,0,1,Low
11,0,rain,Heavy,local,1,1,Moderate
0,6,clear,Medium,highway,0,0,High
23,1,clear,Low,arterial,0,1,Moderate
8,5,rain,Medium,arterial,0,1,Moderate
18,3,cloudy,Low,arterial,1,1,Low
22,2,clear,Heavy,arterial,1,1,High
11,1,clear,Low,highway,0,1,Low
20,5,cloudy,Low,highway,1,0,Moderate
11,3,clear,Medium,local,1,1,Low
3,3,fog,Low,local,1,1,High
0,4,rain,Low,local,1,1,High
3,5,cloudy,Heavy,arterial,1,1,High
22,4,cloudy,Heavy,arterial,1,1,High
11,3,fog,Heavy,arterial,0,0,Moderate
7,6,clear,Medium,highway,0,0,Low
10,6,clear,Low,local,0,1,Low
6,6,rain,Heavy,local,0,0,Moderate
20,0,clear,Heavy,arterial,1,1,Moderate
23,6,cloudy,Medium,arterial,1,1,High
2,1,clear,Heavy,local,1,1,Moderate
17,4,clear,Medium,arterial,1,1,Low
8,4,clear,Medium,local,0,1,Low
1,1,rain,Heavy,highway,1,1,High
22,0,clear,Heavy,highway,1,0,High
1,6,clear,Heavy,local,0,1,Moderate
4,6,clear,Heavy,highway,1,0,High
0,1,clear,Medium,local,0,0,Moderate
11,4,cloudy,Low,arterial,0,1,Low
14,1,fog,Medium,arterial,0,1,Moderate
7,3,cloudy,Medium,local,0,1,Low
1,2,cloudy,Low,arterial,1,0,High
2,5,clear,Medium,highway,0,0,High
22,4,fog,Medium,highway,1,1,High
19,3,rain,Medium,local,0,1,Moderate
22,4,rain,Heavy,local,0,1,High
12,3,clear,Heavy,arterial,1,1,Low
13,0,clear,Low,arterial,1,1,Low
18,4,clear,Heavy,arterial,0,1,Low
14,5,clear,Low,local,1,1,Low
10,3,clear,Medium,arterial,1,1,Moderate
7,1,rain,Heavy,local,0,1,Moderate
11,0,clear,Heavy,highway,0,0,Low
1,2,clear,Low,arterial,0,1,Moderate
4,5,rain,Heavy,local,0,1,High
17,2,fog,Heavy,highway,1,0,High
20,6,clear,Low,arterial,1,1,Low
2,2,clear,Medium,local,0,1,Moderate
2,2,rain,Heavy,local,1,1,High
2,5,fog,Low,highway,0,1,High
18,4,cloudy,Medium,arterial,1,1,Moderate
7,0,clear,Medium,arterial,1,1,Low
7,0,cloudy,Medium,highway,0,1,Low
0,1,rain,Medium,arterial,0,1,High
23,6,clear,Low,highway,1,0,High
10,0,clear,Low,local,1,1,Low
19,0,rain,Heavy,arterial,1,1,High
16,5,cloudy,Medium,highway,0,1,Low
3,4,clear,Medium,arterial,0,1,Moderate
19,6,rain,Heavy,highway,0,1,High
13,1,cloudy,Low,local,0,0,Low
14,4,clear,Low,arterial,1,1,Moderate
4,0,clear,Medium,arterial,0,1,Moderate
20,4,clear,Low,local,1,1,Moderate
22,0,fog,Low,arterial,0,1,High
9,6,clear,Heavy,arterial,0,1,Low
2,2,rain,Heavy,highway,1,0,High
20,1,clear,Low,highway,0,1,Low
21,6,rain,Medium,highway,1,0,High
12,0,fog,Medium,highway,1,1,Moderate
13,5,fog,Heavy,local,1,0,High
5,3,rain,Low,highway,1,0,High
1,4,clear,Heavy,highway,0,1,High
22,1,clear,Heavy,highway,0,1,High
11,6,clear,Low,arterial,0,1,Moderate
6,3,cloudy,Low,highway,1,0,Moderate
16,2,clear,Heavy,highway,1,1,Moderate
0,3,clear,Low,local,0,1,Moderate
1,2,clear,Low,highway,1,0,High
5,2,rain,Heavy,arterial,0,1,High
10,0,clear,Medium,local,0,1,Low
8,3,clear,Medium,local,0,1,Low
4,3,cloudy,Medium,arterial,0,1,Low
8,2,clear,Medium,arterial,1,1,Low
8,6,rain,Heavy,arterial,0,0,Low
12,0,cloudy,Heavy,arterial,1,1,Moderate
13,6,rain,Heavy,arterial,1,0,Moderate
21,6,clear,Medium,arterial,0,1,Low
19,0,clear,Heavy,local,0,1,Low
7,4,cloudy,Heavy,arterial,1,0,Moderate
21,1,clear,Medium,highway,1,0,High
12,0,rain,Low,local,1,1,Moderate
4,6,fog,Medium,arterial,1,1,High
8,0,clear,Medium,local,0,1,Low
17,2,rain,Low,arterial,0,0,Moderate
19,0,clear,Low,highway,0,1,Moderate
8,0,clear,Low,highway,1,1,Low
3,0,clear,Low,local,1,1,High
4,5,cloudy,Medium,local,0,0,High
2,0,fog,Medium,local,0,0,High
16,5,clear,Medium,local,1,0,Low
12,1,cloudy,Heavy,local,0,1,Low
10,6,clear,Medium,arterial,0,0,Low
16,5,clear,Heavy,arterial,0,0,Low
19,4,cloudy,Heavy,highway,1,0,Moderate
19,5,rain,Heavy,arterial,1,1,High
3,2,cloudy,Heavy,local,1,0,Moderate
14,5,fog,Low,local,0,1,Moderate
21,1,clear,Medium,arterial,0,0,Low
18,4,clear,Heavy,arterial,1,0,Moderate
7,6,clear,Low,arterial,1,1,Low
9,5,rain,Low,arterial,1,1,Moderate
21,1,clear,Medium,local,1,1,Low
0,5,clear,Medium,local,0,1,Low
12,6,rain,Heavy,arterial,0,1,Moderate
2,6,clear,Heavy,arterial,0,1,High
21,5,cloudy,Low,highway,0,1,Moderate
0,5,fog,Medium,highway,1,0,High
0,5,clear,Heavy,arterial,0,0,High
7,5,clear,Medium,arterial,1,1,Low
4,0,fog,Medium,highway,0,1,High
11,5,cloudy,Low,arterial,1,1,Low
7,1,clear,Heavy,arterial,1,1,Moderate
8,3,rain,Medium,arterial,0,1,Low
13,2,clear,Low,arterial,1,1,Low
13,1,rain,Low,arterial,0,1,Low
22,1,cloudy,Heavy,local,1,1,Moderate
11,0,clear,Medium,arterial,1,0,Low
13,3,rain,Low,local,1,1,Low
16,2,clear,Medium,arterial,0,1,Low
4,2,rain,Heavy,local,0,1,High
16,0,rain,Medium,arterial,1,0,Moderate
20,4,fog,Medium,local,1,1,Moderate
7,1,clear,Low,arterial,1,1,Low
4,5,clear,Low,local,0,1,Moderate
8,0,clear,Heavy,arterial,1,0,Moderate
6,0,clear,Low,local,1,1,Moderate
14,2,clear,Low,local,0,1,Low
20,2,cloudy,Low,local,1,1,Moderate
14,6,clear,Low,highway,0,1,Low
3,3,fog,Medium,arterial,1,1,High
7,2,clear,Heavy,arterial,1,1,Moderate
16,5,clear,Low,arterial,0,1,Low
7,1,cloudy,Low,arterial,0,1,Low
14,6,clear,Medium,local,0,1,Low
16,2,cloudy,Heavy,arterial,1,1,High
7,2,cloudy,Heavy,arterial,1,0,Moderate
15,2,cloudy,Heavy,arterial,1,1,Moderate
9,0,cloudy,Low,arterial,1,1,Low
3,4,rain,Heavy,local,0,0,High
8,4,fog,Medium,local,0,1,Low
10,4,clear,Low,arterial,0,1,Low
0,4,clear,Medium,highway,0,1,Moderate
21,0,rain,Medium,highway,1,1,High
12,6,clear,Medium,highway,0,0,Low
0,3,clear,Low,arterial,1,1,Moderate
20,4,cloudy,Low,highway,0,1,Moderate
20,0,clear,Medium,arterial,0,1,Low
0,5,clear,Low,arterial,1,1,High
3,4,rain,Low,highway,0,1,High
8,2,clear,Medium,local,1,1,Low
12,6,clear,Low,local,0,1,Low
17,4,rain,Low,arterial,1,1,Low
10,6,rain,Low,arterial,1,0,Moderate
14,5,cloudy,Low,highway,0,0,Moderate
0,1,clear,Low,highway,0,1,High
15,6,clear,Heavy,arterial,1,1,Moderate
21,5,rain,Heavy,arterial,0,1,Moderate
12,1,clear,Low,local,0,1,Low
10,5,rain,Medium,arterial,1,0,Low
7,3,rain,Low,highway,0,1,Moderate
22,6,clear,Low,local,0,1,Moderate
0,1,cloudy,Heavy,local,1,1,High
6,1,rain,Heavy,local,0,1,Moderate
3,2,rain,Low,local,0,0,High
20,3,cloudy,Heavy,local,1,1,Moderate
11,4,clear,Low,arterial,0,1,Low
22,1,cloudy,Heavy,local,1,0,High
15,4,cloudy,Medium,local,0,1,Low
13,0,cloudy,Medium,arterial,0,0,Low
12,2,clear,Heavy,arterial,1,1,Low
4,4,rain,Medium,local,1,1,High
13,1,clear,Heavy,highway,0,1,Low
16,3,clear,Medium,local,1,1,Low
23,4,clear,Heavy,arterial,0,1,High
13,1,clear,Heavy,arterial,0,1,Low
22,6,clear,Medium,arterial,1,0,High
22,5,clear,Medium,local,1,1,Moderate
12,6,clear,Heavy,local,0,1,Low
10,3,clear,Medium,local,0,1,Low
3,2,clear,Low,arterial,0,1,Moderate
6,6,clear,Low,local,0,1,Low
21,5,clear,Low,highway,0,1,Moderate
3,5,clear,Low,arterial,0,1,High
9,1,clear,Low,arterial,1,1,Low
16,6,cloudy,Medium,highway,1,0,Moderate
5,3,clear,Medium,local,0,0,Moderate
23,5,cloudy,Low,highway,1,1,High
15,5,clear,Low,local,0,1,Low
0,0,clear,Low,local,1,1,Moderate
5,0,clear,Medium,arterial,1,1,Moderate
17,0,clear,Medium,highway,1,1,Moderate
20,4,cloudy,Heavy,local,1,1,Moderate
22,6,rain,Medium,local,0,1,High
20,0,cloudy,Heavy,local,1,0,Moderate
1,0,clear,Low,local,1,0,High
17,3,clear,Heavy,local,1,0,Low
2,2,fog,Heavy,local,0,0,High
1,0,clear,Heavy,highway,0,1,Moderate
16,4,clear,Medium,local,1,1,Low
11,6,clear,Heavy,local,1,1,Moderate
15,1,fog,Heavy,arterial,1,1,Moderate
20,0,rain,Heavy,arterial,0,1,Moderate
1,1,clear,Medium,local,0,0,Moderate
12,1,clear,Low,highway,0,1,Low
20,3,rain,Medium,local,0,1,Moderate
10,0,clear,Heavy,highway,0,1,Moderate
12,2,clear,Heavy,arterial,0,1,Low
11,0,clear,Heavy,arterial,1,1,Moderate
21,4,clear,Medium,highway,0,1,Moderate
1,3,clear,Heavy,highway,0,1,High
21,0,cloudy,Medium,arterial,1,1,Low
19,0,cloudy,Medium,arterial,1,1,Moderate
19,3,cloudy,Medium,highway,0,1,Moderate
9,4,clear,Low,arterial,1,1,Low
12,1,clear,Medium,arterial,0,1,Low
8,2,rain,Low,local,1,1,Moderate
6,4,clear,Medium,arterial,0,0,Low
21,3,clear,Medium,arterial,0,1,Low
12,0,clear,Low,arterial,0,1,Moderate
17,2,clear,Medium,local,0,0,Low
2,1,clear,Low,local,0,1,High
18,6,clear,Low,local,0,1,Low
15,5,cloudy,Low,local,1,1,Low
23,2,clear,Low,local,0,1,Moderate
3,1,rain,Heavy,arterial,1,0,High
12,0,cloudy,Heavy,highway,0,0,Moderate
12,5,clear,Medium,local,0,0,Low
12,6,rain,Heavy,arterial,1,0,High
1,1,fog,Medium,arterial,1,1,High
11,4,clear,Heavy,local,1,1,Moderate
7,1,cloudy,Medium,arterial,1,1,Moderate
14,6,cloudy,Low,highway,0,0,Low
5,2,cloudy,Heavy,local,0,1,Moderate
10,0,clear,Medium,local,0,1,Low
14,6,clear,Heavy,highway,1,1,Low
1,6,clear,Heavy,arterial,1,1,High
18,2,clear,Medium,local,1,1,Low
17,6,clear,Heavy,local,1,0,Low
1,1,rain,Low,arterial,1,1,High
1,1,clear,Medium,local,0,1,Moderate
20,3,clear,Medium,local,0,1,Low
6,4,clear,Heavy,local,1,1,Moderate
20,2,clear,Medium,arterial,1,1,Moderate
11,5,rain,Low,local,0,1,Low
8,5,rain,Low,local,0,1,Low
6,0,clear,Medium,highway,0,0,Moderate
15,6,clear,Medium,local,1,1,Low
2,1,clear,Medium,local,1,1,Moderate
9,3,fog,Medium,highway,1,0,High
8,2,clear,Medium,local,1,1,Low
3,3,clear,Low,local,1,0,High
8,0,clear,Low,highway,1,0,Moderate
12,2,clear,Heavy,local,1,1,Moderate
16,0,clear,Heavy,highway,1,1,Low
2,6,fog,Medium,highway,0,1,High
20,1,clear,Medium,highway,1,1,Moderate
21,3,clear,Low,local,1,0,Moderate
16,1,clear,Low,local,0,1,Low
22,1,clear,Heavy,arterial,0,0,High
10,2,fog,Low,arterial,1,1,Moderate
19,6,cloudy,Low,highway,1,1,Moderate
17,3,rain,Medium,highway,1,1,High
13,6,rain,Heavy,highway,0,0,Moderate
4,5,cloudy,Medium,arterial,1,0,High
13,3,cloudy,Medium,local,0,0,Low
21,6,clear,Heavy,local,1,1,Low
23,2,cloudy,Heavy,highway,0,1,Moderate
10,3,cloudy,Medium,highway,0,1,Low
5,4,cloudy,Low,local,0,0,Low
17,4,clear,Medium,local,1,0,Low
1,5,cloudy,Heavy,highway,1,0,High
3,1,clear,Medium,local,0,0,Moderate
13,3,cloudy,Heavy,arterial,0,0,Low
23,4,clear,Medium,arterial,0,0,High
7,2,clear,Low,local,1,1,Low
10,6,clear,Medium,arterial,1,1,Low
7,2,rain,Heavy,local,1,1,Moderate
10,2,rain,Low,local,0,1,Moderate
0,2,clear,Medium,local,1,0,Moderate
14,4,clear,Medium,highway,1,1,Low
14,0,clear,Medium,highway,1,1,Low
7,1,clear,Medium,local,0,1,Low
6,5,clear,Medium,highway,0,1,Moderate
18,1,rain,Heavy,local,0,1,Moderate
4,0,rain,Low,local,0,0,High
1,1,clear,Heavy,highway,1,0,High
0,2,rain,Low,highway,0,0,High
21,0,clear,Low,arterial,1,1,Moderate
8,5,rain,Low,local,1,1,Moderate
2,0,clear,Low,arterial,1,1,High
21,2,cloudy,Medium,local,1,1,Moderate
3,1,clear,Low,local,1,1,Moderate
8,2,clear,Low,arterial,1,1,Low
0,0,clear,Heavy,highway,1,1,High
16,6,cloudy,Medium,arterial,1,1,Moderate
16,6,rain,Heavy,arterial,0,0,Moderate
18,0,cloudy,Heavy,highway,0,1,Low
6,1,rain,Medium,arterial,1,0,Moderate
7,6,clear,Medium,arterial,0,0,Low
22,2,rain,Heavy,local,1,0,High
19,0,rain,Medium,local,1,1,Moderate
0,0,clear,Medium,local,1,1,Moderate
16,2,clear,Low,highway,1,1,Moderate
19,3,clear,Low,arterial,0,1,Low
13,4,clear,Heavy,highway,0,0,Moderate
15,1,clear,Low,arterial,0,1,Low
0,2,cloudy,Low,arterial,1,1,Moderate
0,1,rain,Heavy,arterial,0,1,High
0,3,clear,Heavy,highway,0,1,High
3,2,rain,Heavy,local,1,1,High
23,1,rain,Medium,highway,0,0,High
15,5,cloudy,Low,local,0,1,Low
18,3,fog,Medium,local,0,0,Low
7,3,rain,Low,arterial,0,0,Low
22,0,clear,Low,highway,0,0,High
4,0,fog,Heavy,local,1,1,High
21,5,clear,Heavy,arterial,0,1,Moderate
0,6,clear,Low,local,0,1,High
0,4,clear,Medium,local,1,0,High
1,0,cloudy,Heavy,highway,0,1,High
19,3,fog,Medium,arterial,1,0,High
6,1,clear,Low,local,0,0,Low
10,0,cloudy,Low,arterial,1,1,Moderate
11,0,clear,Medium,local,1,1,Low
18,3,rain,Medium,arterial,0,1,Moderate
8,2,clear,Heavy,local,1,1,Low
0,3,cloudy,Low,local,0,1,Moderate
9,4,cloudy,Medium,local,0,1,Low
6,1,clear,Low,local,1,1,Low
17,2,fog,Low,arterial,0,0,Low
18,4,fog,Low,local,1,1,Moderate
2,1,clear,Medium,arterial,1,1,Moderate
19,0,cloudy,Medium,local,1,1,Moderate
1,5,rain,Low,local,0,0,High
14,1,clear,Heavy,arterial,0,0,Low
9,0,clear,Low,arterial,1,1,Low
7,5,cloudy,Heavy,local,0,1,Low
11,3,cloudy,Heavy,arterial,1,0,Moderate
7,1,cloudy,Low,highway,1,1,Low
19,5,cloudy,Low,highway,1,0,High
23,1,cloudy,Low,local,1,0,High
19,4,clear,Heavy,arterial,0,0,Moderate
10,4,clear,Medium,highway,0,1,Low
12,5,clear,Low,arterial,1,1,Low
10,5,clear,Low,arterial,1,1,Moderate
19,4,rain,Low,arterial,1,1,Moderate
13,0,rain,Medium,highway,1,1,High
11,6,clear,Heavy,arterial,0,0,Moderate
9,0,cloudy,Medium,local,0,1,Low
9,1,clear,Low,arterial,0,0,Low
13,3,clear,Heavy,arterial,1,1,Moderate
16,2,fog,Heavy,local,1,1,Moderate
10,4,clear,Medium,local,0,1,Low
19,0,rain,Heavy,highway,0,1,Moderate
19,3,clear,Heavy,arterial,1,1,Moderate
10,2,clear,Medium,local,0,1,Low
21,4,cloudy,Low,highway,0,0,Moderate
4,3,rain,Medium,local,1,1,High
22,5,cloudy,Low,arterial,1,0,High
7,1,rain,Low,arterial,1,0,Low
13,6,rain,Heavy,arterial,1,0,Moderate
6,2,cloudy,Heavy,local,1,1,Moderate
10,2,clear,Medium,highway,0,0,Low
8,3,clear,Heavy,local,1,1,Low
16,1,cloudy,Heavy,highway,1,1,Moderate
1,5,cloudy,Medium,highway,1,1,High
20,1,clear,Heavy,highway,1,0,Moderate
21,6,clear,Heavy,local,0,1,Moderate
13,1,clear,Low,local,1,1,Low
13,6,clear,Heavy,arterial,0,1,Low
16,2,clear,Heavy,highway,0,1,Moderate
4,4,rain,Low,local,0,0,High
17,6,rain,Medium,highway,1,1,Moderate
5,0,fog,Low,highway,1,1,Moderate
16,2,cloudy,Medium,highway,1,0,Low
7,6,clear,Medium,arterial,1,1,Low
17,1,cloudy,Low,local,0,1,Low
18,0,rain,Medium,arterial,1,0,High
5,3,cloudy,Medium,arterial,0,0,Low
14,0,clear,Low,local,0,1,Low
11,6,cloudy,Medium,local,1,0,Low
7,6,clear,Heavy,highway,1,1,Moderate
14,1,clear,Low,highway,1,1,Moderate
23,1,clear,Medium,highway,1,1,High
0,5,clear,Low,arterial,0,1,Moderate
22,3,rain,Low,highway,0,1,High
20,5,clear,Medium,arterial,1,1,Moderate
12,6,clear,Low,highway,0,1,Low
14,2,rain,Medium,local,0,1,Moderate
8,1,rain,Low,arterial,0,1,Low
3,4,clear,Heavy,local,1,0,High
13,4,clear,Low,local,1,0,Low
19,3,clear,Heavy,local,0,0,Moderate
5,2,cloudy,Medium,arterial,1,1,Moderate
17,1,rain,Low,arterial,0,0,Moderate
17,3,clear,Low,arterial,0,0,Low
18,2,rain,Medium,highway,0,1,Moderate
8,3,cloudy,Heavy,highway,0,1,Low
9,0,cloudy,Medium,highway,0,1,Moderate
9,6,clear,Medium,local,1,1,Low
20,4,rain,Heavy,local,1,1,High
21,6,clear,Low,arterial,0,1,Low
9,5,clear,Medium,local,1,1,Low
23,4,clear,Low,arterial,1,1,High
13,2,clear,Heavy,local,0,1,Low
9,4,clear,Heavy,arterial,1,1,Low
0,3,clear,Low,highway,1,1,High
14,6,clear,Low,arterial,1,1,Low
15,1,clear,Heavy,local,1,1,Low
23,0,cloudy,Medium,highway,0,1,High
17,0,cloudy,Medium,arterial,0,1,Low
0,1,cloudy,Medium,arterial,0,1,Moderate
13,4,clear,Low,local,0,1,Low
17,1,clear,Heavy,highway,1,1,Moderate
11,0,cloudy,Low,arterial,0,0,Low
10,2,cloudy,Medium,arterial,0,1,Low
19,5,clear,Low,arterial,0,1,Moderate
14,2,rain,Low,arterial,1,0,Low
16,1,rain,Heavy,arterial,0,1,High
11,1,rain,Medium,arterial,0,1,Low
6,5,cloudy,Medium,arterial,1,1,Moderate
12,3,clear,Heavy,local,0,0,Moderate
23,2,fog,Medium,arterial,1,1,High
14,5,rain,Heavy,highway,0,1,Moderate
16,2,rain,Heavy,arterial,1,0,Moderate
2,2,rain,Medium,local,0,1,High
23,5,rain,Low,highway,1,1,High
5,2,cloudy,Low,arterial,1,0,Low
23,3,clear,Medium,local,1,1,Low
10,4,clear,Low,highway,1,1,Low
22,1,cloudy,Low,local,1,1,Moderate
21,0,rain,Low,arterial,1,1,High
18,5,clear,Low,highway,0,1,Low
21,2,clear,Medium,local,1,1,Low
14,2,fog,Low,arterial,0,1,Moderate
20,4,clear,Low,highway,0,0,Moderate
4,0,clear,Heavy,local,0,1,Low
1,0,cloudy,Heavy,local,0,1,High
13,2,clear,Medium,arterial,1,1,Low
19,6,clear,Heavy,local,1,0,Moderate
18,4,cloudy,Low,highway,0,1,Low
12,4,fog,Heavy,highway,1,1,High
12,4,clear,Medium,highway,1,1,Low
14,6,clear,Medium,local,1,1,Low
20,5,clear,Medium,highway,0,1,Low
20,0,cloudy,Heavy,local,0,1,Low
2,3,clear,Low,arterial,0,1,Moderate
14,3,clear,Medium,arterial,0,1,Low
9,1,cloudy,Heavy,local,1,1,Low
19,6,fog,Medium,highway,1,1,High
12,1,clear,Low,highway,0,1,Low
23,5,cloudy,Low,arterial,1,1,High
10,0,rain,Low,arterial,1,1,Moderate
16,4,clear,Medium,arterial,1,1,Low
2,5,rain,Medium,highway,1,1,High
22,3,clear,Low,arterial,0,1,High
3,0,clear,Heavy,local,1,0,High
9,0,clear,Heavy,arterial,0,1,Low
20,4,clear,Low,local,1,1,Moderate
23,6,rain,Low,arterial,1,1,High
11,4,cloudy,Heavy,arterial,0,0,Low
11,0,rain,Heavy,arterial,0,1,Moderate
1,5,rain,Heavy,highway,0,1,High
23,3,clear,Medium,arterial,1,1,High
0,0,fog,Heavy,arterial,0,1,High
0,2,rain,Low,arterial,0,1,High
11,1,clear,Low,highway,1,1,Low
0,6,rain,Low,local,1,1,High
3,6,rain,Medium,local,1,1,High
15,0,clear,Low,arterial,0,1,Low
16,4,clear,Medium,arterial,1,1,Low
7,0,clear,Low,local,0,0,Low
19,3,fog,Medium,highway,1,1,High
14,1,cloudy,Heavy,arterial,1,0,Moderate
5,5,rain,Heavy,arterial,1,1,Moderate
17,0,rain,Medium,local,0,1,Moderate
14,6,clear,Low,arterial,0,0,Low
19,1,fog,Low,arterial,0,1,Moderate
3,1,clear,Medium,local,1,0,High
5,6,cloudy,Low,local,1,1,Low
7,6,clear,Heavy,highway,0,0,Moderate
8,0,clear,Heavy,arterial,0,0,Low
21,0,clear,Low,local,0,0,Low
17,5,clear,Low,arterial,0,0,Low
13,6,clear,Low,highway,0,1,Low
12,3,clear,Heavy,local,0,1,Low
21,1,cloudy,Low,local,1,1,Moderate
10,1,rain,Heavy,highway,0,1,Moderate
5,1,clear,Medium,highway,1,0,Moderate
3,4,clear,Medium,highway,1,1,High
7,0,cloudy,Heavy,local,1,1,Moderate
15,4,cloudy,Low,local,0,1,Low
11,5,cloudy,Heavy,arterial,1,0,Low
10,1,fog,Low,local,0,1,Moderate
11,6,clear,Heavy,highway,1,1,Moderate
23,6,clear,Heavy,arterial,1,1,High
23,2,rain,Low,highway,0,1,High
3,0,cloudy,Medium,local,0,0,Moderate
2,2,cloudy,Medium,highway,1,0,High
5,1,fog,Low,local,0,1,Moderate
20,1,clear,Medium,local,0,0,Low
11,6,clear,Low,local,0,1,Low
20,1,clear,Heavy,arterial,1,1,Low
15,2,rain,Medium,arterial,0,1,Low
13,5,rain,Medium,highway,0,0,Low
6,0,clear,Heavy,highway,1,1,Moderate
8,0,clear,Heavy,local,1,0,Low
3,2,cloudy,Low,arterial,0,1,Moderate
12,6,clear,Low,arterial,0,0,Low
6,5,rain,Low,highway,1,1,Moderate
7,6,clear,Heavy,arterial,1,1,Low
0,6,rain,Medium,highway,0,0,High
19,0,rain,Low,highway,0,1,High
22,2,clear,Medium,highway,1,1,Moderate
11,3,cloudy,Medium,highway,0,1,Low
12,1,cloudy,Medium,arterial,0,1,Low
22,6,clear,Medium,highway,0,0,High
12,4,clear,Low,local,1,1,Low
14,5,rain,Low,local,0,1,Moderate
10,1,cloudy,Heavy,highway,0,0,Low
12,5,cloudy,Medium,arterial,1,0,Low
12,0,clear,Medium,highway,0,1,Low
17,0,cloudy,Low,arterial,1,1,Low
14,4,cloudy,Heavy,local,1,1,Low
12,0,clear,Low,arterial,0,1,Low
1,1,clear,Medium,local,0,1,Low
21,5,clear,Heavy,local,0,0,Low
21,3,cloudy,Low,highway,1,0,Moderate
4,2,clear,Low,local,0,1,Moderate
7,2,rain,Heavy,arterial,1,1,Moderate
23,4,clear,Medium,arterial,1,1,Moderate
7,6,rain,Heavy,arterial,1,0,Moderate
19,5,clear,Heavy,arterial,1,1,Moderate
18,2,cloudy,Heavy,local,1,1,Low
20,2,cloudy,Medium,local,1,1,Moderate
0,0,cloudy,Medium,arterial,1,1,Moderate
11,1,fog,Heavy,local,0,1,High
13,1,clear,Heavy,local,0,1,Low
20,2,clear,Low,local,0,1,Low
5,6,clear,Medium,local,0,0,Moderate
7,6,clear,Low,arterial,0,1,Low
4,0,rain,Heavy,local,1,0,High
18,2,clear,Medium,highway,1,0,Low
23,0,rain,Medium,highway,0,1,Moderate
3,0,clear,Heavy,arterial,1,1,High
5,2,fog,Low,local,1,1,Moderate
7,6,clear,Medium,arterial,1,0,Low
21,1,fog,Medium,highway,0,1,Moderate
10,4,cloudy,Low,arterial,0,1,Low
6,2,fog,Low,arterial,0,0,Moderate
7,3,cloudy,Medium,local,1,0,Low
14,6,clear,Low,arterial,0,1,Low
9,5,rain,Heavy,arterial,1,1,High
3,5,clear,Low,local,0,0,High
19,2,clear,Low,local,0,0,Low
10,0,clear,Low,local,1,1,Low
6,6,rain,Medium,local,1,1,Moderate
17,6,cloudy,Medium,arterial,0,1,Low
17,6,clear,Heavy,local,0,0,Low
3,3,rain,Low,arterial,1,1,High
1,1,clear,Low,arterial,0,0,High
1,1,clear,Low,arterial,0,1,High
18,2,clear,Medium,local,0,1,Low
15,2,clear,Low,highway,0,1,Low
19,1,cloudy,Low,local,1,1,Low
15,6,clear,Heavy,local,0,1,Low
9,4,clear,Heavy,arterial,0,1,Low
14,1,clear,Low,arterial,0,0,Low
17,4,rain,Medium,arterial,1,0,Moderate
9,4,cloudy,Heavy,arterial,0,1,Low
21,3,clear,Low,highway,0,1,Moderate
21,6,cloudy,Medium,highway,1,1,Moderate
19,6,clear,Low,arterial,1,1,Moderate
23,3,rain,Medium,highway,0,1,High
9,3,clear,Medium,highway,0,1,Low
2,1,clear,Heavy,local,0,1,Moderate
11,5,clear,Medium,arterial,0,0,Low
17,6,clear,Heavy,local,1,1,Moderate
18,4,clear,Low,arterial,1,1,Moderate
9,1,cloudy,Medium,arterial,0,1,Low
7,3,clear,Heavy,local,1,1,Low
10,5,clear,Medium,arterial,0,0,Low
19,0,cloudy,Medium,arterial,0,1,Moderate
1,4,cloudy,Medium,highway,0,1,High
7,4,rain,Heavy,highway,1,1,Moderate
5,3,clear,Medium,highway,0,0,Low
19,4,rain,Medium,highway,0,1,High
11,6,cloudy,Heavy,local,0,1,Low
2,0,cloudy,Heavy,local,1,1,High
6,3,clear,Heavy,highway,0,1,High
1,5,clear,Low,highway,0,1,High
11,5,clear,Medium,arterial,0,0,Low
23,3,cloudy,Low,arterial,0,1,Moderate
13,6,cloudy,Medium,arterial,0,1,Low
20,2,clear,Medium,highway,0,1,Moderate
17,3,clear,Low,arterial,0,1,Low
21,5,rain,Medium,local,0,1,Moderate
7,3,clear,Low,arterial,1,0,Low
22,2,cloudy,Heavy,local,0,1,Moderate
5,3,fog,Medium,arterial,0,1,Moderate
10,4,clear,Low,arterial,1,1,Moderate
16,6,cloudy,Medium,arterial,1,0,Low
6,4,rain,Heavy,local,0,1,Moderate
6,1,clear,Medium,local,0,1,Low
3,0,clear,Heavy,highway,0,1,High
0,6,rain,Heavy,arterial,1,1,High
12,2,clear,Low,local,0,0,Low
23,1,clear,Low,arterial,0,0,High
5,1,clear,Low,arterial,1,1,Moderate
10,0,rain,Low,highway,0,1,Moderate
22,1,clear,Medium,arterial,0,1,Moderate
18,5,clear,Low,arterial,0,0,Low
0,4,clear,Medium,arterial,1,1,High
12,4,clear,Medium,local,0,0,Low
3,0,cloudy,Medium,local,1,1,Moderate
5,4,rain,Heavy,highway,0,1,High
5,6,clear,Medium,arterial,1,0,Low
14,6,cloudy,Low,arterial,0,1,Low
4,2,cloudy,Medium,local,0,1,Moderate
6,4,rain,Low,local,0,1,Moderate
5,2,cloudy,Medium,local,1,1,Low
8,6,clear,Medium,arterial,1,0,Low
15,6,cloudy,Heavy,arterial,1,1,Moderate
9,1,cloudy,Low,local,0,1,Low
7,3,cloudy,Low,highway,0,1,Moderate
12,1,clear,Low,local,1,1,Low
14,4,clear,Medium,arterial,1,1,Low
0,2,clear,Heavy,local,0,1,Moderate
21,4,clear,Medium,highway,1,0,High
21,6,clear,Medium,highway,1,1,Moderate
14,6,clear,Low,highway,1,0,Low
13,1,clear,Medium,highway,1,1,Moderate
16,0,clear,Low,highway,1,0,Low
10,5,fog,Low,arterial,1,1,Moderate
8,0,clear,Medium,highway,1,0,Low
8,2,clear,Low,highway,0,0,Moderate
3,6,cloudy,Low,arterial,0,1,High
20,3,clear,Low,arterial,1,1,Low
7,0,clear,Low,highway,1,1,Moderate
6,6,clear,Medium,arterial,0,0,Low
23,4,clear,Low,arterial,1,0,High
12,2,cloudy,Medium,arterial,1,0,Low
14,4,clear,Medium,highway,0,1,Low
5,4,clear,Medium,arterial,1,1,Low
6,3,clear,Low,local,0,1,Low
17,6,clear,Medium,arterial,1,1,Low
10,5,cloudy,Medium,arterial,0,1,Low
3,1,clear,Heavy,highway,1,0,High
20,6,clear,Medium,local,1,1,Moderate
9,6,clear,Heavy,local,0,1,Low
16,0,cloudy,Medium,arterial,1,0,Low
8,2,clear,Heavy,arterial,0,1,Moderate
13,4,rain,Medium,local,1,0,Moderate
18,6,clear,Heavy,arterial,1,1,Moderate
21,5,fog,Heavy,arterial,0,1,High
4,4,clear,Low,arterial,1,1,Moderate
16,2,cloudy,Heavy,highway,1,1,Moderate
21,0,clear,Low,local,1,0,Low
15,6,clear,Heavy,arterial,0,1,Low
3,3,cloudy,Low,arterial,0,1,High
4,3,fog,Medium,local,1,1,High
4,6,rain,Low,arterial,1,1,High
2,1,clear,Heavy,highway,1,1,High
18,1,clear,Heavy,local,1,0,Moderate
23,5,clear,Medium,local,1,0,High
12,1,cloudy,Low,local,1,0,Low
14,6,clear,Medium,arterial,1,0,Low
18,6,clear,Low,local,0,1,Low
9,0,clear,Heavy,arterial,1,1,Low
11,3,rain,Low,arterial,0,1,Low
14,5,clear,Medium,arterial,0,1,Low
7,3,clear,Low,highway,1,0,Low
1,1,clear,Heavy,arterial,1,0,High
13,0,clear,Medium,arterial,1,0,Low
19,0,clear,Heavy,highway,1,1,High
1,1,cloudy,Low,arterial,0,1,Moderate
5,1,clear,Medium,local,1,1,Low
6,2,clear,Low,local,0,1,Low
19,5,clear,Heavy,highway,0,1,Moderate
12,3,clear,Low,local,0,1,Low
12,0,cloudy,Medium,arterial,0,1,Moderate
15,0,clear,Medium,highway,0,1,Low
6,0,cloudy,Low,local,1,0,Moderate
17,2,clear,Heavy,highway,0,1,Low
0,5,clear,Heavy,local,0,1,High
2,0,clear,Medium,local,1,1,Low
19,2,clear,Medium,arterial,0,0,Low
15,3,clear,Low,local,1,1,Low
4,1,clear,Medium,local,0,0,High
10,0,rain,Heavy,arterial,0,1,Moderate
1,1,clear,Low,arterial,1,1,Moderate
16,1,clear,Heavy,arterial,0,0,Low
18,5,clear,Medium,arterial,0,1,Low
6,6,clear,Low,arterial,0,1,Low
8,4,clear,Low,arterial,1,1,Moderate
5,5,cloudy,Medium,arterial,1,0,Low
9,5,cloudy,Heavy,arterial,1,1,Low
6,6,cloudy,Heavy,local,1,0,Moderate
5,0,clear,Medium,highway,0,1,Moderate
10,6,clear,Heavy,arterial,0,1,Low
20,3,rain,Low,local,1,1,Moderate
18,3,clear,Medium,arterial,1,1,Low
7,5,cloudy,Heavy,highway,0,1,Low
22,3,cloudy,Medium,local,1,0,High
5,1,clear,Low,highway,0,0,Moderate
21,0,clear,Heavy,local,1,1,Moderate
7,1,cloudy,Low,arterial,0,1,Low
12,0,clear,Medium,local,1,1,Low
4,2,clear,Heavy,local,1,1,Moderate
18,5,clear,Low,local,1,1,Low
7,2,clear,Heavy,arterial,1,1,Low
20,4,cloudy,Heavy,highway,1,1,High
1,1,clear,Low,highway,1,1,High
12,4,rain,Low,highway,1,0,Moderate
3,6,fog,Heavy,arterial,0,0,High
21,2,fog,Medium,local,0,1,Moderate
10,3,clear,Low,highway,0,1,Low
16,6,clear,Low,local,1,1,Low
21,4,rain,Low,arterial,1,1,Moderate
12,2,cloudy,Medium,highway,0,1,Low
1,0,clear,Heavy,local,0,0,High
5,6,rain,Medium,arterial,0,1,Low
5,4,cloudy,Low,highway,0,1,Moderate
21,0,cloudy,Heavy,local,0,1,Low
21,3,fog,Medium,highway,1,1,High
11,6,fog,Low,highway,0,0,Low
21,6,clear,Heavy,local,1,1,Moderate
5,1,clear,Medium,arterial,1,0,Low
16,2,cloudy,Medium,arterial,1,1,Low
9,6,cloudy,Heavy,highway,0,1,Moderate
5,5,cloudy,Low,highway,0,1,Low
6,3,clear,Medium,arterial,0,1,Low
10,2,cloudy,Heavy,local,0,1,Low
8,5,clear,Low,arterial,0,1,Low
5,4,fog,Heavy,arterial,1,1,High
8,3,rain,Low,local,1,1,High
3,6,clear,Heavy,local,1,1,High
23,2,cloudy,Medium,arterial,1,0,High
9,4,cloudy,Medium,highway,1,0,Moderate
2,0,clear,Medium,highway,1,1,High
13,4,clear,Low,arterial,1,1,Low
21,3,cloudy,Low,arterial,1,0,Moderate
8,6,cloudy,Heavy,local,0,0,Low
20,2,clear,Heavy,arterial,1,0,Moderate
14,6,rain,Low,arterial,0,1,Low
17,4,fog,Heavy,highway,1,1,High
7,1,rain,Low,arterial,0,1,Moderate
0,1,rain,Medium,local,1,0,High
8,1,clear,Medium,local,0,1,Low
22,2,rain,Heavy,arterial,1,1,High
18,3,fog,Medium,local,0,1,Low
18,6,cloudy,Low,arterial,1,1,Moderate
21,6,clear,Low,local,0,1,Low
8,4,clear,Medium,arterial,0,0,Low
7,3,clear,Medium,highway,0,1,Low
22,4,cloudy,Low,highway,0,0,High
13,2,clear,Low,local,1,1,Low
7,1,rain,Low,local,0,1,Low
6,3,rain,Low,arterial,1,1,Moderate
21,5,clear,Medium,highway,0,1,Moderate
1,0,clear,Heavy,highway,1,1,High
1,0,cloudy,Low,local,1,0,High
17,1,clear,Low,arterial,1,1,Low
0,1,fog,Medium,arterial,1,0,High
4,1,rain,Medium,highway,0,0,High
23,0,clear,Medium,arterial,1,1,Moderate
10,0,cloudy,Low,local,0,1,Low
17,2,rain,Low,arterial,1,0,Moderate
11,5,rain,Heavy,highway,0,1,Moderate
2,1,cloudy,Medium,arterial,1,0,Moderate
4,2,fog,Heavy,highway,0,1,High
18,6,clear,Medium,arterial,1,1,Low
2,1,clear,Heavy,highway,1,1,High
14,6,cloudy,Heavy,highway,0,1,Moderate
8,3,rain,Low,local,1,1,Low
8,5,fog,Low,local,1,1,Moderate
22,2,clear,Low,local,0,1,Moderate
14,2,clear,Heavy,arterial,1,0,Low
14,2,cloudy,Low,arterial,1,1,Low
8,0,rain,Medium,highway,0,1,Low
9,2,cloudy,Medium,arterial,0,1,Low
16,6,clear,Medium,highway,0,1,Low
0,0,rain,Medium,local,0,0,High
5,4,cloudy,Medium,local,0,0,Low
14,4,rain,Low,arterial,0,1,Moderate
14,0,rain,Low,arterial,1,0,Low
2,0,clear,Low,local,1,1,High
18,3,fog,Heavy,arterial,0,1,Moderate
13,1,clear,Heavy,arterial,0,0,Low
5,6,fog,Heavy,local,1,0,Moderate
18,1,clear,Low,arterial,1,0,Low
23,0,rain,Low,arterial,1,1,High
10,2,clear,Medium,highway,0,0,Low
6,2,clear,Low,highway,1,0,Moderate
7,1,fog,Heavy,arterial,1,1,Moderate
14,4,clear,Heavy,local,1,0,Low
1,2,clear,Heavy,highway,0,0,High
11,3,rain,Heavy,arterial,0,0,Moderate
0,1,clear,Medium,arterial,1,1,Moderate
0,0,cloudy,Low,local,0,1,Moderate
10,0,fog,Heavy,arterial,0,1,Moderate
17,0,clear,Medium,highway,0,0,Low
21,6,clear,Heavy,highway,0,1,Moderate
2,1,cloudy,Low,local,0,1,Moderate
5,2,cloudy,Medium,local,0,1,Low
10,4,clear,Medium,highway,0,1,Low
13,0,clear,Low,arterial,0,0,Low
23,4,clear,Medium,arterial,0,1,Moderate
16,3,clear,Low,arterial,1,1,Low
12,5,clear,Medium,highway,0,1,Low
1,0,rain,Medium,arterial,1,1,High
1,0,clear,Low,highway,0,1,Moderate
3,5,clear,Heavy,local,0,0,Moderate
15,2,fog,Low,arterial,1,1,Moderate
7,0,clear,Heavy,local,0,0,Low
5,3,fog,Low,arterial,1,1,Moderate
16,3,rain,Medium,local,0,1,Low
19,6,clear,Medium,local,0,0,Low
10,6,clear,Heavy,arterial,1,0,Moderate
21,3,clear,Medium,arterial,1,0,Low
17,1,clear,Medium,arterial,0,1,Low
17,5,clear,Medium,local,1,0,Low
20,1,clear,Medium,local,0,1,Low
4,5,clear,Medium,highway,1,1,High
18,4,rain,Medium,arterial,0,1,Low
22,2,clear,Heavy,local,0,1,Moderate
23,6,clear,Medium,arterial,0,1,Moderate
13,3,clear,Heavy,local,1,1,Low
18,2,clear,Low,local,0,0,Low
21,1,rain,Low,highway,0,0,High
20,4,cloudy,Medium,arterial,1,0,Low
21,1,clear,Medium,local,0,1,Low
19,1,cloudy,Low,arterial,0,1,Moderate
9,0,clear,Low,highway,0,1,Low
17,4,rain,Heavy,local,1,0,Moderate
9,6,clear,Low,highway,0,1,Low
19,1,cloudy,Medium,arterial,1,1,Moderate
19,1,clear,Low,local,0,1,Low
22,4,clear,Low,local,0,1,Moderate
14,1,clear,Low,arterial,1,1,Low
11,0,clear,Low,highway,0,1,Low
3,4,cloudy,Medium,arterial,0,1,Moderate
15,3,cloudy,Low,highway,0,1,Low
13,0,clear,Medium,local,0,1,Low
12,1,fog,Low,local,1,1,Moderate
16,1,clear,Heavy,arterial,0,1,Low
20,4,rain,Low,arterial,1,0,High
3,4,clear,Low,arterial,1,0,High
10,5,clear,Heavy,arterial,0,1,Low
17,0,clear,Heavy,local,0,1,Low
19,5,cloudy,Medium,local,0,1,Low
18,1,rain,Low,local,0,1,Low
19,6,cloudy,Heavy,local,1,1,High
20,6,clear,Medium,local,0,1,Low
23,3,clear,Medium,arterial,0,1,High
14,5,rain,Medium,local,0,1,Low
5,4,rain,Low,highway,0,1,Moderate
13,5,clear,Low,local,1,1,Low
17,0,rain,Low,arterial,0,1,Moderate
2,0,cloudy,Low,highway,1,1,High
18,6,clear,Heavy,highway,1,1,Moderate
13,5,cloudy,Heavy,local,1,0,Moderate
22,4,clear,Low,local,0,1,Moderate
5,2,clear,Low,arterial,1,1,Low
21,2,cloudy,Medium,arterial,1,1,Moderate
10,2,fog,Medium,arterial,0,1,Moderate
13,3,clear,Heavy,local,1,1,Low
15,4,clear,Heavy,highway,0,0,Moderate
13,5,clear,Medium,highway,0,1,Low
21,2,clear,Low,highway,0,1,Moderate
4,5,cloudy,Heavy,arterial,0,1,High
17,0,clear,Medium,arterial,0,1,Low
23,5,clear,Medium,local,0,0,Moderate
5,4,cloudy,Heavy,arterial,1,1,Moderate
6,3,clear,Medium,arterial,0,1,Low
11,2,clear,Low,arterial,0,1,Low
17,2,cloudy,Heavy,arterial,1,0,High
23,2,clear,Low,arterial,0,0,High
19,6,clear,Low,arterial,1,1,Moderate
19,0,clear,Medium,arterial,1,1,Moderate
10,4,clear,Low,highway,1,1,Low
15,6,rain,Heavy,highway,1,0,Moderate
5,3,cloudy,Heavy,arterial,1,1,Moderate
11,4,clear,Heavy,arterial,1,1,Low
4,4,clear,Low,local,1,1,Moderate
0,3,clear,Heavy,highway,1,1,High
20,4,rain,Low,arterial,1,1,High
19,6,cloudy,Medium,local,1,1,Low
12,4,cloudy,Low,local,1,1,Low
0,5,clear,Heavy,highway,1,0,High
2,3,rain,Low,highway,0,0,High
2,5,rain,Medium,highway,0,1,High
17,6,clear,Heavy,local,0,1,Low
4,1,clear,Medium,local,0,0,Moderate
6,6,clear,Heavy,local,0,0,Low
20,4,cloudy,Low,highway,1,1,Moderate
21,3,clear,Low,local,1,1,Moderate
18,5,clear,Medium,arterial,1,1,Low
7,1,cloudy,Heavy,local,0,1,Low
13,4,cloudy,Low,highway,0,0,Moderate
4,4,clear,Heavy,highway,0,0,High
20,6,clear,Low,highway,0,0,Moderate
2,4,clear,Medium,arterial,0,1,Moderate
17,3,clear,Low,local,0,1,Low
12,3,rain,Medium,highway,0,1,Moderate
18,3,cloudy,Medium,arterial,1,0,Low
10,6,rain,Medium,highway,1,1,Moderate
3,5,cloudy,Low,highway,1,0,High
18,0,rain,Medium,arterial,1,1,High
15,3,clear,Low,arterial,0,0,Low
11,2,clear,Low,local,0,0,Low
8,1,rain,Low,arterial,1,0,Moderate
8,6,cloudy,Heavy,highway,1,0,Low
11,6,rain,Low,local,0,0,Low
6,6,cloudy,Medium,local,1,0,Moderate
6,2,clear,Low,local,0,1,Low
6,2,clear,Medium,local,0,0,Low
0,5,clear,Low,highway,1,1,High
22,1,cloudy,Low,local,0,1,High
5,0,fog,Heavy,arterial,1,0,High
3,2,rain,Heavy,highway,0,1,High
3,4,clear,Low,local,1,1,High
23,3,clear,Medium,local,0,1,Low
11,1,clear,Heavy,local,0,1,Low
7,3,clear,Heavy,arterial,1,1,Low
9,6,fog,Low,local,1,0,Low
2,1,cloudy,Heavy,local,0,1,Moderate
7,2,clear,Low,arterial,1,1,Low
5,2,rain,Medium,highway,1,1,High
19,2,clear,Medium,arterial,1,0,Low
1,4,fog,Heavy,highway,1,1,High
10,2,cloudy,Heavy,arterial,1,1,Moderate
18,4,clear,Low,local,0,1,Low
20,0,cloudy,Low,arterial,1,1,Moderate
12,4,clear,Medium,local,0,1,Low
5,0,cloudy,Medium,highway,0,1,Moderate
8,2,clear,Medium,arterial,0,1,Low
5,6,clear,Heavy,local,0,1,Moderate
15,2,cloudy,Medium,local,1,1,Moderate
7,4,clear,Heavy,highway,0,1,Moderate
15,2,clear,Low,local,0,0,Low
15,6,rain,Low,local,0,1,Low
22,6,clear,Heavy,highway,1,0,High
8,6,cloudy,Medium,highway,0,0,Low
23,2,cloudy,Medium,highway,1,1,High
9,2,clear,Low,highway,1,1,Low
16,4,fog,Heavy,highway,1,0,High
15,5,clear,Low,arterial,0,1,Low
19,3,clear,Heavy,arterial,1,1,Moderate
11,5,clear,Low,local,1,0,Low
19,6,cloudy,Low,arterial,1,1,Moderate
8,5,clear,Low,arterial,0,1,Low
11,2,clear,Low,local,0,1,Low
11,1,clear,Heavy,arterial,1,1,Moderate
16,3,cloudy,Medium,arterial,0,1,Low
14,4,clear,Medium,highway,0,1,Low
1,5,clear,Low,arterial,1,0,High
19,2,clear,Medium,local,0,0,Low
18,1,clear,Low,local,1,1,Low
2,2,cloudy,Medium,local,0,0,Moderate
23,4,clear,Heavy,local,0,1,Low
15,1,clear,Low,arterial,0,1,Low
2,2,clear,Heavy,arterial,0,1,High
11,1,cloudy,Heavy,local,0,0,Low
20,6,cloudy,Heavy,arterial,0,1,Moderate
6,3,clear,Heavy,highway,1,1,Moderate
22,5,cloudy,Heavy,local,0,0,High
10,3,cloudy,Medium,highway,1,1,Moderate
5,0,clear,Medium,highway,0,1,Moderate
8,1,clear,Medium,highway,1,1,Low
12,5,clear,Low,highway,1,1,Low
16,3,rain,Low,arterial,0,0,Moderate
22,4,clear,Medium,arterial,1,1,High
4,5,clear,Low,highway,0,1,Moderate
23,3,clear,Medium,local,0,1,Moderate
12,4,clear,Heavy,arterial,1,1,Low
3,1,rain,Medium,arterial,0,1,High
22,1,clear,Medium,local,1,1,Moderate
8,1,clear,Medium,highway,0,1,Low
14,2,cloudy,Low,arterial,1,1,Low
16,4,cloudy,Low,local,0,0,Low
0,6,fog,Low,arterial,0,1,High
5,3,cloudy,Heavy,highway,1,1,High
16,4,clear,Heavy,arterial,1,1,Low
7,6,clear,Medium,highway,0,1,Low
0,4,fog,Medium,local,0,1,Moderate
0,1,cloudy,Heavy,highway,0,1,High
19,1,clear,Low,highway,1,1,High
3,4,clear,Low,arterial,1,1,High
2,2,cloudy,Medium,highway,0,1,High
13,1,clear,Medium,local,1,0,Low
2,4,cloudy,Heavy,highway,1,1,High
15,4,cloudy,Heavy,arterial,1,1,Moderate
13,1,clear,Heavy,local,0,0,Low
15,0,fog,Heavy,highway,0,0,Moderate
11,5,fog,Heavy,local,0,1,Moderate
18,2,clear,Medium,local,1,1,Low
15,4,clear,Medium,arterial,0,1,Low
9,1,rain,Medium,arterial,1,0,Moderate
0,2,clear,Heavy,highway,0,0,High
6,4,fog,Low,arterial,0,0,Moderate
3,0,clear,Medium,arterial,1,1,Moderate
0,2,cloudy,Medium,arterial,0,0,Moderate
6,5,cloudy,Medium,local,1,1,Low
4,5,clear,Medium,local,0,0,High
1,2,cloudy,Medium,arterial,1,1,High
7,0,clear,Medium,highway,0,0,Low
12,0,clear,Medium,highway,0,1,Low
4,3,clear,Low,local,0,0,Moderate
6,4,clear,Medium,highway,1,0,Moderate
0,4,clear,Low,local,0,0,High
1,2,clear,Heavy,highway,0,0,High
3,0,clear,Heavy,local,1,1,High
10,1,clear,Low,arterial,0,1,Low
15,0,clear,Low,arterial,1,1,Low
18,3,rain,Low,highway,0,1,Low
15,2,clear,Heavy,local,1,1,Low
14,0,cloudy,Low,arterial,1,1,Low
22,4,clear,Medium,highway,1,1,High
6,2,clear,Medium,highway,0,0,Moderate
19,6,clear,Heavy,local,1,0,Moderate
22,2,clear,Medium,highway,1,0,High
13,0,clear,Medium,arterial,1,0,Low
20,4,cloudy,Medium,highway,1,1,Moderate
3,4,clear,Heavy,arterial,0,1,Moderate
21,6,clear,Medium,local,0,1,Low
13,4,rain,Medium,highway,0,1,Moderate
5,2,clear,Low,highway,1,1,Moderate
1,4,rain,Low,local,1,0,High
17,5,cloudy,Medium,local,0,1,Low
10,3,clear,Medium,local,1,1,Low
7,5,clear,Medium,highway,0,1,Low
9,6,clear,Heavy,local,1,0,Low
23,5,cloudy,Low,local,0,0,High
10,3,fog,Medium,highway,0,1,Moderate
1,3,clear,Heavy,arterial,1,1,Moderate
6,5,fog,Low,arterial,1,1,High
3,6,clear,Medium,local,1,1,Moderate
16,1,clear,Medium,local,1,1,Low
19,0,clear,Medium,local,0,1,Low
20,5,fog,Low,local,1,1,High
15,1,clear,Low,arterial,1,0,Low
18,6,rain,Low,highway,1,0,Moderate
10,0,clear,Heavy,arterial,1,0,Moderate
15,6,rain,Low,local,0,0,Low
2,4,rain,Low,local,0,1,High
12,2,cloudy,Medium,highway,0,1,Low
13,0,cloudy,Heavy,local,1,1,Low
0,5,clear,Low,arterial,1,0,High
13,0,fog,Heavy,arterial,1,1,High
17,0,cloudy,Low,arterial,0,1,Low
8,5,clear,Low,arterial,0,0,Low
13,4,rain,Heavy,local,0,0,Low
6,0,cloudy,Heavy,arterial,0,0,Moderate
6,2,cloudy,Medium,local,1,1,Low
3,4,cloudy,Low,highway,0,1,High
7,4,clear,Medium,arterial,0,1,Low
19,2,clear,Low,local,0,0,Moderate
22,2,clear,Medium,local,1,1,High
15,0,rain,Heavy,local,1,0,High
14,0,cloudy,Medium,highway,1,1,Low
14,6,rain,Medium,arterial,1,0,Moderate
11,1,clear,Low,arterial,0,0,Low
10,6,fog,Heavy,highway,1,1,High
14,0,clear,Heavy,arterial,0,1,Low
18,6,clear,Heavy,arterial,1,1,Moderate
9,2,fog,Low,highway,0,1,Moderate
13,5,cloudy,Low,highway,1,1,Moderate
11,5,fog,Medium,arterial,0,1,High
6,2,cloudy,Medium,highway,1,0,Moderate
6,5,clear,Heavy,arterial,0,1,Low
1,2,clear,Medium,local,0,0,High
10,5,rain,Medium,arterial,1,1,Moderate
17,6,clear,Low,arterial,1,1,Low
16,5,cloudy,Heavy,arterial,1,1,Moderate
23,5,clear,Low,highway,1,1,High
0,2,clear,Heavy,local,0,1,Moderate
18,0,rain,Heavy,local,0,1,Moderate
19,3,fog,Low,arterial,0,0,Moderate
10,0,clear,Heavy,highway,0,1,Low
6,3,clear,Low,local,0,1,Low
8,6,clear,Low,arterial,0,1,Low
16,0,clear,Medium,arterial,1,0,Low
20,6,rain,Heavy,arterial,0,1,Moderate
15,4,clear,Medium,arterial,0,1,Low
12,0,clear,Low,local,0,1,Low
15,5,rain,Medium,arterial,0,0,Low
1,0,rain,Medium,arterial,1,1,High
14,4,clear,Low,arterial,0,1,Low
1,3,rain,Low,arterial,0,1,High
23,5,clear,Low,local,1,0,High
21,2,clear,Medium,highway,0,1,Moderate
12,0,rain,Medium,highway,1,0,Moderate
8,2,clear,Heavy,arterial,0,0,Low
17,5,fog,Low,arterial,1,1,Moderate
15,6,cloudy,Heavy,arterial,0,1,Low
16,1,rain,Medium,highway,0,1,Moderate
12,2,clear,Low,highway,0,1,Low
5,6,clear,Heavy,highway,0,1,Low
1,2,rain,Medium,arterial,1,0,High
6,1,rain,Medium,arterial,0,1,Moderate
12,5,rain,Low,arterial,1,1,Moderate
10,3,clear,Low,local,0,0,Low
12,4,cloudy,Medium,highway,1,1,Moderate
6,3,clear,Heavy,arterial,1,1,Moderate
22,4,clear,Medium,highway,1,1,High
8,1,clear,Low,local,0,1,Low
20,5,cloudy,Medium,arterial,1,1,Low
9,2,clear,Low,arterial,1,1,Moderate
10,3,clear,Low,arterial,0,0,Low
14,1,rain,Heavy,local,0,1,Moderate
6,0,fog,Medium,highway,1,1,High
5,3,clear,Heavy,arterial,0,1,Moderate
9,0,rain,Low,arterial,1,1,Low
19,6,rain,Low,highway,0,1,High
3,6,clear,Medium,arterial,0,0,High
10,2,cloudy,Medium,local,1,1,Low
16,2,fog,Medium,arterial,0,1,Low
16,3,cloudy,Heavy,highway,0,1,Low
10,1,clear,Medium,arterial,1,1,Low
1,6,cloudy,Medium,local,1,1,High
0,0,rain,Low,highway,0,1,High
11,3,cloudy,Medium,arterial,1,1,Moderate
19,1,clear,Medium,arterial,0,1,Low
0,5,clear,Medium,local,0,0,Moderate
21,1,rain,Low,arterial,0,1,High
16,3,clear,Heavy,highway,0,1,Low
0,5,fog,Low,arterial,1,1,High
8,3,clear,Heavy,local,1,1,Low
5,1,rain,Heavy,arterial,0,1,Moderate
22,1,clear,Medium,local,0,0,High
13,4,rain,Low,local,1,1,Moderate
7,0,rain,Medium,highway,0,0,Moderate
6,2,clear,Low,local,0,0,Low
13,4,clear,Heavy,local,0,0,Low
0,2,rain,Low,highway,0,0,High
6,5,rain,Medium,arterial,0,0,Moderate
3,4,cloudy,Medium,arterial,1,0,High
14,0,clear,Low,highway,0,1,Low
16,5,rain,Medium,local,0,1,Low
11,6,cloudy,Heavy,highway,1,0,High
3,1,clear,Low,highway,1,1,High
8,2,clear,Low,arterial,0,1,Low
20,2,clear,Medium,local,0,1,Moderate
4,2,rain,Medium,local,1,1,High
3,3,rain,Medium,highway,1,1,High
2,6,clear,Low,highway,0,0,High
19,4,clear,Medium,local,0,1,Low
2,6,clear,Low,arterial,1,1,High
13,2,clear,Low,highway,1,0,Low
23,3,fog,Medium,highway,0,1,High
15,0,rain,Medium,local,1,1,Low
9,1,clear,Medium,local,1,0,Low
4,4,clear,Low,arterial,0,0,Moderate
0,1,clear,Medium,arterial,1,0,High
3,6,cloudy,Low,local,0,0,High
22,1,clear,Low,local,0,0,High
3,1,clear,Heavy,arterial,0,1,Moderate
0,5,fog,Heavy,local,1,0,High
19,0,cloudy,Heavy,local,1,1,Moderate
10,2,rain,Medium,arterial,1,1,Moderate
8,1,clear,Low,arterial,1,1,Low
17,4,clear,Heavy,local,1,1,Low
12,5,rain,Medium,highway,1,1,Moderate
21,1,rain,Heavy,arterial,1,1,High
11,2,cloudy,Medium,highway,0,1,Moderate
17,3,cloudy,Medium,highway,0,1,Low
21,4,clear,Low,highway,0,0,Moderate
11,2,cloudy,Low,arterial,0,0,Low
6,3,clear,Medium,local,1,0,Moderate
23,3,clear,Heavy,highway,0,1,High
5,0,clear,Medium,local,0,1,Low
0,3,clear,Low,local,1,1,High
13,3,clear,Medium,arterial,0,1,Low
23,6,clear,Low,local,1,1,High
2,3,clear,Heavy,local,1,1,Moderate
20,6,rain,Low,arterial,0,1,High
19,2,fog,Low,arterial,1,0,High
22,4,clear,Medium,local,0,1,Moderate
10,6,clear,Medium,highway,0,1,Moderate
6,1,rain,Heavy,arterial,1,1,High
12,3,clear,Medium,highway,1,1,Moderate
3,6,cloudy,Heavy,arterial,0,1,High
20,3,clear,Medium,highway,0,0,Moderate
15,6,cloudy,Low,local,1,0,Low
11,2,clear,Low,arterial,0,1,Low
12,6,cloudy,Medium,local,0,1,Low
17,4,clear,Medium,arterial,0,1,Low
12,3,clear,Medium,local,1,1,Low
20,1,clear,Low,local,0,1,Low
22,1,clear,Low,arterial,0,1,High
22,2,fog,Low,arterial,0,0,High
14,5,clear,Heavy,local,0,1,Low
17,3,clear,Medium,local,1,1,Moderate
7,2,cloudy,Low,highway,1,1,Low
0,3,clear,Medium,local,0,1,Low
9,2,rain,Heavy,highway,0,1,Moderate
20,5,rain,Low,local,0,1,Moderate
3,2,clear,Low,local,1,1,Moderate
13,3,cloudy,Medium,local,1,1,Low
4,3,cloudy,Low,highway,1,1,High
10,4,clear,Low,highway,1,1,Moderate
3,2,cloudy,Heavy,arterial,1,1,High
17,0,clear,Heavy,highway,1,1,Moderate
19,4,clear,Heavy,highway,0,1,Moderate
18,3,cloudy,Heavy,highway,0,1,Moderate
16,4,cloudy,Low,highway,0,1,Low
5,3,cloudy,Heavy,highway,1,1,High
12,3,clear,Heavy,arterial,1,0,Moderate
2,6,cloudy,Medium,arterial,1,1,High
8,0,clear,Heavy,highway,0,1,Low
12,0,cloudy,Heavy,arterial,1,1,Moderate
16,6,clear,Low,arterial,1,1,Low
2,6,clear,Low,arterial,1,0,High
19,2,clear,Medium,arterial,1,1,Moderate
11,3,clear,Medium,local,0,1,Low
21,3,clear,Medium,arterial,1,1,Moderate
12,6,clear,Low,local,0,1,Low
13,3,clear,Low,highway,0,0,Low
16,5,clear,Low,highway,0,0,Low
19,2,clear,Medium,local,1,1,Low
3,2,cloudy,Low,arterial,1,1,Moderate
12,4,fog,Low,local,0,1,Low
0,2,rain,Heavy,arterial,1,1,High
11,0,fog,Medium,local,0,1,Moderate
19,1,fog,Heavy,highway,0,1,High
20,6,clear,Low,highway,0,0,Moderate
6,2,clear,Medium,highway,0,1,Moderate
9,0,clear,Medium,local,0,0,Low
13,6,clear,Heavy,arterial,1,1,Low
9,6,rain,Medium,local,1,1,Moderate
4,3,rain,Heavy,highway,1,1,High
7,4,cloudy,Low,highway,1,1,Low
9,5,rain,Low,highway,1,1,High
12,0,cloudy,Heavy,local,0,1,Low
22,2,clear,Medium,local,0,1,Low
13,3,clear,Low,highway,1,0,Moderate
9,3,fog,Low,arterial,1,1,Moderate
15,2,cloudy,Heavy,arterial,0,1,Low
18,0,clear,Low,local,1,1,Low
10,6,clear,Medium,highway,0,0,Low
11,4,rain,Low,highway,0,1,Low
5,5,rain,Low,highway,1,0,Moderate
20,3,clear,Medium,local,0,0,Low
20,3,fog,Low,local,0,1,Low
4,3,clear,Medium,highway,1,1,Moderate
8,3,fog,Low,arterial,0,1,Low
6,4,cloudy,Heavy,local,0,1,Low
22,6,cloudy,Medium,highway,0,1,High
1,5,rain,Low,highway,1,1,High
4,4,rain,Medium,highway,0,0,High
7,0,clear,Medium,local,0,0,Low
13,3,rain,Low,local,0,1,Low
5,6,clear,Low,highway,1,0,Moderate
12,2,clear,Medium,highway,1,1,Moderate
17,3,cloudy,Low,arterial,0,1,Low
19,2,clear,Heavy,arterial,1,1,High
2,1,clear,Medium,highway,0,1,Moderate
3,4,clear,Low,highway,1,1,High
2,2,clear,Low,highway,1,1,High
21,4,clear,Low,arterial,1,1,Moderate
15,4,rain,Low,local,0,1,Moderate
12,5,clear,Medium,arterial,1,1,Low
18,6,cloudy,Low,local,0,1,Low
14,3,clear,Medium,local,0,0,Low
5,0,clear,Low,arterial,0,0,Low
12,4,clear,Heavy,local,0,1,Low
16,6,clear,Medium,highway,0,1,Low
0,3,rain,Heavy,arterial,1,1,High
14,3,fog,Medium,local,1,1,Moderate
11,5,clear,Low,arterial,1,1,Low
1,3,clear,Medium,arterial,1,0,High
6,2,cloudy,Medium,local,0,0,Moderate
10,3,clear,Medium,highway,1,1,Moderate
8,5,clear,Heavy,arterial,1,1,Low
6,3,clear,Low,arterial,0,0,Low
15,2,cloudy,Low,highway,1,0,Moderate
9,4,clear,Heavy,local,0,0,Low
11,4,rain,Low,arterial,0,0,Moderate
19,6,clear,Heavy,local,1,0,High
2,6,clear,Heavy,local,1,1,High
8,5,rain,Heavy,local,1,1,Moderate
1,5,clear,Low,highway,0,0,High
22,3,clear,Low,highway,1,1,High
4,2,clear,Medium,arterial,1,1,Moderate
19,3,cloudy,Low,highway,1,1,Moderate
4,4,cloudy,Heavy,local,0,1,Moderate
7,3,clear,Medium,arterial,1,0,Low
14,1,clear,Medium,local,1,1,Low
19,0,clear,Low,highway,0,0,Low
4,0,clear,Medium,local,0,1,Low
5,2,clear,Low,local,1,1,Moderate
21,5,clear,Medium,local,1,1,Low
7,5,clear,Low,arterial,1,1,Low
5,5,cloudy,Medium,arterial,1,1,Low
17,4,cloudy,Heavy,local,0,0,Low
2,0,cloudy,Low,local,0,1,Moderate
20,6,cloudy,Low,highway,1,1,Moderate
21,6,clear,Medium,arterial,0,1,Moderate
20,5,cloudy,Heavy,highway,0,1,Moderate
7,3,clear,Low,arterial,0,0,Low
2,1,cloudy,Low,arterial,0,1,Moderate
10,6,clear,Heavy,highway,0,1,Moderate
8,1,cloudy,Medium,highway,0,1,Low
23,5,rain,Medium,highway,0,1,High
15,6,clear,Low,highway,0,1,Low
22,6,clear,Medium,highway,1,1,High
18,3,rain,Low,highway,1,1,Moderate
17,5,clear,Medium,arterial,1,1,Low
2,5,clear,Heavy,arterial,0,1,High
1,6,clear,Medium,highway,0,0,Moderate
1,2,clear,Low,highway,0,0,High
14,4,clear,Low,arterial,0,1,Low
4,5,rain,Heavy,highway,1,1,High
23,1,cloudy,Heavy,highway,1,0,High
3,1,clear,Heavy,highway,1,0,High
22,2,rain,Heavy,highway,0,0,High
16,2,rain,Medium,local,0,1,Low
2,5,clear,Heavy,highway,0,1,High
1,6,cloudy,Medium,arterial,1,1,High
9,1,clear,Heavy,local,0,1,Low
8,2,clear,Medium,highway,1,1,Moderate
7,6,rain,Medium,arterial,0,0,Low
12,4,rain,Low,arterial,1,0,Moderate
3,1,rain,Medium,highway,0,1,High
3,4,clear,Low,arterial,1,1,Moderate
16,6,clear,Medium,local,1,1,Low
23,2,clear,Medium,local,1,0,High
6,3,clear,Heavy,local,0,1,Low
22,4,clear,Heavy,highway,1,1,High
8,5,clear,Low,local,0,1,Low
8,3,cloudy,Heavy,highway,1,1,Moderate
2,6,clear,Medium,arterial,1,1,High
10,5,clear,Low,arterial,1,1,Low
11,2,clear,Heavy,highway,1,0,Moderate
15,3,rain,Low,arterial,0,1,Moderate
3,4,clear,Heavy,local,1,1,High
4,0,clear,Low,highway,1,1,High
10,1,clear,Heavy,arterial,0,1,Low
1,1,clear,Heavy,local,0,1,High
3,5,clear,Medium,highway,0,1,High
15,5,rain,Low,highway,1,1,High
22,5,clear,Low,arterial,1,1,High
13,0,clear,Low,highway,1,1,Low
3,2,clear,Heavy,highway,1,1,High
23,2,clear,Medium,arterial,0,0,Moderate
12,0,rain,Low,local,0,0,Low
17,1,cloudy,Medium,local,1,1,Low
4,3,clear,Low,highway,1,1,High
13,6,cloudy,Medium,arterial,0,0,Low
1,1,clear,Low,local,1,1,High
15,6,clear,Heavy,arterial,0,0,Low
4,5,clear,Medium,arterial,1,1,High
21,1,rain,Low,arterial,0,1,High
1,1,cloudy,Low,local,0,1,Moderate
15,3,clear,Medium,highway,0,1,Low
3,6,rain,Heavy,highway,0,1,High
16,5,clear,Low,highway,1,0,Moderate
11,6,clear,Medium,arterial,0,1,Low
23,2,clear,Medium,local,0,1,Moderate
15,6,clear,Low,arterial,0,1,Low
8,6,clear,Low,highway,0,1,Low
2,4,rain,Medium,local,0,0,High
14,1,clear,Low,arterial,0,1,Low
10,1,clear,Medium,highway,0,0,Low
1,0,clear,Heavy,arterial,1,1,High
13,5,clear,Heavy,highway,1,0,Moderate
5,2,clear,Medium,local,0,1,Low
5,4,clear,Low,arterial,1,1,Moderate
0,1,clear,Medium,arterial,0,0,Moderate
8,6,clear,Low,arterial,1,1,Low
5,5,clear,Medium,highway,1,0,Moderate
1,2,cloudy,Low,arterial,1,0,High
10,3,fog,Low,arterial,1,1,Moderate
5,0,clear,Low,highway,0,0,Low
3,0,cloudy,Low,local,0,0,High
11,6,cloudy,Medium,arterial,1,1,Low
1,5,cloudy,Heavy,highway,1,1,High
23,5,cloudy,Medium,highway,0,0,High
11,4,clear,Low,highway,0,0,Low
23,1,rain,Medium,local,1,0,High
21,0,clear,Medium,arterial,0,1,Low
23,5,clear,Heavy,local,1,1,Moderate
13,2,cloudy,Heavy,arterial,0,1,Low
10,0,rain,Low,highway,0,1,Moderate
17,0,clear,Medium,highway,0,1,Low
1,3,fog,Low,arterial,1,1,High
20,5,cloudy,Medium,highway,0,1,High
7,2,cloudy,Heavy,arterial,0,0,Low
0,6,rain,Heavy,local,1,1,High
5,2,cloudy,Low,arterial,1,1,Low
5,5,clear,Heavy,local,1,0,Low
0,1,rain,Low,local,1,1,High
16,4,clear,Low,arterial,0,1,Low
2,1,fog,Heavy,arterial,0,1,High
20,5,rain,Heavy,arterial,1,0,High
10,3,cloudy,Low,arterial,0,0,Low
17,0,clear,Heavy,highway,0,1,Moderate
8,1,clear,Low,highway,1,1,Moderate
3,2,clear,Medium,local,0,0,High
4,3,clear,Heavy,local,0,1,Low
15,1,cloudy,Heavy,arterial,1,1,Moderate
17,4,rain,Medium,highway,0,1,Moderate
6,6,cloudy,Medium,local,1,1,Moderate
8,4,clear,Heavy,local,0,0,Moderate
22,2,fog,Heavy,arterial,1,1,High
20,4,rain,Low,local,1,1,Moderate
9,6,cloudy,Low,local,1,0,Low
5,1,clear,Medium,highway,0,1,Moderate
7,1,cloudy,Medium,arterial,1,1,Low
12,0,clear,Low,highway,1,1,Low
13,5,clear,Medium,highway,1,1,Low
4,5,cloudy,Low,arterial,1,1,High
1,2,cloudy,Heavy,highway,1,0,High
11,6,clear,Low,local,1,1,Low
19,4,rain,Heavy,arterial,1,0,High
3,6,rain,Heavy,local,1,1,High
9,6,cloudy,Medium,arterial,0,1,Low
3,6,clear,Low,arterial,1,0,High
5,2,clear,Heavy,arterial,1,1,Moderate
14,4,cloudy,Medium,highway,0,1,Low
6,1,rain,Medium,highway,0,1,High
6,6,clear,Low,arterial,1,0,Low
23,2,clear,Low,local,1,1,Moderate
4,3,clear,Medium,local,0,0,Moderate
4,4,clear,Medium,highway,0,0,High
22,5,cloudy,Heavy,highway,0,1,High
13,5,clear,Medium,local,1,1,Low
1,6,clear,Low,arterial,0,1,High
10,4,clear,Medium,arterial,1,0,Low
13,5,rain,Low,highway,1,1,Moderate
6,4,clear,Low,highway,0,0,Low
13,2,clear,Medium,highway,0,1,Moderate
15,6,cloudy,Low,local,1,1,Low
6,2,rain,Low,highway,0,1,Moderate
19,4,clear,Low,local,0,1,Low
10,2,clear,Low,local,1,1,Low
23,3,cloudy,Heavy,highway,0,0,High
2,2,clear,Medium,local,0,1,Moderate
7,1,rain,Heavy,local,1,1,Low
17,5,cloudy,Heavy,local,0,1,Low
21,5,clear,Heavy,highway,1,1,Moderate
5,4,rain,Low,local,1,1,Moderate
23,0,cloudy,Low,arterial,1,0,High
4,1,clear,Medium,arterial,0,1,Moderate
9,1,clear,Medium,arterial,0,1,Low
7,4,cloudy,Low,local,1,1,Low
10,6,rain,Low,highway,0,1,Moderate
21,2,clear,Medium,arterial,1,1,Low
17,2,clear,Medium,local,1,1,Low
19,3,fog,Medium,arterial,0,1,Moderate
6,6,clear,Low,local,0,1,Low
22,2,clear,Medium,highway,0,1,High
10,1,clear,Medium,arterial,1,0,Low
15,3,cloudy,Heavy,local,0,0,Low
16,6,cloudy,Heavy,arterial,1,1,Low
15,5,clear,Medium,highway,1,1,Low
14,3,clear,Medium,highway,0,1,Low
11,5,cloudy,Low,arterial,1,1,Low
15,0,cloudy,Low,highway,1,1,Low
21,5,clear,Medium,highway,1,1,Moderate
9,0,clear,Heavy,local,1,1,Low
12,2,cloudy,Medium,local,1,0,Low
4,2,clear,Medium,local,1,1,High
8,4,clear,Low,arterial,0,0,Low
18,1,rain,Medium,arterial,0,1,Low
15,1,rain,Low,arterial,0,1,Moderate
5,6,clear,Low,local,0,0,Low
13,3,rain,Medium,local,1,0,Low
19,5,cloudy,Low,highway,1,1,Moderate
2,4,fog,Low,arterial,0,0,High
1,4,fog,Low,local,0,1,High
9,4,cloudy,Low,arterial,1,1,Low
15,4,clear,Medium,local,1,1,Low
7,6,clear,Medium,arterial,0,1,Low
19,5,clear,Low,local,0,1,Low
20,2,clear,Low,local,1,0,Low
12,1,cloudy,Medium,local,0,0,Low
9,5,clear,Low,arterial,1,1,Low
1,2,rain,Heavy,local,1,1,High
19,2,fog,Heavy,local,1,1,High
21,0,clear,Medium,local,0,1,Low
10,3,cloudy,Medium,arterial,0,1,Low
12,3,rain,Heavy,highway,0,1,Moderate
18,5,cloudy,Medium,arterial,0,1,Low
16,5,fog,Medium,arterial,1,1,Low
3,5,clear,Medium,local,0,1,Moderate
16,3,clear,Medium,local,1,1,Low
22,6,clear,Heavy,local,1,1,Moderate
18,6,clear,Heavy,local,1,0,Moderate
11,5,clear,Medium,arterial,0,1,Low
12,2,rain,Heavy,local,0,1,Moderate
6,1,cloudy,Medium,highway,1,0,Moderate
15,0,clear,Medium,local,1,0,Low
5,6,clear,Medium,local,1,1,Low
8,5,clear,Heavy,local,0,0,Low
6,6,clear,Heavy,highway,0,1,Moderate
8,5,clear,Medium,local,0,1,Low
8,3,clear,Low,highway,1,0,Moderate
1,1,rain,Medium,highway,1,0,High
17,0,rain,Low,arterial,1,1,Moderate
10,5,clear,Medium,highway,0,1,Low
22,2,cloudy,Heavy,arterial,0,0,High
4,2,fog,Heavy,local,0,0,High
16,5,clear,Medium,local,1,1,Low
4,3,clear,Low,arterial,0,1,High
13,6,clear,Medium,local,1,1,Low
11,3,clear,Low,local,0,1,Low
10,5,clear,Heavy,local,1,1,Low
15,0,cloudy,Low,local,0,0,Low
19,2,clear,Heavy,local,1,0,Moderate
7,1,clear,Medium,highway,0,0,Moderate
20,0,clear,Medium,arterial,0,1,Low
4,6,clear,Heavy,arterial,1,0,High
7,3,clear,Medium,highway,1,1,Low
7,2,clear,Medium,highway,1,1,Low
22,2,clear,Low,arterial,1,1,High
2,1,clear,Low,local,1,1,Moderate
9,0,cloudy,Medium,arterial,1,1,Moderate
10,6,clear,Medium,local,0,0,Low
19,0,cloudy,Medium,highway,1,0,High
11,2,rain,Medium,highway,0,1,Moderate
23,1,clear,Low,local,1,0,High
17,6,clear,Heavy,arterial,0,1,Moderate
16,1,cloudy,Heavy,arterial,0,1,Moderate
18,2,clear,Heavy,highway,0,1,Moderate
3,5,rain,Low,highway,0,1,High
10,3,rain,Low,arterial,0,0,Low
14,2,clear,Low,arterial,1,1,Low
5,3,clear,Heavy,highway,1,0,Moderate
2,3,cloudy,Medium,local,1,0,High
3,2,cloudy,Heavy,highway,1,1,High
18,4,clear,Heavy,local,1,1,Low
15,2,rain,Low,local,1,0,Moderate
6,6,clear,Medium,arterial,0,1,Low
17,3,rain,Medium,arterial,1,1,Moderate
16,5,rain,Medium,highway,0,0,Moderate
19,1,clear,Heavy,arterial,0,0,Moderate
21,4,clear,Low,arterial,0,1,Low
21,3,clear,Heavy,highway,0,1,Moderate
4,5,rain,Low,highway,1,1,High
18,3,clear,Heavy,arterial,0,1,Low
9,5,clear,Low,local,0,0,Low
9,0,cloudy,Medium,highway,1,0,Low
15,4,clear,Medium,local,1,1,Low
14,5,clear,Medium,arterial,0,0,Low
10,3,rain,Heavy,highway,1,1,High
23,0,clear,Heavy,arterial,0,1,Moderate
4,3,cloudy,Low,local,1,1,High
2,5,clear,Medium,local,0,0,High
0,3,clear,Low,arterial,0,1,Moderate
19,0,clear,Low,arterial,1,1,Moderate
9,2,clear,Low,arterial,1,1,Low
10,6,fog,Low,arterial,1,1,Moderate
15,1,clear,Heavy,arterial,0,1,Low
10,3,clear,Heavy,highway,0,1,Moderate
13,2,rain,Low,arterial,0,0,Moderate
1,4,clear,Heavy,arterial,0,1,Low
3,2,fog,Low,local,1,1,High
22,2,clear,Medium,arterial,0,1,Moderate
10,4,clear,Low,local,1,0,Low
4,4,clear,Low,arterial,0,0,High
8,3,clear,Medium,local,1,1,Low
8,1,rain,Heavy,local,1,0,Moderate
6,0,fog,Medium,arterial,1,1,High
7,4,cloudy,Heavy,arterial,1,0,Low
17,2,clear,Low,highway,1,1,Moderate
2,4,clear,Medium,highway,0,1,Moderate
7,2,clear,Low,arterial,1,1,Low
11,5,clear,Low,local,0,0,Low
12,4,clear,Low,local,1,1,Low
21,2,clear,Low,highway,1,0,Moderate
22,2,clear,Heavy,arterial,1,0,High
7,5,cloudy,Medium,arterial,1,1,Low
12,0,clear,Medium,arterial,0,0,Low
0,0,clear,Low,highway,1,0,High
14,0,clear,Low,local,0,1,Low
3,2,cloudy,Medium,arterial,0,1,Moderate
1,3,cloudy,Low,local,1,1,High
16,2,clear,Low,arterial,1,1,Low
4,1,rain,Low,local,0,0,High
11,2,cloudy,Heavy,local,0,0,Low
2,3,clear,Medium,arterial,1,1,Moderate
17,2,clear,Low,local,1,0,Moderate
18,4,fog,Medium,arterial,1,1,Moderate
13,2,clear,Heavy,arterial,1,1,Moderate
20,6,clear,Low,arterial,0,1,Low
10,6,clear,Low,arterial,0,1,Low
4,4,clear,Heavy,highway,1,1,High
3,3,rain,Heavy,highway,1,1,High
5,0,rain,Medium,local,1,1,Moderate
4,4,rain,Low,highway,1,0,High
7,2,cloudy,Low,local,1,0,Moderate
5,2,cloudy,Heavy,local,0,0,Low
14,5,clear,Medium,arterial,1,1,Low
3,0,rain,Medium,local,1,1,High
14,1,clear,Low,local,1,1,Low
8,5,clear,Low,arterial,0,1,Low
16,6,fog,Heavy,arterial,1,0,High
12,3,fog,Medium,arterial,0,1,Low
21,3,clear,Medium,local,1,0,Moderate
10,6,clear,Medium,local,0,0,Low
7,0,clear,Heavy,highway,1,1,Moderate
14,3,cloudy,Medium,arterial,0,1,Low
15,1,clear,Low,arterial,0,0,Low
10,3,clear,Heavy,arterial,0,0,Moderate
13,6,clear,Low,highway,0,1,Low
11,4,rain,Medium,local,0,1,Low
7,6,fog,Low,local,1,0,Moderate
7,3,fog,Heavy,local,0,1,Moderate
21,6,rain,Medium,highway,0,0,High
16,1,clear,Low,highway,0,0,Low
2,2,clear,Medium,highway,0,1,Moderate
23,1,clear,Medium,local,0,1,Low
17,5,clear,Medium,local,0,1,Low
1,3,cloudy,Low,local,0,0,High
17,1,clear,Low,arterial,1,1,Low
14,1,rain,Heavy,arterial,1,1,Moderate
21,2,clear,Low,arterial,0,0,Moderate
11,1,clear,Medium,highway,0,0,Moderate
12,4,rain,Low,local,0,1,Low
7,5,cloudy,Heavy,highway,0,1,Moderate
7,6,clear,Medium,local,1,1,Low
14,1,cloudy,Heavy,arterial,1,1,Moderate
19,3,cloudy,Medium,highway,0,0,Moderate
21,3,clear,Medium,local,1,1,Low
18,3,clear,Heavy,local,0,0,Low
14,3,rain,Heavy,local,0,1,Low
12,1,clear,Medium,highway,1,1,Moderate
8,0,clear,Medium,arterial,1,0,Low
18,2,clear,Medium,highway,0,1,Low
7,0,clear,Medium,local,1,1,Low
6,0,fog,Medium,arterial,1,1,High
20,3,clear,Heavy,local,0,1,Low
14,6,rain,Heavy,arterial,1,0,Moderate
8,3,rain,Medium,highway,0,1,Moderate
20,0,clear,Medium,arterial,0,1,Low
23,5,rain,Low,arterial,0,1,High
7,4,fog,Heavy,arterial,1,1,High
12,2,fog,Heavy,arterial,1,1,Moderate
11,1,cloudy,Heavy,arterial,0,1,Low
16,6,clear,Medium,highway,1,1,Low
22,3,clear,Heavy,highway,0,1,High
13,0,clear,Low,local,0,1,Low
19,1,cloudy,Medium,local,1,1,Moderate
14,1,clear,Medium,local,1,1,Low
21,2,cloudy,Medium,highway,1,1,High
9,2,rain,Low,highway,1,1,Moderate
9,3,clear,Low,arterial,1,1,Moderate
10,2,rain,Heavy,highway,1,0,Moderate
23,4,clear,Medium,highway,1,1,High
14,3,clear,Low,highway,0,1,Low
3,6,rain,Heavy,arterial,1,0,High
0,5,clear,Low,arterial,0,0,High
12,2,clear,Low,highway,1,1,Moderate
19,0,fog,Low,arterial,0,0,Moderate
11,4,rain,Low,arterial,0,0,Moderate
13,2,rain,Heavy,highway,0,1,Moderate
19,6,clear,Medium,local,0,1,Low
12,2,clear,Medium,local,0,0,Low
21,2,clear,Medium,highway,1,1,Moderate
15,2,clear,Medium,arterial,1,1,Low
17,6,fog,Medium,highway,1,0,Moderate
18,0,clear,Heavy,local,0,0,Low
15,6,cloudy,Medium,arterial,1,1,Low
1,1,clear,Medium,local,1,1,Moderate
10,5,clear,Low,arterial,1,1,Low
3,3,clear,Low,highway,1,1,High
12,3,clear,Low,local,1,1,Low
3,1,clear,Heavy,local,0,0,High
12,5,rain,Low,highway,0,1,Moderate
8,4,cloudy,Heavy,highway,1,0,Moderate
0,3,cloudy,Medium,local,0,1,Low
2,3,clear,Medium,local,1,0,High
12,4,cloudy,Medium,local,1,1,Low
1,3,cloudy,Low,highway,1,0,High
20,6,clear,Heavy,highway,1,1,High
18,0,cloudy,Low,local,0,1,Low
17,1,rain,Heavy,highway,0,1,Moderate
4,5,fog,Low,highway,0,0,High
19,5,fog,Medium,highway,0,1,High
15,2,clear,Medium,arterial,0,1,Low
9,3,clear,Low,arterial,1,1,Low
0,0,clear,Low,local,0,0,High
12,1,clear,Medium,highway,0,1,Moderate
19,6,clear,Heavy,local,0,1,Low
0,4,clear,Medium,arterial,0,0,High
1,0,cloudy,Low,local,1,1,High
9,5,clear,Low,local,1,1,Low
12,2,cloudy,Heavy,arterial,0,1,Low
11,3,fog,Low,local,1,1,Moderate
10,5,clear,Medium,arterial,1,1,Low
6,5,clear,Low,local,0,0,Low
1,0,cloudy,Medium,local,0,1,Moderate
0,2,clear,Medium,arterial,1,1,High
2,1,clear,Heavy,highway,1,1,High
16,6,rain,Medium,highway,0,1,Moderate
18,5,clear,Low,arterial,0,1,Low
10,4,cloudy,Medium,local,0,0,Low
1,0,fog,Low,local,1,1,High
9,5,clear,Heavy,arterial,0,1,Low
23,3,cloudy,Low,arterial,0,0,High
5,1,clear,Heavy,highway,1,0,Moderate
11,3,clear,Heavy,local,1,1,Low
12,3,clear,Low,arterial,0,1,Low
7,2,cloudy,Heavy,arterial,1,1,Low
10,6,cloudy,Heavy,local,0,1,Low
11,6,fog,Heavy,local,1,1,Moderate
11,0,cloudy,Medium,local,1,1,Low
17,6,clear,Medium,arterial,0,1,Low
13,2,rain,Low,highway,1,0,High
1,5,clear,Heavy,arterial,1,0,High
0,5,cloudy,Low,arterial,0,1,High
9,4,clear,Heavy,local,0,1,Low
21,5,rain,Heavy,local,1,1,Moderate
0,4,rain,Heavy,local,0,1,High
1,5,clear,Heavy,highway,1,0,High
16,2,clear,Heavy,arterial,0,0,Low
10,5,clear,Heavy,local,0,0,Low
5,6,clear,Medium,arterial,1,1,High
4,6,clear,Low,highway,0,1,High
15,1,cloudy,Heavy,local,1,1,Moderate
12,3,clear,Medium,highway,0,1,Low
15,3,clear,Heavy,arterial,1,0,Moderate
6,4,rain,Medium,local,1,0,Moderate
12,4,cloudy,Medium,highway,1,1,Low
20,5,clear,Medium,local,0,1,Low
7,3,fog,Heavy,arterial,0,0,Moderate
9,4,rain,Low,arterial,1,0,Moderate
3,6,fog,Medium,local,0,1,High
15,0,clear,Low,highway,1,1,Low
0,4,clear,Medium,arterial,1,1,High
5,2,clear,Medium,arterial,0,0,Low
17,6,fog,Low,highway,0,0,Moderate
0,3,rain,Medium,arterial,0,1,High
23,4,cloudy,Heavy,arterial,1,1,High
9,5,clear,Heavy,local,0,1,Low
9,1,clear,Heavy,arterial,1,1,Low
12,3,cloudy,Low,arterial,1,1,Low
15,5,clear,Medium,local,1,0,Low
11,5,clear,Medium,highway,1,1,Moderate
21,1,cloudy,Heavy,highway,0,1,Moderate
23,5,rain,Heavy,arterial,0,0,High
4,1,clear,Medium,arterial,1,1,Moderate
16,1,cloudy,Heavy,arterial,1,1,Moderate
7,5,clear,Heavy,highway,1,1,Moderate
23,4,clear,Medium,local,0,1,Moderate
6,3,clear,Low,local,0,0,Low
7,3,clear,Heavy,local,0,1,Low
17,6,clear,Medium,local,0,1,Low
18,1,clear,Medium,local,1,1,Low
3,2,clear,Low,arterial,1,0,High
13,3,clear,Low,local,1,1,Low
8,5,clear,Heavy,local,1,1,Moderate
14,3,rain,Low,highway,0,1,Moderate
13,5,clear,Medium,local,0,1,Low
23,5,clear,Medium,highway,1,1,High
22,6,clear,Low,local,1,0,High
15,3,clear,Medium,local,0,1,Low
16,3,cloudy,Low,highway,1,1,Low
21,0,rain,Low,highway,0,0,High
4,0,clear,Heavy,local,1,1,Moderate
17,3,clear,Medium,local,0,1,Low
18,5,clear,Heavy,local,0,1,Moderate
3,5,clear,Medium,arterial,0,0,High
21,2,rain,Heavy,local,0,1,Moderate
16,3,cloudy,Low,local,1,1,Low
8,5,cloudy,Low,local,1,1,Low
11,2,rain,Low,arterial,0,1,Low
11,1,cloudy,Low,arterial,0,1,Low
22,6,clear,Heavy,arterial,0,0,High
23,3,cloudy,Medium,local,1,1,Moderate
19,1,cloudy,Medium,highway,1,0,Moderate
15,1,clear,Medium,highway,0,0,Low
2,2,cloudy,Low,local,0,1,Moderate
21,1,clear,Heavy,arterial,0,0,Moderate
3,3,clear,Medium,highway,0,1,Moderate
4,5,cloudy,Low,arterial,0,1,High
1,5,clear,Medium,local,1,0,High
22,6,clear,Low,highway,1,1,High
11,5,clear,Medium,arterial,0,0,Low
5,2,cloudy,Medium,arterial,1,0,Low
1,0,rain,Heavy,local,1,1,High
9,1,cloudy,Heavy,local,1,1,Low
17,5,cloudy,Low,local,1,1,Low
23,2,clear,Low,local,0,1,Moderate
13,5,cloudy,Heavy,local,1,0,Moderate
14,3,clear,Medium,arterial,0,1,Low
20,6,clear,Medium,highway,0,1,Moderate
21,3,cloudy,Medium,arterial,1,1,Moderate
6,6,clear,Medium,local,1,0,Low
23,1,rain,Medium,local,0,0,High
12,5,clear,Heavy,highway,1,1,Moderate
22,3,cloudy,Medium,arterial,0,1,Moderate
2,1,clear,Low,arterial,0,0,High
2,1,cloudy,Low,highway,0,0,High
21,2,cloudy,Heavy,arterial,0,1,Moderate
16,1,clear,Medium,highway,1,0,Moderate
4,6,rain,Medium,local,0,1,High
21,1,cloudy,Low,arterial,1,1,Low
2,4,clear,Heavy,arterial,1,1,Moderate
16,3,cloudy,Medium,highway,0,1,Low
4,3,clear,Heavy,arterial,0,1,Moderate
1,4,rain,Low,local,0,1,Moderate
19,6,clear,Low,local,1,0,Moderate
20,6,rain,Low,local,1,0,High
2,6,clear,Medium,local,0,1,Moderate
2,3,rain,Heavy,arterial,1,1,High
14,5,rain,Medium,highway,1,1,High
0,1,fog,Heavy,arterial,0,0,High
17,6,rain,Heavy,highway,1,0,Moderate
21,1,cloudy,Low,local,1,1,Low
18,0,clear,Medium,highway,0,1,Low
5,5,clear,Heavy,highway,1,1,High
4,5,cloudy,Medium,arterial,0,1,High
16,0,cloudy,Low,local,0,1,Low
1,6,clear,Heavy,local,1,1,High
12,0,cloudy,Medium,local,1,0,Low
10,0,clear,Heavy,local,0,0,Low
17,6,cloudy,Medium,arterial,0,1,Low
4,1,clear,Medium,local,0,0,Moderate
18,1,rain,Medium,arterial,1,1,Moderate
16,5,clear,Heavy,local,1,0,Low
5,4,clear,Heavy,local,1,0,Moderate
8,3,cloudy,Medium,arterial,1,1,Low
1,6,clear,Low,arterial,1,1,High
10,0,clear,Low,arterial,0,1,Low
6,6,cloudy,Low,arterial,1,0,Moderate
2,1,rain,Low,highway,0,1,High
13,4,cloudy,Medium,arterial,0,0,Low
13,2,clear,Low,arterial,1,0,Low
2,2,clear,Medium,highway,0,1,Moderate
4,2,cloudy,Heavy,arterial,0,0,High
1,3,cloudy,Low,local,0,1,Moderate
16,6,fog,Medium,highway,1,1,High
8,0,clear,Low,local,0,1,Low
1,4,clear,Medium,arterial,1,1,Moderate
4,6,fog,Heavy,arterial,1,1,High
23,5,clear,Low,local,1,1,High
6,6,fog,Heavy,arterial,1,1,Moderate
16,0,clear,Low,local,0,1,Low
11,2,cloudy,Medium,local,0,1,Low
4,2,clear,Low,arterial,1,0,High
7,3,rain,Medium,arterial,0,0,Low
0,2,rain,Low,local,1,1,High
17,1,clear,Medium,highway,1,0,Moderate
8,5,cloudy,Low,arterial,0,0,Low
11,1,clear,Heavy,arterial,0,1,Low
3,6,clear,Low,local,1,0,High
19,0,cloudy,Low,local,1,1,Low
5,2,cloudy,Medium,highway,1,1,Low
13,4,clear,Medium,local,0,1,Low
20,6,clear,Heavy,local,0,1,Moderate
17,5,clear,Heavy,highway,0,1,Moderate
14,0,clear,Medium,arterial,1,1,Low
21,5,clear,Heavy,arterial,0,1,Low
4,2,clear,Low,arterial,0,0,High
23,6,rain,Heavy,local,0,1,High
13,5,clear,Medium,arterial,1,1,Moderate
9,1,rain,Low,local,0,0,Low
6,2,clear,Medium,local,1,1,Low
17,5,clear,Medium,highway,0,0,Low
23,6,clear,Medium,local,0,0,High
16,4,clear,Low,highway,0,1,Low
0,1,cloudy,Medium,highway,0,0,High
11,2,clear,Medium,arterial,1,1,Low
17,5,clear,Medium,arterial,1,1,Moderate
9,4,clear,Heavy,local,1,1,Moderate
18,1,rain,Heavy,arterial,0,1,Moderate
16,1,clear,Medium,arterial,0,0,Low
1,1,clear,Medium,highway,0,1,Moderate
13,3,clear,Medium,local,0,1,Low
4,3,cloudy,Heavy,arterial,1,0,High
11,3,fog,Heavy,arterial,0,0,Moderate
9,6,clear,Heavy,arterial,1,1,Moderate
19,4,clear,Medium,local,0,0,Moderate
20,4,clear,Heavy,arterial,1,0,Moderate
11,2,fog,Medium,local,1,1,Moderate
12,4,clear,Low,local,0,1,Low
15,6,rain,Medium,highway,0,1,Moderate
15,0,cloudy,Low,arterial,0,1,Low
15,2,clear,Low,highway,1,1,Low
18,0,rain,Medium,highway,0,0,Moderate
23,1,cloudy,Medium,highway,1,1,High
19,0,clear,Heavy,arterial,1,1,Moderate
3,4,clear,Heavy,local,1,0,High
11,5,clear,Medium,highway,1,0,Low
11,6,clear,Low,arterial,0,1,Low
12,1,cloudy,Low,arterial,0,1,Low
12,4,cloudy,Heavy,highway,1,1,Moderate
17,2,rain,Medium,arterial,1,0,Low
10,2,clear,Low,arterial,0,1,Low
6,4,clear,Medium,local,1,1,Low
10,4,clear,Low,arterial,0,1,Low
20,4,rain,Medium,arterial,0,0,Moderate
7,0,clear,Heavy,local,1,1,Low
0,2,clear,Heavy,local,0,1,Moderate
23,1,cloudy,Medium,arterial,1,1,High
4,0,rain,Low,local,0,0,High
14,0,clear,Low,arterial,1,1,Low
19,3,cloudy,Low,highway,1,1,Moderate
6,0,clear,Medium,highway,1,1,Moderate
8,5,rain,Low,highway,0,1,Moderate
6,0,cloudy,Medium,highway,1,1,Moderate
3,1,cloudy,Medium,highway,0,0,High
3,6,clear,Medium,highway,1,1,High
4,4,cloudy,Low,arterial,1,1,High
10,3,clear,Medium,local,0,1,Moderate
12,0,clear,Heavy,arterial,1,0,Moderate
0,0,fog,Low,arterial,1,1,High
20,6,clear,Medium,arterial,1,1,Moderate
16,5,cloudy,Medium,local,0,1,Low
1,6,clear,Medium,arterial,0,1,Moderate
20,5,clear,Heavy,arterial,1,1,Moderate
0,0,clear,Heavy,local,1,0,High
13,5,clear,Heavy,arterial,1,0,Low
11,3,cloudy,Heavy,arterial,1,0,Moderate
12,4,fog,Heavy,highway,1,0,High
22,2,rain,Heavy,local,0,0,High
22,5,fog,Medium,arterial,0,0,High
6,5,clear,Heavy,local,1,1,Moderate
13,6,fog,Low,local,0,0,Moderate
23,3,clear,Heavy,local,0,1,Moderate
17,1,clear,Low,local,0,1,Low
21,4,clear,Low,highway,1,0,Moderate
10,3,clear,Low,highway,1,0,Moderate
6,1,rain,Heavy,local,1,0,High
12,5,clear,Medium,arterial,0,0,Low
19,0,clear,Heavy,local,1,1,Moderate
22,2,clear,Medium,arterial,0,1,Moderate
16,4,clear,Medium,arterial,1,1,Low
16,6,rain,Heavy,highway,1,1,Moderate
12,4,clear,Medium,local,0,1,Low
7,6,clear,Medium,highway,1,0,Moderate
10,5,cloudy,Heavy,arterial,1,1,Low
11,1,rain,Low,local,1,0,Moderate
19,5,clear,Medium,arterial,1,1,Moderate
13,2,clear,Low,arterial,1,0,Moderate
19,4,fog,Medium,highway,0,0,Moderate
0,1,clear,Heavy,highway,0,0,Moderate
18,3,clear,Low,local,0,1,Low
12,4,clear,Low,arterial,1,1,Low
23,6,clear,Heavy,highway,0,1,High
11,6,fog,Heavy,arterial,0,0,Moderate
11,5,fog,Medium,arterial,0,0,Moderate
3,3,clear,Medium,arterial,0,0,Moderate
19,6,cloudy,Low,highway,1,1,Moderate
16,0,rain,Low,arterial,0,1,Moderate
20,6,cloudy,Medium,local,1,0,Moderate
2,1,cloudy,Medium,local,0,1,Moderate
5,2,fog,Heavy,arterial,1,1,Moderate
21,6,clear,Medium,highway,0,0,Moderate
1,5,clear,Low,local,1,0,High
12,5,rain,Low,arterial,0,1,Moderate
9,4,cloudy,Heavy,local,0,0,Low
22,4,clear,Medium,highway,0,0,High
20,1,clear,Heavy,local,0,1,Low
21,6,cloudy,Medium,arterial,0,1,Moderate
6,4,clear,Low,local,1,0,Low
14,4,rain,Heavy,arterial,0,0,Moderate
16,2,rain,Low,arterial,1,0,Moderate
23,6,clear,Low,highway,1,1,High
0,3,cloudy,Medium,local,0,0,Moderate
23,1,cloudy,Heavy,arterial,0,0,High
8,1,clear,Medium,arterial,0,1,Low
3,4,clear,Medium,highway,0,0,High
14,5,clear,Medium,highway,1,1,Low
18,1,rain,Heavy,arterial,1,0,Moderate
3,4,rain,Heavy,highway,1,1,High
0,6,clear,Heavy,arterial,1,0,High
21,3,rain,Low,highway,0,0,High
22,6,cloudy,Medium,local,1,1,Moderate
3,1,clear,Heavy,arterial,0,1,Moderate
21,2,clear,Low,arterial,1,0,Moderate
21,3,rain,Low,highway,0,0,Moderate
23,2,clear,Heavy,local,0,1,Moderate
5,0,cloudy,Heavy,local,0,1,Moderate
13,3,cloudy,Heavy,local,0,1,Low
23,2,cloudy,Medium,local,0,1,Moderate
21,1,clear,Low,highway,0,1,Moderate
14,2,clear,Low,arterial,1,0,Low
4,2,rain,Heavy,highway,0,1,High
2,6,clear,Heavy,highway,1,0,High
6,3,clear,Medium,arterial,0,1,Low
1,2,clear,Medium,arterial,1,0,High
4,2,cloudy,Heavy,arterial,0,1,Moderate
1,4,clear,Low,local,0,1,Moderate
18,1,cloudy,Low,arterial,1,1,Low
14,6,clear,Heavy,highway,0,1,Moderate
12,2,cloudy,Medium,highway,1,0,Moderate
19,2,rain,Heavy,arterial,1,1,Moderate
9,0,clear,Heavy,arterial,0,0,Moderate
9,6,cloudy,Heavy,arterial,0,1,Low
4,3,cloudy,Medium,local,1,1,Moderate
10,0,cloudy,Medium,local,1,1,Low
4,1,clear,Medium,arterial,1,0,High
14,2,cloudy,Heavy,highway,0,1,Low
23,5,clear,Low,highway,1,1,High
12,0,clear,Medium,arterial,0,1,Low
7,0,clear,Heavy,local,0,1,Moderate
16,3,clear,Medium,local,0,1,Low
19,3,clear,Heavy,local,0,1,Moderate
11,6,cloudy,Low,local,1,1,Low
6,5,cloudy,Low,highway,0,0,Moderate
17,4,clear,Low,local,0,1,Low
4,2,clear,Medium,arterial,0,1,Moderate
23,4,cloudy,Low,local,1,1,Moderate
7,4,clear,Medium,highway,1,0,Low
8,1,cloudy,Medium,arterial,0,0,Low
17,2,clear,Low,local,0,1,Low
0,6,rain,Low,arterial,0,1,High
4,3,clear,Heavy,local,1,1,High
3,3,cloudy,Medium,highway,0,1,Moderate
9,5,clear,Heavy,local,0,1,Moderate
13,1,clear,Heavy,arterial,1,1,Low
4,1,fog,Heavy,highway,0,1,High
8,6,rain,Medium,arterial,1,0,Moderate
18,5,clear,Heavy,highway,0,1,High
22,2,clear,Medium,arterial,1,0,Moderate
0,6,rain,Medium,highway,1,0,High
15,2,clear,Low,highway,0,1,Moderate
0,4,rain,Heavy,highway,1,1,High
12,0,clear,Heavy,arterial,1,1,Moderate
21,4,clear,Medium,highway,1,1,Moderate
19,1,clear,Medium,arterial,1,1,Low
5,1,clear,Medium,highway,0,1,Moderate
6,5,clear,Low,highway,1,1,Moderate
18,1,clear,Low,highway,0,0,Low
19,3,rain,Low,arterial,0,1,Moderate
6,6,clear,Heavy,local,0,1,Low
0,6,cloudy,Medium,highway,1,1,High
10,3,clear,Medium,highway,1,0,Moderate
14,0,cloudy,Low,local,0,1,Low
10,2,clear,Heavy,local,0,1,Low
22,4,cloudy,Heavy,local,0,1,Moderate
19,2,rain,Heavy,arterial,1,0,High
18,5,rain,Medium,highway,0,1,Moderate
0,6,rain,Medium,highway,0,1,High
20,4,clear,Medium,highway,1,0,Moderate
18,4,clear,Low,arterial,0,0,Low
9,3,clear,Medium,arterial,1,1,Low
14,1,cloudy,Medium,highway,1,0,High
19,4,clear,Medium,highway,1,1,Moderate
21,6,rain,Medium,local,1,0,High
13,4,fog,Low,highway,0,1,Moderate
0,5,clear,Medium,highway,1,0,High
14,6,clear,Medium,highway,0,1,Low
16,2,clear,Medium,arterial,0,0,Low
1,2,clear,Heavy,highway,0,1,Moderate
19,6,clear,Low,arterial,0,0,Moderate
4,3,clear,Medium,arterial,0,1,Moderate
21,5,rain,Medium,local,0,1,Moderate
13,4,cloudy,Medium,highway,0,1,Low
7,0,clear,Heavy,arterial,1,1,Low
1,2,clear,Medium,local,1,1,Moderate
0,2,rain,Heavy,arterial,1,0,High
17,1,clear,Low,arterial,1,1,Low
9,5,rain,Heavy,arterial,0,0,Low
20,6,clear,Heavy,local,0,1,Low
5,6,fog,Low,highway,1,1,High
22,1,rain,Medium,local,0,0,High
22,3,rain,Medium,highway,1,0,High
2,1,cloudy,Heavy,highway,0,0,High
15,0,cloudy,Low,highway,1,1,Low
22,4,clear,Medium,local,1,1,Moderate
7,6,cloudy,Medium,arterial,0,0,Low
1,0,cloudy,Low,highway,1,1,High
21,4,clear,Heavy,local,1,1,Moderate
11,0,cloudy,Heavy,local,0,1,Low
0,5,clear,Medium,arterial,1,1,Moderate
20,0,clear,Heavy,highway,1,0,High
16,3,clear,Heavy,arterial,1,1,Moderate
1,0,clear,Heavy,arterial,0,1,High
6,2,clear,Low,highway,1,1,Moderate
0,3,rain,Heavy,highway,1,1,High
22,3,clear,Low,arterial,0,1,Moderate
0,5,rain,Medium,local,1,0,High
19,6,fog,Heavy,highway,0,1,High
12,2,clear,Low,arterial,1,1,Low
13,6,cloudy,Low,local,1,1,Moderate
19,2,clear,Heavy,arterial,0,1,Low
21,0,rain,Low,arterial,0,1,Moderate
3,4,clear,Low,arterial,0,0,High
0,5,clear,Low,local,0,1,High
2,2,clear,Heavy,local,0,1,Moderate
16,4,cloudy,Medium,highway,0,1,Low
13,3,clear,Medium,highway,1,1,Moderate
2,1,clear,Heavy,arterial,0,0,High
5,2,rain,Heavy,arterial,0,0,High
12,2,clear,Medium,highway,0,1,Low
17,2,cloudy,Low,local,1,0,Low
8,6,cloudy,Heavy,local,0,1,Low
22,2,clear,Low,arterial,0,1,High
23,4,clear,Heavy,arterial,1,1,High
18,0,clear,Low,highway,0,1,Low
10,2,fog,Heavy,local,0,1,Moderate
21,6,cloudy,Heavy,highway,1,1,Moderate
17,6,clear,Low,local,1,0,Low
12,6,rain,Low,local,0,1,Moderate
10,0,clear,Low,arterial,0,1,Low
19,6,clear,Low,local,0,0,Moderate
13,1,clear,Medium,highway,1,0,Moderate
4,0,rain,Low,arterial,0,0,High
23,0,clear,Low,arterial,1,1,High
1,5,cloudy,Medium,arterial,1,0,High
16,4,clear,Low,arterial,0,1,Low
15,4,rain,Heavy,arterial,1,1,High
14,6,rain,Low,local,1,1,Low
1,0,clear,Low,highway,0,1,High
11,0,clear,Low,local,0,1,Low
21,6,cloudy,Low,local,0,1,Moderate
5,4,clear,Low,local,0,0,Low
16,5,clear,Low,local,0,1,Low
20,3,cloudy,Low,local,1,1,Low
22,1,clear,Medium,highway,1,1,Moderate
12,3,rain,Medium,arterial,1,0,Moderate
7,6,clear,Medium,arterial,0,1,Low
16,0,clear,Heavy,local,0,0,Low
11,0,cloudy,Medium,local,1,1,Low
15,2,cloudy,Low,arterial,1,1,Moderate
17,3,clear,Medium,arterial,0,0,Low
17,4,clear,Heavy,highway,0,1,Moderate
5,1,clear,Medium,arterial,0,1,Low
18,6,clear,Low,arterial,1,1,Low
13,1,fog,Heavy,arterial,1,1,Moderate
22,1,clear,Low,highway,1,1,High
15,6,cloudy,Low,highway,1,1,Low
21,2,clear,Heavy,local,0,0,Moderate
23,4,clear,Heavy,highway,0,1,High
23,3,rain,Heavy,local,1,1,High
17,1,cloudy,Heavy,highway,0,0,Moderate
14,3,clear,Medium,arterial,1,1,Low
2,5,clear,Medium,arterial,1,1,High
9,0,clear,Low,arterial,1,1,Low
11,6,clear,Medium,highway,0,1,Low
18,1,rain,Heavy,local,0,1,Moderate
14,6,clear,Low,local,0,1,Low
10,6,clear,Low,local,0,1,Low
3,6,clear,Heavy,highway,1,0,High
17,4,rain,Low,arterial,1,1,Moderate
10,6,clear,Low,arterial,0,0,Low
0,6,cloudy,Heavy,local,0,0,High
6,4,clear,Low,local,1,1,Low
21,6,clear,Heavy,arterial,1,1,Moderate
2,2,clear,Low,arterial,0,1,Moderate
9,5,cloudy,Low,local,0,0,Low
12,6,clear,Low,highway,1,1,Moderate
2,4,fog,Low,arterial,1,1,High
3,0,clear,Medium,highway,0,0,High
22,1,rain,Heavy,local,1,1,High
14,1,clear,Medium,arterial,1,0,Moderate
5,3,clear,Medium,highway,0,1,Low
4,3,cloudy,Low,local,1,1,Moderate
10,5,clear,Medium,local,0,1,Low
17,1,clear,Low,arterial,0,1,Low
17,1,rain,Low,local,0,1,Low
4,4,cloudy,Heavy,highway,1,1,High
17,0,rain,Heavy,local,0,1,Moderate
21,6,clear,Low,local,0,1,Low
5,0,cloudy,Low,arterial,1,0,Low
0,3,cloudy,Medium,arterial,1,0,High
23,6,cloudy,Medium,arterial,1,1,High
12,3,cloudy,Heavy,arterial,1,1,Moderate
18,5,cloudy,Medium,arterial,0,1,Low
7,2,rain,Low,highway,0,0,Moderate
7,5,clear,Medium,local,0,1,Low
5,4,clear,Low,local,0,1,Low
5,3,clear,Medium,arterial,0,0,Low
11,0,clear,Medium,highway,1,1,Low
2,6,cloudy,Heavy,highway,1,0,High
20,0,clear,Low,arterial,0,0,Moderate
12,2,clear,Medium,local,0,1,Low
21,4,rain,Low,arterial,0,1,Moderate
12,5,rain,Heavy,local,1,1,Moderate
7,3,clear,Low,arterial,0,0,Low
12,2,clear,Low,local,0,0,Low
3,2,clear,Low,arterial,0,1,Moderate
19,6,clear,Heavy,local,1,0,Moderate
17,2,clear,Low,arterial,1,1,Low
3,5,clear,Medium,local,1,1,High
13,0,rain,Low,highway,0,1,Moderate
12,4,clear,Heavy,arterial,1,1,Moderate
4,4,clear,Heavy,arterial,1,0,High
2,4,cloudy,Low,arterial,1,1,High
18,2,clear,Medium,local,0,1,Low
6,4,clear,Medium,arterial,0,1,Moderate
12,3,clear,Medium,highway,1,0,Moderate
5,4,clear,Low,local,1,1,Low
15,6,clear,Low,highway,0,1,Low
1,4,clear,Heavy,local,0,1,Moderate
8,5,clear,Low,local,1,0,Low
13,6,rain,Low,local,1,0,Low
10,1,rain,Low,arterial,0,1,Moderate
14,4,clear,Medium,arterial,1,1,Low
4,4,rain,Heavy,highway,1,1,High
10,4,clear,Heavy,arterial,1,1,Low
18,0,clear,Heavy,highway,1,0,Moderate
8,5,clear,Heavy,arterial,1,1,Low
3,1,clear,Medium,highway,0,1,Moderate
20,2,clear,Medium,arterial,1,1,Low
18,4,fog,Medium,arterial,0,0,Low
16,1,clear,Heavy,local,0,0,Low
19,0,clear,Low,arterial,0,1,Low
18,4,clear,Medium,arterial,0,1,Low
17,1,rain,Heavy,local,1,1,High
12,5,clear,Low,highway,0,1,Moderate
0,6,rain,Heavy,local,1,1,High
14,2,clear,Heavy,highway,1,1,High
6,5,rain,Medium,arterial,1,0,Moderate
18,1,clear,Heavy,highway,1,1,Moderate
11,6,clear,Low,arterial,1,1,Low
21,1,clear,Heavy,arterial,1,1,Moderate
14,6,clear,Low,highway,1,0,Low
13,5,clear,Low,local,1,0,Low
22,2,clear,Medium,local,0,1,Moderate
11,5,cloudy,Heavy,highway,1,1,Moderate
9,4,cloudy,Heavy,highway,0,0,Moderate
8,4,clear,Medium,arterial,0,0,Low
21,2,cloudy,Heavy,local,0,1,Moderate
18,1,rain,Medium,arterial,0,0,Moderate
3,4,fog,Heavy,local,0,0,High
11,0,clear,Low,arterial,0,1,Low
8,2,clear,Heavy,highway,1,1,Moderate
15,0,fog,Heavy,highway,0,1,High
1,0,fog,Heavy,arterial,0,1,High
17,0,rain,Medium,arterial,0,0,Low
17,0,cloudy,Heavy,local,1,1,Low
5,6,cloudy,Low,arterial,0,1,Moderate
3,5,rain,Low,highway,0,0,High
15,6,clear,Medium,arterial,1,1,Low
6,0,clear,Heavy,arterial,1,0,Moderate
22,6,fog,Heavy,arterial,1,1,High
18,4,rain,Medium,arterial,1,0,Moderate
22,5,clear,Heavy,arterial,1,1,High
12,6,clear,Medium,highway,0,1,Low
22,1,rain,Low,arterial,0,1,High
0,5,clear,Medium,arterial,1,0,High
6,4,cloudy,Low,arterial,1,1,Low
0,2,clear,Medium,arterial,1,1,Moderate
16,3,clear,Low,arterial,1,1,Low
12,1,cloudy,Low,arterial,1,1,Low
6,1,fog,Medium,arterial,0,1,Moderate
7,6,clear,Medium,local,1,1,Low
15,5,clear,Heavy,arterial,0,1,Low
4,3,clear,Medium,arterial,0,1,Moderate
12,4,clear,Low,highway,0,0,Low
14,2,fog,Heavy,arterial,1,1,High
5,1,clear,Low,highway,0,1,Low
5,6,fog,Heavy,local,1,1,High
8,6,rain,Medium,highway,0,1,Moderate
14,1,clear,Low,local,1,1,Low
6,5,clear,Medium,arterial,1,0,Low
9,3,fog,Heavy,local,0,1,Moderate
13,4,clear,Low,highway,1,1,Low
4,0,rain,Heavy,arterial,0,0,High
13,3,clear,Medium,local,0,1,Low
3,0,clear,Low,highway,0,1,High
3,5,clear,Medium,highway,1,1,High
5,2,clear,Heavy,local,0,1,Low
6,1,cloudy,Medium,local,0,0,Low
0,4,cloudy,Low,highway,0,1,Moderate
23,6,clear,Heavy,arterial,0,0,High
7,2,clear,Heavy,arterial,1,0,Low
19,5,clear,Heavy,highway,0,1,Moderate
21,4,rain,Heavy,arterial,0,1,Moderate
19,3,rain,Medium,highway,0,1,High
19,5,cloudy,Medium,local,0,1,Low
2,0,fog,Medium,local,1,0,High
8,6,clear,Low,arterial,0,0,Low
17,2,clear,Medium,arterial,0,1,Low
13,0,clear,Low,local,0,1,Low
0,6,rain,Heavy,local,0,0,High
13,5,clear,Low,highway,0,0,Low
19,5,rain,Heavy,highway,0,1,High
19,1,clear,Low,local,0,1,Low
9,5,clear,Heavy,local,1,1,Low
5,4,clear,Medium,arterial,0,1,Low
7,6,cloudy,Medium,highway,0,0,Low
7,2,clear,Low,local,1,1,Low
8,6,rain,Medium,highway,1,1,High
7,4,cloudy,Medium,highway,0,0,Moderate
10,1,clear,Heavy,local,1,1,Low
0,1,cloudy,Heavy,arterial,0,0,High
6,6,clear,Medium,arterial,0,0,Low
7,4,rain,Low,highway,0,1,Moderate
3,0,clear,Low,highway,0,0,High
21,0,cloudy,Medium,arterial,0,0,Moderate
16,5,clear,Medium,arterial,1,1,Low
21,1,clear,Medium,local,0,1,Low
13,1,cloudy,Medium,arterial,0,1,Low
2,4,clear,Medium,arterial,0,1,Moderate
21,6,cloudy,Medium,highway,1,0,Moderate
10,2,clear,Medium,highway,1,1,Moderate
16,4,clear,Heavy,arterial,1,1,Low
9,4,clear,Low,arterial,1,0,Low
11,4,cloudy,Low,highway,0,0,Low
11,4,clear,Low,arterial,0,0,Low
6,1,clear,Low,local,0,1,Low
13,4,clear,Medium,highway,1,1,Moderate
17,0,clear,Heavy,highway,0,1,Low
0,5,cloudy,Heavy,arterial,0,0,High
3,5,rain,Heavy,arterial,0,1,High
20,5,cloudy,Low,highway,0,1,Low
13,0,clear,Low,arterial,1,1,Low
23,6,clear,Low,arterial,1,0,High
14,3,cloudy,Medium,highway,0,1,Low
15,0,rain,Medium,local,1,1,Moderate
21,3,clear,Low,highway,1,1,High
15,4,cloudy,Low,local,0,1,Low
7,2,clear,Heavy,highway,0,1,Moderate
12,5,clear,Low,highway,0,1,Low
5,3,clear,Low,local,0,0,Low
8,1,clear,Medium,local,1,1,Low
16,4,clear,Medium,arterial,0,1,Low
3,1,clear,Medium,local,0,0,Moderate
16,0,clear,Medium,arterial,1,1,Low
14,1,clear,Heavy,arterial,1,1,Low
7,6,clear,Heavy,highway,1,1,Moderate
1,4,clear,Medium,highway,0,1,Moderate
16,2,rain,Heavy,local,1,1,Moderate
19,2,cloudy,Medium,arterial,1,1,Moderate
17,6,clear,Heavy,arterial,0,1,Low
10,4,clear,Medium,local,1,1,Low
15,5,clear,Low,highway,1,1,Low
9,4,clear,Medium,arterial,1,0,Low
8,6,clear,Heavy,arterial,0,1,Low
7,4,clear,Heavy,local,0,1,Low
5,2,clear,Low,arterial,0,1,Low
23,1,cloudy,Medium,local,0,1,Moderate
15,0,clear,Heavy,arterial,1,0,Low
4,5,clear,Medium,highway,0,1,High
20,6,clear,Medium,arterial,1,1,Low
3,4,rain,Heavy,highway,0,0,High
14,3,cloudy,Medium,highway,1,1,Moderate
3,0,cloudy,Low,arterial,1,1,Moderate
8,4,rain,Low,arterial,0,1,Low
15,1,clear,Medium,arterial,1,1,Low
23,4,clear,Medium,local,1,0,High
23,2,cloudy,Heavy,local,1,1,Moderate
21,6,clear,Heavy,arterial,1,1,Low
5,6,cloudy,Low,arterial,1,0,Moderate
2,1,clear,Heavy,local,0,1,Moderate
21,2,clear,Low,arterial,1,1,Moderate
22,6,clear,Low,arterial,1,1,High
6,0,clear,Medium,highway,1,1,Moderate
0,3,cloudy,Medium,highway,0,1,Moderate
15,0,clear,Low,highway,1,1,Moderate
1,3,clear,Medium,arterial,1,1,Moderate
0,0,clear,Heavy,arterial,0,0,High
22,0,rain,Medium,arterial,0,1,Moderate
11,2,rain,Low,local,0,1,Low
2,0,cloudy,Heavy,arterial,0,1,High
15,5,clear,Low,local,1,0,Low
8,4,clear,Low,arterial,0,1,Low
12,3,clear,Low,arterial,1,1,Low
21,3,clear,Low,arterial,0,0,Low
5,5,clear,Low,local,0,1,Low
15,5,rain,Low,arterial,0,1,Low
19,0,clear,Medium,highway,1,1,Moderate
10,4,clear,Low,arterial,1,1,Low
23,3,clear,Low,arterial,0,1,Moderate
10,5,clear,Medium,local,0,1,Low
11,5,clear,Medium,highway,0,1,Low
21,4,cloudy,Medium,highway,0,1,Moderate
15,4,rain,Low,highway,0,1,Moderate
20,1,cloudy,Heavy,arterial,1,0,Moderate
18,5,rain,Heavy,local,1,1,Moderate
17,4,clear,Low,local,1,0,Low
5,1,cloudy,Medium,local,1,1,Moderate
9,1,rain,Heavy,local,0,1,Low
20,3,clear,Medium,arterial,1,1,Moderate
14,2,rain,Low,arterial,1,1,Moderate
6,4,fog,Low,arterial,1,1,Moderate
7,2,cloudy,Medium,local,0,1,Low
18,1,clear,Medium,local,1,1,Low
4,2,clear,Heavy,highway,1,0,High
2,5,cloudy,Low,arterial,1,0,High
18,5,rain,Low,arterial,0,0,Moderate
6,2,clear,Medium,local,0,1,Low
18,5,clear,Medium,local,1,1,Low
12,0,clear,Medium,local,1,1,Low
23,6,clear,Low,local,1,1,Moderate
12,5,rain,Medium,local,1,1,Low
20,0,clear,Heavy,local,0,1,Moderate
20,4,clear,Heavy,highway,0,0,Moderate
5,3,cloudy,Heavy,local,1,1,Low
23,6,clear,Medium,arterial,1,1,High
17,1,cloudy,Heavy,arterial,0,0,Low
2,6,clear,Medium,arterial,0,0,High
0,6,clear,Low,arterial,1,1,High
6,1,rain,Heavy,arterial,1,0,High
0,3,clear,Low,arterial,0,1,Moderate
8,4,clear,Low,arterial,0,1,Low
23,1,clear,Low,local,0,1,High
11,6,cloudy,Medium,highway,1,1,Low
0,1,clear,Medium,local,1,1,Moderate
11,1,clear,Medium,arterial,1,1,Moderate
5,3,clear,Low,local,0,0,Moderate
20,3,rain,Low,local,1,1,Moderate
2,0,cloudy,Low,local,0,1,Moderate
18,6,rain,Low,local,0,1,Low
10,1,cloudy,Low,arterial,1,1,Low
0,0,rain,Low,highway,0,1,High
16,3,clear,Heavy,arterial,0,1,Low
10,6,clear,Heavy,arterial,1,1,Low
18,0,rain,Medium,arterial,1,1,High
14,3,rain,Medium,local,1,1,Moderate
18,6,rain,Heavy,local,0,1,Low
11,6,fog,Medium,arterial,0,1,Moderate
0,1,cloudy,Heavy,highway,1,1,High
3,4,clear,Heavy,local,0,0,High
11,5,rain,Low,highway,0,1,Moderate
9,4,clear,Low,arterial,0,0,Low
19,4,rain,Low,arterial,0,1,High
9,5,rain,Medium,arterial,1,0,Moderate
20,3,cloudy,Heavy,arterial,0,0,Moderate
4,0,clear,Low,local,1,1,Moderate
9,4,cloudy,Heavy,local,1,1,Low
18,4,rain,Medium,arterial,1,0,Moderate
2,5,clear,Medium,local,0,1,Moderate
7,6,clear,Heavy,arterial,1,1,Low
18,2,cloudy,Medium,arterial,0,1,Low
14,6,rain,Medium,arterial,1,1,Moderate
18,0,cloudy,Heavy,arterial,1,1,Low
12,6,cloudy,Medium,local,1,0,Low
20,0,clear,Low,local,1,0,Moderate
21,4,clear,Medium,local,1,1,Moderate
23,4,rain,Medium,local,1,1,Moderate
2,4,clear,Heavy,local,0,1,Moderate
14,6,clear,Low,local,1,1,Low
2,3,clear,Low,local,0,1,Moderate
5,0,clear,Medium,local,0,1,Low
7,4,clear,Heavy,arterial,1,0,Low
15,2,rain,Medium,highway,1,0,Moderate
10,4,clear,Low,local,0,0,Low
20,2,cloudy,Medium,highway,0,1,Moderate
7,0,clear,Medium,arterial,0,1,Low
14,4,rain,Medium,local,1,0,Moderate
18,0,clear,Medium,local,1,1,Low
23,2,clear,Heavy,arterial,1,0,High
5,4,clear,Low,highway,1,1,Moderate
17,6,fog,Low,arterial,0,0,Moderate
2,2,cloudy,Medium,local,0,1,Moderate
13,2,cloudy,Low,local,1,1,Low
9,2,clear,Low,local,0,1,Low
23,4,clear,Medium,highway,1,1,High
18,1,fog,Medium,local,1,1,Moderate
22,3,clear,Heavy,local,1,0,High
20,5,cloudy,Heavy,arterial,0,1,Moderate
9,0,rain,Low,local,0,1,Moderate
17,6,cloudy,Low,arterial,0,0,Low
0,3,clear,Heavy,highway,0,1,High
13,4,clear,Low,highway,0,1,Moderate
1,4,clear,Heavy,arterial,1,1,Moderate
17,6,fog,Low,arterial,1,0,Moderate
23,4,rain,Medium,local,1,0,High
16,6,clear,Medium,arterial,0,1,Low
20,2,rain,Medium,arterial,1,1,Moderate
5,1,clear,Medium,local,1,1,Moderate
23,4,clear,Low,local,1,1,Moderate
13,1,clear,Low,local,1,0,Low
16,0,rain,Medium,arterial,0,1,Moderate
18,1,clear,Heavy,local,0,1,Low
15,1,clear,Medium,arterial,0,1,Low
7,0,clear,Medium,highway,0,1,Low
14,5,clear,Heavy,arterial,0,1,Low
15,4,clear,Medium,arterial,0,1,Low
20,1,clear,Medium,local,0,0,Low
11,1,rain,Low,arterial,0,1,Low
12,6,fog,Heavy,arterial,1,1,Moderate
12,6,clear,Low,highway,0,1,Low
2,0,fog,Low,arterial,1,1,High
2,4,rain,Low,arterial,0,1,High
0,2,rain,Low,local,1,1,High
15,2,clear,Medium,local,1,1,Low
10,4,rain,Low,local,0,1,Moderate
20,6,cloudy,Medium,highway,0,1,Moderate
16,4,clear,Medium,local,1,1,Low
3,6,rain,Low,highway,1,1,High
2,5,clear,Low,highway,0,0,High
8,5,rain,Low,highway,1,0,Moderate
22,5,cloudy,Medium,arterial,1,1,High
1,5,clear,Medium,highway,1,1,High
4,1,clear,Low,highway,0,0,High
0,6,rain,Low,arterial,0,1,High
9,6,clear,Low,local,0,0,Low
23,4,rain,Heavy,local,0,0,High
16,4,cloudy,Heavy,local,0,0,Low
11,6,clear,Medium,local,1,0,Low
3,1,clear,Heavy,local,1,1,Moderate
8,0,fog,Low,arterial,1,0,Moderate
12,6,rain,Medium,local,0,1,Low
6,3,clear,Medium,arterial,0,1,Low
16,5,clear,Medium,local,1,0,Low
23,3,clear,Heavy,highway,1,1,High
4,3,rain,Medium,highway,0,1,Moderate
6,0,clear,Heavy,arterial,1,1,Moderate
3,2,clear,Low,local,1,1,High
17,0,clear,Low,local,0,0,Low
11,3,fog,Medium,highway,0,1,Low
6,0,clear,Low,arterial,1,1,Low
5,5,cloudy,Low,local,0,1,Moderate
1,2,clear,Low,arterial,0,0,Moderate
11,5,cloudy,Medium,highway,0,0,Moderate
16,0,cloudy,Heavy,arterial,1,1,Low
5,0,rain,Medium,local,1,0,Moderate
0,2,cloudy,Medium,local,1,1,Moderate
11,5,clear,Low,local,0,1,Low
16,5,clear,Medium,highway,1,1,Low
8,3,clear,Low,arterial,1,1,Moderate
6,4,clear,Low,arterial,1,0,Moderate
3,4,fog,Medium,arterial,0,1,High
17,4,clear,Low,arterial,1,1,Low
20,5,rain,Low,arterial,0,1,Moderate
18,0,clear,Heavy,arterial,1,1,Low
12,3,rain,Medium,arterial,1,0,Moderate
17,5,rain,Heavy,arterial,1,1,Moderate
9,3,cloudy,Medium,local,0,1,Low
0,1,clear,Low,arterial,0,1,Moderate
8,4,rain,Medium,arterial,0,0,Low
16,2,rain,Heavy,highway,1,1,High
15,3,clear,Heavy,arterial,0,1,Moderate
23,3,fog,Medium,local,1,1,High
23,4,rain,Low,arterial,0,1,High
5,6,clear,Medium,arterial,1,1,Low
0,4,clear,Low,highway,0,0,High
6,6,clear,Low,local,1,0,Low
21,0,clear,Low,arterial,1,1,Moderate
19,5,rain,Low,highway,0,1,Moderate
2,2,rain,Medium,local,1,0,High
3,5,clear,Heavy,local,0,1,Moderate
13,0,cloudy,Medium,local,1,1,Low
15,3,clear,Medium,arterial,0,0,Low
23,0,clear,Heavy,local,0,1,Moderate
18,4,cloudy,Low,arterial,1,1,Low
5,1,cloudy,Medium,arterial,0,1,Low
0,1,clear,Heavy,highway,1,1,High
15,0,clear,Low,arterial,0,0,Low
13,1,rain,Medium,arterial,0,1,Low
22,6,clear,Heavy,highway,1,1,High
13,6,clear,Heavy,local,1,1,Low
12,0,fog,Medium,arterial,0,1,Moderate
7,6,rain,Medium,arterial,1,0,Moderate
2,4,cloudy,Medium,arterial,1,0,High
21,2,clear,Heavy,local,1,1,Moderate
19,6,cloudy,Heavy,arterial,0,0,Low
3,1,cloudy,Low,local,1,0,Moderate
16,1,clear,Medium,highway,0,1,Low
8,1,clear,Heavy,arterial,1,1,Moderate
10,1,clear,Medium,arterial,1,1,Moderate
20,3,clear,Heavy,highway,1,1,Moderate
20,0,fog,Medium,highway,0,1,High
4,1,cloudy,Medium,arterial,1,1,Moderate
7,2,clear,Medium,arterial,0,1,Low
19,4,clear,Medium,local,1,1,Low
22,6,clear,Low,local,0,1,High
1,0,clear,Heavy,arterial,1,1,High
20,4,clear,Medium,arterial,0,1,Low
11,0,fog,Heavy,arterial,0,1,Moderate
14,6,rain,Low,local,0,1,Low
1,1,rain,Heavy,local,0,1,High
16,5,clear,Low,arterial,1,0,Low
16,5,rain,Heavy,local,0,1,Moderate
15,2,cloudy,Heavy,arterial,1,1,Low
18,2,clear,Heavy,arterial,0,0,Low
22,2,clear,Medium,local,0,1,Moderate
20,3,clear,Low,arterial,0,0,Low
17,3,clear,Heavy,local,1,1,Moderate
23,4,rain,Low,arterial,1,0,High
16,3,cloudy,Low,local,1,1,Low
16,5,fog,Low,arterial,1,0,Moderate
13,3,cloudy,Heavy,arterial,0,1,Low
18,2,clear,Heavy,arterial,0,1,Low
1,2,clear,Heavy,local,1,0,High
12,5,clear,Medium,highway,0,0,Low
10,0,rain,Medium,local,1,0,Low
21,2,clear,Heavy,arterial,0,1,Moderate
1,2,clear,Medium,local,0,1,Low
15,4,clear,Medium,highway,0,1,Moderate
4,0,rain,Heavy,arterial,0,1,High
21,3,clear,Heavy,arterial,1,0,Moderate
20,4,clear,Medium,arterial,0,0,Low
5,6,cloudy,Medium,highway,1,1,Moderate
20,3,clear,Heavy,highway,0,0,Moderate
11,6,cloudy,Heavy,arterial,1,1,Low
23,4,cloudy,Low,arterial,1,1,High
17,5,clear,Heavy,arterial,0,1,Low
0,1,clear,Heavy,local,0,0,High
4,6,clear,Heavy,highway,1,0,High
9,1,clear,Medium,local,0,1,Low
5,0,cloudy,Low,highway,0,1,Moderate
3,0,clear,Low,highway,1,0,High
23,4,clear,Low,arterial,1,1,Moderate
20,4,cloudy,Medium,local,1,1,Moderate
10,1,cloudy,Heavy,arterial,0,1,Low
5,6,rain,Medium,arterial,0,1,Low
4,1,rain,Medium,arterial,0,1,Moderate
21,4,clear,Low,local,1,1,Moderate
7,3,clear,Heavy,arterial,1,1,Moderate
0,4,cloudy,Heavy,local,0,0,High
9,5,rain,Medium,highway,1,0,Moderate
10,6,clear,Low,local,0,1,Low
14,5,fog,Low,local,1,1,Moderate
8,6,cloudy,Medium,arterial,1,1,Moderate
22,6,clear,Heavy,local,0,1,High
15,2,rain,Heavy,arterial,0,1,Moderate
23,3,clear,Heavy,arterial,0,1,Moderate
8,1,fog,Heavy,arterial,1,0,Moderate
15,6,clear,Medium,local,1,0,Low
8,6,cloudy,Low,arterial,1,0,Low
16,6,cloudy,Medium,arterial,1,0,Low
17,5,clear,Low,local,1,0,Low
7,5,cloudy,Low,arterial,0,1,Low
22,5,clear,Low,highway,1,1,High
20,1,clear,Low,highway,1,0,Moderate
21,1,clear,Low,local,0,1,Low
5,3,rain,Heavy,arterial,1,1,High
17,2,rain,Medium,local,1,1,Low
2,5,clear,Medium,local,0,1,Low
2,5,rain,Low,highway,0,1,High
23,6,rain,Medium,local,0,0,High
3,5,clear,Heavy,arterial,1,1,High
20,0,fog,Low,arterial,1,1,Moderate
10,2,clear,Heavy,arterial,1,1,Low
7,2,rain,Heavy,highway,1,1,High
1,4,cloudy,Heavy,highway,1,0,High
16,2,fog,Medium,highway,0,1,High
17,6,clear,Low,arterial,1,1,Low
11,2,clear,Low,local,1,1,Low
19,3,rain,Heavy,arterial,0,1,High
7,5,cloudy,Heavy,arterial,0,0,Low
13,2,cloudy,Medium,arterial,0,0,Low
6,0,cloudy,Low,arterial,0,1,Moderate
13,2,cloudy,Low,local,1,1,Low
3,2,clear,Medium,arterial,0,0,Moderate
11,4,clear,Heavy,local,0,0,Low
13,4,clear,Low,arterial,0,0,Low
13,3,clear,Low,local,1,1,Low
10,2,rain,Medium,local,0,0,Low
15,3,clear,Low,arterial,1,0,Low
12,1,clear,Low,arterial,1,1,Low
6,1,clear,Low,highway,1,1,Low
5,4,rain,Medium,arterial,1,0,Moderate
15,6,clear,Low,arterial,1,1,Moderate
22,3,clear,Low,local,1,1,Moderate
18,0,rain,Medium,local,0,1,Low
15,6,clear,Heavy,arterial,0,1,Low
22,2,rain,Medium,highway,0,1,High
21,5,clear,Medium,arterial,1,1,Low
12,6,rain,Medium,arterial,1,0,Moderate
2,6,clear,Heavy,local,1,1,Moderate
15,0,clear,Low,local,0,0,Low
14,1,clear,Low,arterial,0,0,Low
6,4,cloudy,Heavy,local,0,1,Moderate
20,5,rain,Low,local,0,1,Low
20,5,clear,Low,arterial,1,1,Moderate
7,3,cloudy,Low,local,1,0,Low
11,1,clear,Heavy,highway,0,1,Low
4,4,rain,Heavy,local,0,1,High
4,4,fog,Low,highway,1,0,High
6,3,clear,Low,local,1,1,Low
8,4,clear,Low,arterial,1,0,Low
6,1,rain,Low,local,0,1,Moderate
3,5,rain,Low,arterial,1,1,High
10,0,cloudy,Low,arterial,1,0,Low
14,5,clear,Heavy,arterial,1,1,Low
7,5,rain,Heavy,arterial,0,1,Moderate
12,4,clear,Low,arterial,0,0,Low
6,5,fog,Low,local,1,1,High
16,6,rain,Medium,arterial,1,1,Moderate
15,1,rain,Low,highway,0,0,Moderate
23,3,rain,Low,arterial,1,1,High
1,4,fog,Low,local,1,1,High
20,6,clear,Medium,arterial,0,0,Low
8,5,rain,Low,arterial,0,0,Moderate
1,4,clear,Low,arterial,1,1,High
16,3,clear,Heavy,arterial,1,1,Moderate
4,1,clear,Low,arterial,0,1,Moderate
4,2,clear,Heavy,arterial,1,0,High
23,3,clear,Medium,highway,1,1,High
5,6,clear,Low,arterial,0,0,Low
13,6,clear,Low,arterial,1,1,Low
4,4,clear,Heavy,arterial,0,1,High
2,0,clear,Low,local,1,1,High
0,5,cloudy,Low,local,1,1,High
0,3,cloudy,Low,local,1,1,Moderate
11,4,cloudy,Heavy,arterial,1,1,Moderate
10,3,rain,Heavy,arterial,1,1,High
0,5,cloudy,Medium,highway,0,1,High
8,1,clear,Low,arterial,0,1,Moderate
6,1,clear,Low,local,1,1,Low
13,1,clear,Low,local,0,1,Low
23,6,clear,Low,arterial,1,1,High
16,0,rain,Heavy,arterial,0,0,Moderate
22,2,clear,Medium,highway,0,0,High
4,2,fog,Low,arterial,0,0,High
5,5,clear,Heavy,arterial,1,0,Moderate
18,2,cloudy,Low,local,0,1,Low
7,6,clear,Medium,highway,0,0,Low
20,6,rain,Low,highway,0,0,High
11,4,rain,Medium,local,1,0,Moderate
4,2,clear,Low,arterial,1,0,High
20,4,clear,Low,arterial,0,1,Low
13,4,cloudy,Heavy,local,0,1,Low
19,0,clear,Heavy,arterial,1,0,Moderate
10,5,clear,Medium,local,0,0,Low
3,3,fog,Heavy,local,0,1,High
16,5,cloudy,Low,local,1,0,Low
2,4,clear,Medium,local,1,1,Moderate
15,6,clear,Low,highway,0,1,Low
10,0,clear,Low,highway,1,1,Low
18,0,rain,Medium,local,1,1,Low
20,0,clear,Heavy,local,1,1,Moderate
9,6,clear,Heavy,arterial,1,0,Moderate
21,6,clear,Medium,arterial,0,0,Moderate
2,6,fog,Medium,highway,0,1,High
2,2,clear,Medium,arterial,0,1,Moderate
23,1,cloudy,Heavy,highway,1,1,High
13,2,clear,Low,highway,0,0,Moderate
10,5,rain,Medium,local,0,1,Moderate
3,1,clear,Heavy,arterial,0,1,Moderate
6,3,rain,Medium,local,1,0,Moderate
16,4,fog,Heavy,arterial,1,1,High
19,2,clear,Medium,local,1,0,Moderate
21,3,clear,Heavy,arterial,0,1,Low
9,4,fog,Heavy,arterial,0,0,Moderate
10,5,clear,Medium,arterial,0,1,Low
3,1,rain,Low,arterial,0,1,High
1,3,rain,Medium,local,0,1,Moderate
10,1,clear,Low,arterial,1,1,Low
13,0,clear,Low,local,0,1,Low
2,4,clear,Medium,arterial,1,1,High
9,3,cloudy,Medium,highway,0,1,Low
15,1,clear,Heavy,arterial,0,1,Low
19,0,cloudy,Low,local,1,0,Moderate
22,6,clear,Low,arterial,0,1,High
8,5,rain,Medium,arterial,1,0,Moderate
9,6,clear,Medium,arterial,0,0,Low
20,0,clear,Low,local,0,1,Low
16,0,clear,Low,arterial,0,0,Low
6,1,clear,Low,arterial,0,1,Moderate
16,0,clear,Heavy,arterial,0,1,Moderate
3,3,rain,Low,local,0,1,Moderate
10,4,clear,Medium,arterial,0,0,Low
7,1,clear,Heavy,arterial,0,0,Low
23,2,cloudy,Low,local,1,0,High
0,3,cloudy,Heavy,arterial,0,1,Moderate
20,2,clear,Heavy,arterial,0,1,Low
6,3,clear,Medium,highway,0,0,Low
0,4,clear,Heavy,arterial,0,1,High
15,6,clear,Low,local,0,0,Low
16,2,clear,Heavy,local,0,1,Low
3,0,clear,Low,local,1,1,Moderate
0,6,cloudy,Medium,arterial,0,1,High
2,4,rain,Low,local,0,1,Moderate
9,3,clear,Medium,local,0,1,Low
3,5,clear,Low,highway,0,0,High
16,6,rain,Low,arterial,0,0,Moderate
1,0,cloudy,Low,local,0,1,Low
18,6,cloudy,Low,local,1,1,Low
20,4,rain,Low,local,1,1,Moderate
17,4,cloudy,Medium,local,0,0,Low
22,6,cloudy,Medium,arterial,1,1,High
22,2,clear,Medium,arterial,1,0,High
1,5,fog,Medium,highway,0,0,High
8,3,cloudy,Low,arterial,1,1,Moderate
18,6,clear,Low,highway,0,1,Low
8,3,cloudy,Heavy,arterial,1,1,Low
17,5,clear,Medium,arterial,1,0,Moderate
18,3,clear,Medium,local,0,1,Low
23,2,clear,Low,highway,1,0,High
7,2,cloudy,Medium,local,1,0,Low
8,6,clear,Medium,highway,1,0,Low
0,5,cloudy,Medium,arterial,1,1,High
6,1,cloudy,Heavy,local,0,0,Low
6,6,clear,Medium,local,1,1,Low
10,4,clear,Heavy,arterial,1,1,Moderate
10,0,clear,Medium,highway,0,0,Moderate
20,5,cloudy,Heavy,highway,1,0,High
18,1,rain,Heavy,local,0,0,Low
17,6,clear,Low,highway,1,0,Low
0,3,cloudy,Low,highway,1,1,High
11,6,rain,Heavy,arterial,0,1,Moderate
17,3,cloudy,Medium,highway,1,0,Low
5,0,clear,Medium,local,0,1,Low
10,5,clear,Heavy,arterial,1,0,Low
17,5,rain,Low,local,0,0,Low
19,2,clear,Heavy,arterial,0,1,Moderate
20,1,clear,Medium,local,0,0,Low
10,6,clear,Heavy,local,1,1,Moderate
9,5,clear,Medium,arterial,0,1,Low
9,2,cloudy,Low,highway,1,1,Low
16,4,fog,Heavy,highway,1,1,High
10,1,fog,Medium,local,0,0,Low
9,1,cloudy,Heavy,arterial,1,0,Low
4,4,rain,Low,highway,1,1,Moderate
11,5,rain,Medium,arterial,1,1,Moderate
5,6,fog,Heavy,local,1,0,Moderate
12,3,rain,Medium,local,1,1,Low
21,1,rain,Heavy,highway,0,1,High
18,3,clear,Heavy,arterial,1,0,Low
11,4,clear,Low,local,1,1,Moderate
23,6,clear,Heavy,local,0,0,High
23,0,cloudy,Heavy,local,0,1,High
10,4,fog,Heavy,local,1,1,Moderate
18,3,fog,Heavy,local,1,1,Moderate
8,4,rain,Medium,arterial,1,1,Moderate
21,0,rain,Heavy,arterial,1,1,High
8,0,clear,Medium,local,0,1,Low
6,4,clear,Low,local,1,1,Low
3,1,cloudy,Heavy,highway,0,0,High
20,4,clear,Low,arterial,1,1,Moderate
7,0,rain,Medium,arterial,1,0,Moderate
19,5,cloudy,Low,local,1,1,Moderate
2,2,clear,Low,arterial,1,1,Moderate
12,3,cloudy,Heavy,arterial,1,1,Moderate
10,2,cloudy,Medium,highway,1,1,Low
10,2,rain,Medium,local,1,0,Moderate
4,3,rain,Medium,arterial,1,0,High
1,4,clear,Medium,arterial,0,0,Moderate
8,4,rain,Low,arterial,1,1,Moderate
11,6,clear,Medium,highway,1,1,Moderate
19,1,clear,Low,highway,1,0,Moderate
11,6,clear,Heavy,arterial,1,1,Moderate
5,4,rain,Low,local,1,0,Moderate
6,2,rain,Heavy,local,1,1,High
14,6,clear,Low,highway,0,0,Low
10,4,cloudy,Low,local,1,1,Low
21,1,rain,Heavy,local,0,1,Moderate
10,1,fog,Medium,highway,0,1,Moderate
13,4,clear,Low,highway,0,1,Low
1,5,clear,Medium,local,0,1,High
4,0,clear,Low,arterial,0,1,High
20,4,rain,Low,arterial,0,1,Low
8,3,clear,Low,arterial,0,1,Low
10,6,clear,Low,local,0,1,Low
14,5,fog,Low,highway,1,1,High
1,6,clear,Medium,arterial,1,1,High
12,0,cloudy,Heavy,arterial,1,1,Moderate
8,5,fog,Medium,arterial,0,0,Moderate
3,2,clear,Medium,local,1,0,High
10,3,clear,Low,arterial,0,1,Low
10,6,clear,Heavy,local,1,1,Low
4,6,cloudy,Low,arterial,0,1,High
13,1,clear,Low,arterial,1,1,Low
17,1,clear,Heavy,highway,0,1,Low
6,5,clear,Medium,local,1,0,Moderate
23,6,clear,Low,arterial,1,1,High
14,4,rain,Heavy,local,0,0,Low
18,0,clear,Low,arterial,0,1,Low
1,1,rain,Low,highway,0,1,High
18,5,fog,Medium,arterial,1,0,Moderate
8,5,cloudy,Heavy,local,0,1,Moderate
17,6,cloudy,Heavy,highway,1,1,High
19,3,clear,Medium,arterial,0,1,Low
6,2,clear,Low,arterial,1,1,Moderate
6,0,clear,Medium,arterial,0,1,Low
1,5,clear,Heavy,highway,0,0,High
14,6,fog,Medium,highway,1,0,Moderate
18,0,clear,Low,highway,1,1,Moderate
9,3,clear,Heavy,arterial,1,1,Low
3,2,rain,Heavy,local,0,1,High
7,5,fog,Low,arterial,1,0,Moderate
9,5,rain,Medium,arterial,1,0,Moderate
21,1,clear,Heavy,highway,1,1,Moderate
2,6,cloudy,Low,local,0,1,Moderate
8,0,clear,Heavy,local,1,1,Low
15,5,cloudy,Low,local,1,1,Low
5,5,cloudy,Medium,arterial,1,1,Moderate
21,1,rain,Heavy,local,0,0,Moderate
21,4,clear,Heavy,arterial,1,0,High
9,1,fog,Low,arterial,0,1,Moderate
17,1,clear,Heavy,highway,1,1,Low
18,0,clear,Medium,highway,0,1,Low
16,5,rain,Heavy,arterial,0,1,Low
4,5,clear,Medium,arterial,0,1,Moderate
1,3,clear,Heavy,highway,0,1,Moderate
8,5,clear,Heavy,arterial,0,1,Low
3,2,clear,Heavy,local,0,0,High
7,3,clear,Medium,arterial,1,0,Low
15,5,rain,Medium,local,0,0,Low
14,3,clear,Low,local,0,0,Low
5,4,fog,Low,highway,0,1,High
0,1,rain,Heavy,local,0,1,Moderate
5,3,rain,Medium,highway,1,1,High
10,5,rain,Medium,local,0,1,Low
18,5,cloudy,Low,arterial,1,1,Low
8,2,clear,Heavy,arterial,0,1,Low
6,3,rain,Medium,local,0,1,Moderate
13,4,clear,Heavy,local,0,0,Low
1,6,clear,Low,highway,1,1,High
5,5,cloudy,Low,arterial,0,1,Low
0,5,clear,Low,arterial,0,1,Moderate
12,5,cloudy,Low,arterial,0,0,Low
10,2,fog,Medium,highway,0,1,Moderate
13,2,cloudy,Heavy,local,1,1,Low
14,3,clear,Medium,arterial,0,1,Low
9,2,clear,Heavy,local,1,0,Low
20,6,clear,Heavy,local,1,1,Moderate
22,6,clear,Heavy,local,1,1,High
2,6,cloudy,Medium,arterial,1,1,Moderate
22,4,rain,Medium,local,1,1,High
4,1,cloudy,Medium,arterial,0,1,Moderate
5,1,cloudy,Low,arterial,1,0,Moderate
12,1,clear,Low,arterial,0,1,Low
0,4,clear,Low,arterial,0,1,Moderate
8,2,cloudy,Medium,arterial,0,1,Low
4,4,clear,Low,local,1,1,High
11,6,clear,Medium,highway,1,1,Low
19,2,cloudy,Heavy,local,0,1,Moderate
22,6,clear,Medium,arterial,1,1,High
5,3,clear,Low,local,0,1,Moderate
13,5,clear,Medium,local,0,0,Low
11,0,clear,Medium,local,0,0,Low
9,1,cloudy,Low,arterial,1,1,Low
15,6,clear,Medium,local,0,1,Low
23,6,rain,Low,arterial,1,1,High
9,3,clear,Medium,arterial,1,1,Low
1,0,clear,Medium,arterial,1,1,Moderate
21,0,clear,Medium,highway,0,1,Low
22,2,fog,Heavy,local,1,1,High
7,6,clear,Low,highway,0,1,Low
12,2,rain,Medium,arterial,1,0,Low
20,6,rain,Low,arterial,1,1,High
12,3,clear,Heavy,highway,0,1,High
11,0,clear,Low,local,0,1,Low
22,3,cloudy,Medium,arterial,0,1,High
19,2,rain,Medium,local,1,1,High
12,1,clear,Heavy,highway,1,1,Moderate
3,4,fog,Medium,arterial,1,1,High
10,1,cloudy,Medium,arterial,1,1,Low
16,6,rain,Medium,arterial,0,0,Moderate
6,5,clear,Heavy,highway,1,1,Moderate
12,5,clear,Low,local,0,0,Low
15,0,clear,Low,highway,0,0,Low
2,6,rain,Low,arterial,0,1,High
13,3,clear,Medium,arterial,0,0,Low
17,5,cloudy,Medium,highway,0,0,Low
5,1,clear,Heavy,arterial,0,0,Low
13,5,clear,Medium,highway,0,1,Low
17,2,clear,Low,local,1,1,Low
1,4,rain,Medium,arterial,0,1,Moderate
15,1,clear,Medium,arterial,0,1,Low
6,6,rain,Medium,arterial,0,0,High
9,4,rain,Medium,local,1,1,Low
15,3,fog,Medium,arterial,1,0,High
0,3,cloudy,Heavy,arterial,0,0,High
0,0,cloudy,Low,arterial,1,0,High
10,2,cloudy,Heavy,highway,0,1,Low
22,5,clear,Heavy,arterial,0,1,High
0,5,clear,Low,arterial,1,1,High
18,6,rain,Heavy,highway,0,1,Moderate
1,0,clear,Low,arterial,0,1,Moderate
11,1,clear,Medium,arterial,1,0,Low
10,5,cloudy,Low,highway,1,1,Moderate
11,2,rain,Low,arterial,0,1,Low
1,1,clear,Medium,arterial,1,1,Moderate
18,1,rain,Medium,local,1,1,Moderate
6,6,clear,Low,arterial,0,1,Low
18,6,clear,Medium,highway,1,1,Low
15,0,fog,Medium,local,0,1,Moderate
13,5,clear,Low,arterial,0,1,Low
7,3,cloudy,Heavy,local,1,1,Moderate
15,5,fog,Heavy,arterial,0,0,Moderate
23,4,clear,Low,highway,1,1,High
22,4,clear,Heavy,arterial,1,1,High
21,4,fog,Heavy,highway,0,1,High
5,5,cloudy,Medium,arterial,0,1,Low
14,5,fog,Heavy,arterial,0,0,High
9,3,rain,Heavy,arterial,0,1,Low
23,0,cloudy,Heavy,arterial,0,1,High
22,0,clear,Low,highway,1,0,High
20,2,clear,Heavy,arterial,0,1,Low
3,3,clear,Low,arterial,1,1,Moderate
7,6,clear,Heavy,arterial,0,0,Low
17,0,rain,Low,local,0,1,Moderate
17,6,fog,Heavy,highway,1,1,High
8,0,fog,Heavy,arterial,0,0,Moderate
3,3,fog,Medium,highway,1,1,High
3,2,clear,Medium,local,1,1,High
16,3,clear,Low,local,1,1,Low
10,0,clear,Low,arterial,1,1,Low
11,5,cloudy,Heavy,arterial,0,1,Low
19,0,fog,Heavy,local,0,1,High
0,5,rain,Heavy,highway,0,1,High
18,3,rain,Heavy,arterial,0,1,Moderate
6,6,clear,Medium,arterial,1,1,Low
22,6,clear,Medium,highway,1,1,High
22,5,clear,Low,highway,1,1,High
12,3,cloudy,Low,highway,1,1,Low
7,2,clear,Heavy,arterial,1,1,Low
5,4,rain,Heavy,local,1,1,High
4,4,clear,Low,local,0,1,Moderate
23,5,cloudy,Medium,highway,0,1,High
4,3,rain,Medium,local,1,0,High
10,3,clear,Medium,arterial,1,1,Low
11,0,cloudy,Medium,highway,1,1,Moderate
16,1,rain,Low,arterial,1,0,Low
20,5,fog,Medium,arterial,1,0,High
13,6,clear,Heavy,arterial,0,1,Moderate
18,4,cloudy,Low,arterial,1,1,Low
13,2,clear,Medium,arterial,1,1,Low
10,0,clear,Medium,arterial,1,0,Low
3,0,clear,Heavy,arterial,1,1,Moderate
5,4,cloudy,Heavy,highway,1,1,Moderate
10,4,clear,Medium,arterial,1,1,Moderate
1,1,cloudy,Medium,local,0,1,Moderate
7,1,clear,Heavy,arterial,0,1,Low
11,0,clear,Low,arterial,1,1,Low
11,4,rain,Medium,arterial,0,1,Moderate
19,4,clear,Medium,arterial,0,1,Moderate
23,2,clear,Low,local,1,0,High
17,5,clear,Heavy,highway,0,1,Low
1,5,clear,Low,highway,1,1,High
9,3,clear,Heavy,highway,0,1,Moderate
17,1,rain,Heavy,local,0,1,Moderate
14,0,cloudy,Medium,highway,1,1,Low
10,5,clear,Low,local,1,1,Low
10,4,clear,Medium,highway,0,1,Low
9,2,rain,Heavy,arterial,1,1,Moderate
13,0,clear,Medium,arterial,1,0,Low
4,5,clear,Low,local,0,1,Moderate
12,6,clear,Heavy,highway,1,1,Moderate
4,3,rain,Medium,arterial,1,1,High
16,1,cloudy,Medium,local,0,1,Low
20,4,clear,Medium,local,1,0,Moderate
12,6,clear,Low,local,1,1,Low
9,4,rain,Low,local,1,1,Moderate
22,0,clear,Medium,arterial,1,1,Moderate
15,1,clear,Heavy,highway,1,1,Moderate
10,0,rain,Heavy,arterial,1,0,High
0,2,clear,Medium,highway,0,1,Moderate
0,3,clear,Medium,local,1,1,Moderate
5,3,cloudy,Heavy,arterial,0,1,Moderate
5,5,cloudy,Medium,arterial,1,0,Moderate
17,0,clear,Heavy,local,0,0,Low
12,6,clear,Medium,arterial,0,0,Low
23,1,clear,Low,arterial,1,0,High
12,3,clear,Medium,arterial,1,1,Low
21,1,clear,Low,local,0,0,Low
13,2,clear,Medium,arterial,0,1,Low
8,5,clear,Heavy,arterial,0,1,Low
17,0,clear,Heavy,highway,1,0,Low
10,3,clear,Low,arterial,0,1,Low
6,4,cloudy,Heavy,local,1,1,Moderate
11,3,cloudy,Low,arterial,0,1,Low
15,2,fog,Medium,local,0,1,Moderate
9,2,cloudy,Low,arterial,0,1,Low
16,6,cloudy,Medium,highway,0,0,Low
23,1,clear,Heavy,highway,0,1,High
9,3,rain,Low,highway,0,1,High
7,2,clear,Medium,arterial,0,0,Low
9,5,rain,Medium,local,1,0,Moderate
20,5,fog,Heavy,arterial,0,1,Moderate
4,5,clear,Heavy,arterial,0,1,Moderate
23,0,rain,Medium,local,0,0,High
9,0,cloudy,Low,arterial,0,1,Low
20,2,cloudy,Medium,local,1,1,Moderate
18,3,clear,Medium,arterial,0,1,Low
18,0,clear,Heavy,arterial,1,0,Moderate
21,6,rain,Heavy,arterial,0,1,Moderate
4,6,clear,Heavy,highway,1,1,High
14,2,clear,Medium,arterial,1,1,Low
2,5,clear,Medium,local,0,1,Moderate
7,3,clear,Heavy,highway,0,1,Moderate
0,4,cloudy,Medium,arterial,1,1,High
16,6,rain,Medium,arterial,0,1,Low
14,0,rain,Medium,arterial,0,1,Low
17,1,cloudy,Low,arterial,1,1,Moderate
4,2,cloudy,Heavy,local,1,1,High
7,6,fog,Low,local,0,1,Moderate
16,4,clear,Heavy,arterial,1,1,Low
19,2,cloudy,Medium,arterial,0,1,Moderate
21,0,rain,Low,arterial,1,1,Moderate
1,4,rain,Heavy,local,0,1,High
9,1,rain,Heavy,highway,0,1,Moderate
0,2,clear,Low,arterial,1,1,High
19,6,clear,Low,highway,1,1,Moderate
2,3,cloudy,Medium,highway,1,1,Moderate
19,0,cloudy,Medium,highway,1,1,Moderate
3,0,clear,Low,highway,0,1,High
0,2,clear,Medium,highway,0,1,High
21,0,clear,Medium,arterial,1,1,Moderate
10,3,clear,Heavy,highway,0,1,Low
10,2,clear,Heavy,local,0,0,Low
15,6,clear,Low,highway,1,1,Moderate
6,2,clear,Heavy,local,1,1,Low
16,1,clear,Medium,local,0,1,Low
10,4,rain,Medium,local,0,1,Low
6,4,clear,Low,highway,0,1,Moderate
9,0,rain,Heavy,local,0,1,Low
0,0,clear,Heavy,highway,0,1,High
7,1,clear,Low,highway,1,1,Moderate
14,5,clear,Low,highway,0,1,Low
3,1,clear,Medium,arterial,0,1,Moderate
2,6,clear,Heavy,highway,0,1,High
15,3,clear,Medium,local,0,1,Low
10,6,clear,Low,arterial,0,0,Low
3,1,rain,Heavy,local,0,1,High
17,2,clear,Medium,arterial,0,1,Low
18,0,clear,Medium,highway,0,1,Low
0,5,rain,Low,arterial,0,1,High
4,4,clear,Low,highway,1,1,High
8,0,clear,Medium,local,1,0,Low
17,5,cloudy,Heavy,local,1,1,Low
1,6,cloudy,Heavy,arterial,0,1,High
19,4,cloudy,Heavy,arterial,0,0,Moderate
7,5,fog,Medium,local,0,1,Moderate
3,1,clear,Medium,local,0,0,Moderate
20,3,clear,Medium,arterial,0,1,Moderate
2,5,rain,Medium,local,1,1,Moderate
3,4,cloudy,Low,arterial,0,1,Moderate
22,4,fog,Heavy,highway,0,0,High
12,5,rain,Low,arterial,0,1,Moderate
11,4,clear,Heavy,local,1,1,Moderate
16,0,cloudy,Heavy,local,0,1,Low
15,1,clear,Low,local,0,1,Low
14,5,clear,Low,local,1,1,Low
0,1,clear,Heavy,local,1,1,Moderate
13,4,clear,Medium,arterial,0,1,Low
6,3,cloudy,Medium,highway,1,1,Moderate
19,4,cloudy,Low,arterial,1,0,Moderate
12,1,fog,Heavy,highway,1,1,Moderate
2,2,clear,Medium,arterial,0,0,Moderate
21,4,clear,Medium,arterial,0,1,Moderate
6,1,clear,Heavy,arterial,1,1,Low
6,2,clear,Heavy,local,0,1,Moderate
22,6,clear,Medium,arterial,0,1,Moderate
18,1,clear,Heavy,arterial,1,1,Low
20,4,cloudy,Heavy,arterial,0,1,Moderate
15,1,clear,Heavy,arterial,0,1,Moderate
21,4,cloudy,Heavy,arterial,1,1,Moderate
2,0,clear,Low,highway,0,1,High
14,4,clear,Heavy,local,0,1,Low
7,3,rain,Heavy,highway,0,1,Moderate
9,4,clear,Medium,local,1,0,Low
5,0,clear,Medium,arterial,0,0,Low
4,3,fog,Medium,local,0,0,High
10,3,clear,Medium,local,0,0,Low
22,1,clear,Low,arterial,1,1,High
15,2,clear,Medium,arterial,0,0,Low
8,4,cloudy,Medium,arterial,0,1,Low
10,3,cloudy,Medium,highway,0,1,Low
12,4,cloudy,Heavy,highway,1,1,Moderate
5,6,fog,Low,local,0,1,Moderate
12,2,clear,Heavy,arterial,0,1,Low
16,6,clear,Medium,local,1,1,Low
5,6,fog,Heavy,arterial,0,1,Moderate
14,4,clear,Low,arterial,1,0,Low
17,1,fog,Low,arterial,1,0,Moderate
12,2,fog,Medium,local,1,1,Moderate
7,0,fog,Medium,arterial,1,1,Moderate
13,4,clear,Heavy,highway,1,1,Moderate
19,1,cloudy,Medium,highway,0,1,Moderate
5,6,rain,Medium,highway,1,1,Moderate
13,4,clear,Heavy,arterial,0,0,Low
16,3,cloudy,Low,arterial,0,1,Low
7,1,clear,Low,highway,1,1,Moderate
9,0,clear,Heavy,local,1,0,Low
21,4,rain,Medium,arterial,1,1,Moderate
8,5,fog,Medium,arterial,0,0,Moderate
14,1,clear,Medium,local,0,0,Low
3,0,clear,Low,arterial,0,0,High
22,2,cloudy,Medium,highway,0,1,High
14,5,clear,Low,arterial,0,1,Low
18,4,cloudy,Low,highway,1,1,Moderate
14,0,cloudy,Low,highway,0,1,Low
8,0,clear,Low,local,0,1,Low
8,0,rain,Heavy,highway,0,1,Moderate
16,5,clear,Heavy,arterial,0,0,Low
20,5,clear,Low,highway,1,1,Moderate
3,2,rain,Medium,highway,0,1,High
20,4,clear,Medium,arterial,0,1,Low
19,0,clear,Low,local,0,0,Low
2,3,cloudy,Low,highway,0,1,High
2,1,clear,Medium,local,0,0,Moderate
16,5,clear,Low,highway,0,1,Low
20,3,rain,Heavy,local,1,0,High
9,5,clear,Heavy,local,0,1,Low
15,3,clear,Heavy,arterial,0,1,Low
23,3,clear,Heavy,arterial,1,1,High
7,6,cloudy,Low,arterial,0,1,Low
5,6,clear,Medium,highway,0,0,Moderate
23,3,rain,Low,highway,1,1,High
6,2,clear,Medium,highway,0,1,Moderate
11,4,rain,Medium,arterial,1,1,Moderate
10,1,rain,Low,highway,1,1,Moderate
12,2,rain,Heavy,arterial,0,0,Moderate
6,5,cloudy,Low,highway,0,0,Moderate
16,6,clear,Low,local,1,0,Low
16,2,clear,Heavy,highway,0,1,Low
4,2,clear,Low,highway,0,1,High
11,6,clear,Low,arterial,1,1,Low
1,1,clear,Low,local,0,0,High
5,0,cloudy,Medium,highway,0,1,Moderate
23,0,clear,Heavy,local,1,0,High
12,0,fog,Heavy,arterial,1,1,Moderate
14,6,cloudy,Heavy,arterial,0,0,Low
21,0,clear,Medium,highway,1,1,Moderate
17,2,clear,Heavy,local,1,0,Moderate
19,4,cloudy,Heavy,highway,1,1,High
17,4,clear,Heavy,arterial,0,1,Low
11,5,clear,Low,local,0,1,Low
15,6,clear,Medium,arterial,0,0,Low
6,2,cloudy,Low,arterial,1,1,Low
21,1,clear,Medium,arterial,1,1,Low
4,0,clear,Heavy,arterial,0,1,High
21,6,clear,Heavy,local,1,1,Moderate
21,2,clear,Heavy,local,0,1,Moderate
3,6,clear,Low,highway,0,1,High
17,2,rain,Medium,local,1,1,Moderate
23,5,cloudy,Heavy,local,0,1,High
13,4,clear,Low,arterial,0,0,Low
8,4,fog,Low,arterial,1,1,High
21,4,cloudy,Medium,arterial,1,1,Moderate
12,2,clear,Heavy,local,1,1,Moderate
2,0,rain,Medium,arterial,1,1,High
5,0,rain,Low,local,0,1,Low
16,2,clear,Medium,local,0,1,Low
10,6,clear,Heavy,local,1,0,Moderate
5,4,rain,Medium,local,1,0,High
19,4,clear,Low,highway,0,0,Low
2,1,clear,Low,arterial,0,1,Moderate
5,3,rain,Medium,arterial,1,1,Moderate
11,2,rain,Medium,local,0,1,Moderate
0,0,cloudy,Low,arterial,0,1,Moderate
9,4,clear,Heavy,local,1,1,Moderate
21,2,clear,Heavy,arterial,0,1,Moderate
22,2,rain,Low,arterial,1,1,High
20,4,cloudy,Medium,local,1,1,Low
7,0,rain,Medium,local,0,1,Moderate
1,6,clear,Medium,highway,0,1,High
19,1,fog,Medium,arterial,0,1,Moderate
8,4,clear,Medium,local,0,1,Low
17,5,clear,Medium,local,0,1,Low
2,1,rain,Low,highway,1,1,High
16,1,clear,Heavy,highway,0,1,Low
14,2,cloudy,Medium,local,1,1,Low
22,5,cloudy,Low,local,1,1,High
2,4,rain,Medium,local,0,1,High
9,3,clear,Low,arterial,1,0,Moderate
23,5,clear,Medium,local,1,1,Moderate
9,3,cloudy,Low,local,0,0,Low
15,6,rain,Medium,arterial,1,0,High
3,5,rain,Medium,arterial,1,0,High
17,1,clear,Medium,highway,0,1,Low
6,2,cloudy,Medium,highway,0,1,Low
13,0,clear,Heavy,highway,0,1,Low
21,1,clear,Heavy,highway,0,1,Moderate
15,0,clear,Medium,highway,0,1,Low
11,0,clear,Medium,local,1,1,Low
4,0,clear,Heavy,highway,1,1,High
8,4,clear,Medium,local,0,1,Low
20,2,clear,Medium,local,1,0,Moderate
5,3,rain,Heavy,arterial,0,1,Moderate
15,5,clear,Low,local,1,0,Low
11,5,rain,Low,arterial,0,1,Moderate
7,3,rain,Heavy,local,0,1,Moderate
17,3,clear,Medium,local,0,1,Low
8,4,cloudy,Medium,highway,1,0,Moderate
6,2,clear,Low,local,0,1,Low
12,3,clear,Heavy,arterial,0,0,Low
18,2,cloudy,Heavy,local,1,0,Low
20,1,cloudy,Medium,local,0,0,Low
15,1,clear,Low,local,1,1,Low
15,4,rain,Medium,arterial,0,1,Moderate
18,5,cloudy,Low,local,0,1,Low
6,2,clear,Medium,local,0,1,Low
6,0,clear,Heavy,local,1,1,Low
11,4,rain,Heavy,highway,1,0,High
15,6,fog,Heavy,local,0,0,Low
15,3,cloudy,Medium,local,0,1,Low
3,0,rain,Low,arterial,0,1,High
18,0,clear,Heavy,local,0,0,Low
8,3,clear,Heavy,arterial,1,1,Low
21,6,rain,Medium,arterial,1,1,High
17,0,cloudy,Low,local,0,1,Low
23,5,clear,Heavy,arterial,1,0,High
15,5,cloudy,Low,local,1,0,Low
12,0,clear,Heavy,local,0,0,Low
4,1,clear,Medium,local,0,0,High
9,0,cloudy,Low,arterial,1,0,Low
20,3,clear,Low,arterial,1,0,Moderate
9,1,clear,Low,local,0,0,Low
1,6,clear,Heavy,highway,0,1,High
5,0,clear,Low,arterial,1,1,Moderate
14,4,rain,Medium,local,0,1,Moderate
15,5,clear,Medium,local,0,1,Low
23,1,clear,Medium,arterial,1,1,Moderate
22,1,rain,Medium,local,0,1,High
12,5,rain,Low,arterial,0,1,Moderate
13,0,cloudy,Low,arterial,0,0,Low
19,3,fog,Low,local,0,1,High
1,1,cloudy,Heavy,highway,1,0,High
14,0,cloudy,Medium,local,0,1,Low
11,3,clear,Low,highway,1,0,Low
18,3,clear,Medium,local,0,1,Low
19,2,clear,Low,highway,1,0,High
15,5,rain,Heavy,local,0,1,Low
15,0,cloudy,Low,arterial,0,1,Low
16,3,rain,Heavy,arterial,1,1,Moderate
13,1,cloudy,Medium,arterial,0,0,Low
5,5,cloudy,Medium,arterial,0,1,Low
6,3,clear,Low,local,0,0,Low
17,4,clear,Low,local,0,0,Low
14,0,cloudy,Low,arterial,1,1,Low
5,3,clear,Heavy,local,1,1,Moderate
21,0,rain,Heavy,arterial,1,1,High
23,2,clear,Low,arterial,1,0,High
15,6,clear,Heavy,local,0,0,Low
5,5,cloudy,Medium,arterial,0,1,Moderate
22,0,clear,Heavy,highway,1,0,High
5,2,cloudy,Heavy,local,0,1,Low
10,6,clear,Heavy,arterial,0,1,Moderate
20,1,clear,Medium,highway,0,1,Moderate
12,5,cloudy,Medium,highway,1,0,Moderate
5,2,clear,Medium,highway,0,0,Low
1,3,cloudy,Low,local,1,0,High
8,6,clear,Medium,arterial,0,1,Low
16,4,cloudy,Heavy,highway,0,1,Low
17,1,clear,Low,local,0,1,Low
5,0,clear,Medium,local,1,1,Low
3,1,cloudy,Low,arterial,1,1,Moderate
16,2,cloudy,Medium,local,1,1,Low
3,0,rain,Low,local,0,1,High
1,6,rain,Heavy,arterial,0,0,High
11,0,cloudy,Heavy,local,0,1,Low
13,3,clear,Low,highway,1,1,Low
5,6,rain,Low,arterial,0,1,Moderate
5,2,clear,Low,arterial,1,1,Low
5,3,rain,Low,highway,1,1,Moderate
8,0,cloudy,Medium,arterial,0,1,Low
0,5,clear,Low,arterial,1,1,High
0,6,rain,Medium,highway,0,1,High
8,5,rain,Low,local,1,1,Moderate
0,1,clear,Low,highway,0,1,High
7,2,cloudy,Heavy,local,1,1,Low
13,5,clear,Heavy,local,1,0,Low
0,5,cloudy,Low,highway,1,0,High
14,2,rain,Medium,arterial,1,0,Moderate
14,6,clear,Low,arterial,1,1,Low
13,1,clear,Heavy,highway,1,0,Moderate
15,5,clear,Heavy,local,0,1,Low
19,3,rain,Medium,arterial,0,1,Moderate
1,4,clear,Medium,highway,1,1,Moderate
4,4,cloudy,Heavy,local,0,1,High
7,3,rain,Low,arterial,1,1,Moderate
16,5,rain,Heavy,arterial,1,0,Moderate
20,5,clear,Low,arterial,0,1,Moderate
22,5,clear,Low,arterial,0,1,High
13,0,fog,Medium,local,0,1,Low
9,2,clear,Low,arterial,0,1,Low
9,5,clear,Low,local,1,0,Low
1,6,clear,Low,local,0,1,Moderate
11,2,rain,Heavy,local,0,1,Moderate
12,5,rain,Low,arterial,0,1,Low
4,3,clear,Medium,arterial,0,1,Moderate
18,1,clear,Low,local,0,1,Low
19,6,cloudy,Heavy,local,0,1,Moderate
7,3,clear,Low,local,1,1,Low
21,4,rain,Medium,arterial,1,0,Moderate
2,2,clear,Medium,arterial,0,1,Moderate
21,0,clear,Medium,highway,1,1,High
18,3,clear,Heavy,highway,0,1,Moderate
5,5,clear,Low,arterial,1,0,Moderate
15,2,clear,Low,arterial,0,0,Low
7,6,cloudy,Medium,highway,0,1,Low
19,5,clear,Medium,highway,0,0,Low
3,4,cloudy,Heavy,local,1,1,High
5,5,clear,Low,local,1,1,Low
7,6,clear,Heavy,arterial,1,0,Moderate
4,5,clear,Low,local,1,1,Moderate
7,5,cloudy,Low,local,0,1,Low
14,4,clear,Heavy,highway,1,1,Moderate
15,6,rain,Heavy,local,1,0,Moderate
13,0,clear,Low,highway,0,1,Low
4,2,clear,Heavy,highway,0,0,High
4,6,clear,Low,arterial,1,1,High
22,3,cloudy,Heavy,local,1,1,Moderate
6,0,clear,Low,arterial,0,1,Low
2,5,clear,Low,highway,1,1,High
10,4,clear,Heavy,arterial,1,1,Moderate
0,6,clear,Low,local,1,0,High
8,0,clear,Medium,local,0,0,Low
20,1,cloudy,Heavy,arterial,0,1,Moderate
6,3,cloudy,Low,local,0,0,Moderate
16,1,clear,Heavy,arterial,1,1,Moderate
11,3,clear,Medium,local,0,1,Low
8,2,clear,Low,highway,0,0,Moderate
15,1,fog,Low,local,1,1,Moderate
14,5,rain,Low,arterial,1,1,Low
7,0,clear,Medium,arterial,0,0,Low
5,6,fog,Medium,local,0,1,High
22,1,clear,Heavy,local,0,1,Moderate
4,4,clear,Medium,arterial,0,1,Moderate
23,6,fog,Medium,local,0,1,Moderate
11,0,cloudy,Heavy,arterial,0,0,Low
23,6,clear,Medium,highway,1,1,Moderate
8,2,cloudy,Heavy,arterial,0,1,Low
13,5,fog,Medium,arterial,0,0,Low
14,5,clear,Heavy,highway,0,1,Low
8,1,clear,Heavy,highway,1,1,Moderate
5,2,clear,Medium,highway,1,1,Moderate
12,6,fog,Medium,arterial,0,1,Low
15,0,clear,Low,highway,1,0,Low
6,0,clear,Medium,highway,1,1,Moderate
18,2,clear,Medium,arterial,1,1,Low
15,4,clear,Medium,local,0,1,Low
3,5,cloudy,Low,arterial,0,1,High
22,3,clear,Heavy,arterial,0,0,Moderate
1,3,rain,Low,arterial,1,1,Moderate
15,6,cloudy,Heavy,arterial,0,1,Low
10,1,clear,Heavy,local,0,1,Moderate
15,6,rain,Low,local,1,1,Low
18,2,clear,Medium,arterial,1,0,Low
16,1,cloudy,Medium,highway,1,1,Low
15,6,cloudy,Heavy,highway,1,0,High
20,4,clear,Heavy,local,0,0,Moderate
16,3,clear,Medium,arterial,0,1,Low
19,2,clear,Heavy,highway,0,1,High
9,3,clear,Low,arterial,0,0,Low
4,5,cloudy,Low,arterial,1,1,High
5,1,clear,Medium,arterial,1,0,Moderate
14,1,clear,Heavy,highway,1,1,Low
12,2,fog,Low,arterial,0,1,Moderate
1,3,clear,Heavy,arterial,1,0,High
4,5,fog,Low,arterial,0,0,High
23,1,cloudy,Low,local,0,1,Moderate
17,5,cloudy,Heavy,arterial,1,1,Low
18,6,clear,Medium,arterial,0,1,Low
4,3,rain,Medium,arterial,0,0,High
1,6,rain,Heavy,local,0,1,High
6,6,cloudy,Medium,local,1,0,Low
20,5,cloudy,Low,highway,1,1,Moderate
12,2,clear,Medium,local,1,1,Low
18,2,clear,Heavy,highway,0,1,Moderate
11,6,fog,Low,highway,0,1,Moderate
11,3,clear,Low,local,1,0,Low
14,0,clear,Heavy,arterial,0,1,Low
23,5,clear,Medium,local,0,1,Moderate
10,2,rain,Low,local,1,1,Moderate
14,6,cloudy,Medium,local,0,1,Low
22,5,cloudy,Heavy,highway,0,1,High
8,0,clear,Low,arterial,0,0,Low
20,6,clear,Low,local,1,0,Low
12,6,clear,Medium,highway,0,0,Moderate
21,5,fog,Medium,arterial,1,1,High
11,1,clear,Low,highway,1,1,Low
15,4,fog,Medium,highway,0,0,Moderate
7,6,clear,Medium,arterial,1,1,Low
15,5,rain,Medium,arterial,0,1,Moderate
7,3,cloudy,Medium,local,0,1,Low
14,4,rain,Low,arterial,1,1,Moderate
18,2,cloudy,Low,local,1,1,Moderate
10,1,rain,Heavy,local,1,1,Moderate
10,4,cloudy,Medium,local,0,1,Low
7,3,clear,Medium,arterial,1,1,Low
17,1,fog,Medium,local,1,1,Low
14,4,cloudy,Low,highway,0,1,Moderate
12,2,clear,Heavy,local,0,0,Low
0,4,clear,Heavy,local,1,0,High
2,2,clear,Low,local,0,1,Moderate
0,6,rain,Low,arterial,1,1,High
20,5,rain,Low,highway,0,1,High
20,3,clear,Low,local,1,1,Moderate
1,4,cloudy,Medium,arterial,0,1,Moderate
1,1,clear,Low,arterial,0,1,Moderate
18,6,clear,Medium,arterial,1,1,Low
12,1,rain,Medium,highway,0,1,Moderate
7,6,clear,Low,arterial,0,1,Low
14,5,clear,Low,arterial,1,0,Low
5,1,clear,Low,local,0,1,Low
4,0,clear,Medium,local,0,1,Moderate
8,5,clear,Medium,local,0,1,Low
21,6,clear,Medium,highway,0,1,Moderate
18,5,clear,Low,local,0,1,Low
4,0,rain,Heavy,local,0,1,High
13,4,clear,Medium,arterial,1,1,Low
21,2,rain,Medium,arterial,1,1,High
22,6,cloudy,Medium,highway,1,0,High
18,5,clear,Low,arterial,1,1,Low
3,5,clear,Heavy,arterial,0,0,High
5,2,clear,Medium,arterial,1,1,Moderate
5,2,rain,Low,local,0,1,Moderate
3,5,cloudy,Low,local,0,1,High
4,0,clear,Medium,arterial,0,0,High
7,0,clear,Medium,arterial,0,1,Low
13,0,clear,Heavy,local,1,1,Low
9,3,cloudy,Medium,local,1,0,Low
10,0,clear,Heavy,local,0,1,Low
5,4,clear,Low,arterial,1,1,Low
3,1,cloudy,Medium,highway,0,1,Moderate
23,6,cloudy,Low,local,1,0,High
14,3,clear,Heavy,highway,0,1,Moderate
5,0,clear,Medium,highway,0,1,Low
19,4,clear,Medium,local,1,1,Moderate
19,2,rain,Low,arterial,1,1,Moderate
23,1,clear,Medium,local,1,1,Moderate
3,4,clear,Medium,arterial,0,1,Moderate
15,6,clear,Low,arterial,1,1,Low
23,6,cloudy,Heavy,local,0,1,Moderate
19,3,cloudy,Medium,arterial,1,1,Low
5,5,cloudy,Medium,local,1,1,Moderate
21,1,cloudy,Medium,local,1,1,Moderate
10,5,rain,Medium,arterial,1,1,Low
11,6,rain,Low,local,0,1,Low
13,3,clear,Medium,arterial,0,1,Low
18,3,clear,Heavy,arterial,1,1,Moderate
2,3,rain,Low,highway,1,1,High
12,0,cloudy,Heavy,arterial,0,1,Low
19,6,fog,Heavy,arterial,1,1,High
13,5,clear,Low,local,1,0,Low
6,6,fog,Low,local,1,0,Moderate
1,0,clear,Heavy,arterial,1,0,High
13,5,cloudy,Heavy,highway,1,0,Moderate
16,2,clear,Low,local,0,1,Low
13,5,clear,Heavy,arterial,0,1,Low
23,6,clear,Low,local,0,1,Moderate
14,6,clear,Medium,arterial,1,1,Low
12,6,clear,Heavy,arterial,1,1,Moderate
1,0,fog,Low,arterial,1,0,High
13,2,fog,Heavy,arterial,0,1,Moderate
4,2,rain,Low,arterial,1,1,High
17,3,fog,Medium,arterial,1,1,Moderate
3,6,rain,Heavy,highway,1,1,High
21,4,fog,Low,highway,0,0,Moderate
7,3,clear,Heavy,arterial,0,1,Moderate
10,5,clear,Heavy,highway,1,1,Moderate
3,1,rain,Heavy,arterial,1,1,High
5,4,clear,Heavy,local,1,0,Low
22,3,cloudy,Heavy,arterial,1,0,High
6,1,cloudy,Low,arterial,0,0,Low
12,4,clear,Medium,local,1,0,Low
23,5,clear,Medium,highway,1,1,High
14,5,cloudy,Medium,arterial,1,0,Low
0,5,clear,Heavy,arterial,0,1,High
8,5,clear,Low,arterial,1,1,Low
9,3,cloudy,Heavy,arterial,0,1,Low
6,0,clear,Medium,local,1,1,Low
5,6,clear,Medium,highway,1,1,High
12,3,cloudy,Medium,arterial,1,1,Low
9,4,clear,Low,local,1,1,Low
7,0,fog,Medium,arterial,1,0,High
9,6,clear,Medium,local,0,1,Low
8,6,fog,Heavy,highway,1,0,High
5,6,rain,Heavy,local,1,1,High
10,1,rain,Heavy,local,1,1,High
22,5,rain,Heavy,local,1,1,High
12,4,cloudy,Heavy,highway,1,1,High
14,1,clear,Low,arterial,1,1,Low
23,3,cloudy,Medium,arterial,0,1,Moderate
14,3,clear,Low,arterial,1,0,Low
5,4,clear,Medium,highway,1,1,Moderate
9,0,clear,Heavy,arterial,0,1,Low
11,3,cloudy,Heavy,highway,1,1,Moderate
11,4,clear,Medium,arterial,0,1,Low
3,5,cloudy,Medium,local,0,1,Moderate
2,5,clear,Low,arterial,1,1,High
8,4,clear,Heavy,local,1,1,Moderate
21,4,clear,Low,highway,0,1,Moderate
17,0,rain,Low,local,1,1,Moderate
20,5,clear,Low,highway,1,1,Moderate
4,2,rain,Heavy,highway,0,1,High
9,3,clear,Medium,local,0,1,Low
13,3,clear,Medium,highway,1,0,Moderate
10,6,clear,Medium,arterial,1,0,Moderate
10,2,clear,Low,local,0,0,Low
8,2,clear,Low,highway,1,0,Low
1,5,clear,Low,local,0,1,Moderate
20,4,cloudy,Medium,highway,1,0,Moderate
22,2,cloudy,Low,arterial,0,1,High
1,2,clear,Medium,arterial,0,0,Moderate
9,5,rain,Medium,highway,0,1,Moderate
12,5,cloudy,Medium,local,0,1,Low
18,1,clear,Heavy,local,1,0,Low
23,2,clear,Low,arterial,0,0,High
9,5,clear,Medium,arterial,1,0,Low
17,0,rain,Low,arterial,0,0,Moderate
22,1,clear,Heavy,local,1,1,High
19,1,clear,Heavy,arterial,0,0,Moderate
6,3,clear,Low,arterial,1,1,Low
19,3,clear,Low,highway,0,1,Moderate
9,2,clear,Low,local,0,1,Low
0,0,cloudy,Low,arterial,0,1,High
18,4,fog,Low,arterial,1,0,Moderate
20,5,clear,Low,arterial,1,1,Moderate
8,1,clear,Low,arterial,1,1,Low
10,4,clear,Low,arterial,1,0,Low
8,5,clear,Medium,highway,1,1,Moderate
2,3,cloudy,Low,highway,1,1,High
23,4,fog,Medium,highway,1,0,High
0,1,cloudy,Heavy,highway,1,1,High
13,6,clear,Medium,local,1,1,Low
0,6,rain,Low,highway,0,1,High
16,4,rain,Heavy,arterial,0,1,Low
21,6,clear,Low,arterial,0,1,Low
15,4,fog,Low,local,1,1,Moderate
14,4,cloudy,Medium,highway,1,0,Low
19,5,rain,Low,local,0,1,Moderate
23,0,clear,Medium,highway,1,1,Moderate
20,1,clear,Heavy,arterial,1,1,Moderate
5,1,rain,Medium,local,1,1,Moderate
13,4,clear,Heavy,arterial,0,1,Low
19,1,fog,Low,local,1,1,Moderate
7,2,clear,Low,local,0,1,Low
16,3,clear,Medium,arterial,1,0,Low
0,5,cloudy,Medium,highway,0,1,High
21,3,cloudy,Heavy,local,0,0,Moderate
14,0,clear,Medium,local,1,1,Low
17,4,cloudy,Low,arterial,1,1,Moderate
19,2,cloudy,Heavy,arterial,0,1,Low
5,0,cloudy,Low,arterial,1,1,Moderate
10,4,clear,Heavy,highway,0,1,Moderate
20,1,cloudy,Low,arterial,0,1,Low
3,3,clear,Medium,local,0,1,Moderate
19,6,rain,Medium,highway,0,1,Moderate
6,1,cloudy,Medium,local,0,0,Low
13,6,clear,Heavy,highway,1,1,Low
12,3,clear,Medium,local,0,1,Low
16,6,clear,Medium,arterial,1,1,Low
20,5,clear,Heavy,arterial,0,1,Moderate
8,5,cloudy,Low,arterial,0,0,Low
4,1,rain,Medium,local,1,1,High
10,5,fog,Heavy,local,1,1,Moderate
14,2,cloudy,Low,arterial,1,1,Low
18,6,cloudy,Low,arterial,0,1,Low
18,6,cloudy,Low,arterial,0,0,Low
8,4,clear,Low,arterial,0,0,Low
22,6,cloudy,Medium,local,1,1,High
1,3,clear,Medium,arterial,0,1,Moderate
2,0,clear,Low,arterial,1,1,High
0,6,rain,Medium,highway,1,1,High
22,3,cloudy,Low,arterial,1,1,High
4,0,clear,Heavy,local,0,1,Moderate
14,0,clear,Heavy,local,1,0,Low
19,5,fog,Low,local,0,1,Moderate
18,6,clear,Low,local,0,1,Low
22,4,fog,Heavy,arterial,1,1,High
1,3,fog,Medium,local,0,0,High
9,2,cloudy,Medium,arterial,0,0,Low
12,2,clear,Medium,arterial,1,0,Moderate
16,2,clear,Medium,local,1,1,Low
14,1,clear,Heavy,arterial,0,1,Low
13,0,clear,Heavy,arterial,1,1,Low
7,3,rain,Low,arterial,0,1,Low
2,1,fog,Medium,local,1,1,High
10,1,clear,Heavy,highway,1,1,Low
6,1,clear,Low,arterial,0,0,Low
13,5,clear,Heavy,local,1,0,Moderate
19,4,clear,Medium,local,0,1,Moderate
13,3,clear,Low,arterial,0,0,Low
13,4,rain,Heavy,arterial,0,1,Moderate
1,3,clear,Medium,local,0,0,Moderate
15,3,clear,Low,local,1,1,Low
10,5,cloudy,Medium,arterial,1,1,Moderate
2,5,clear,Medium,local,1,1,High
5,1,fog,Heavy,local,0,1,Moderate
18,5,fog,Low,arterial,0,1,Moderate
22,1,clear,Medium,highway,0,1,Moderate
12,0,cloudy,Heavy,local,0,1,Low
23,2,rain,Heavy,local,1,1,High
4,2,clear,Low,local,1,1,Moderate
7,5,clear,Heavy,local,1,1,Moderate
22,4,fog,Low,arterial,0,1,High
4,0,clear,Heavy,local,1,1,Moderate
15,3,clear,Low,arterial,0,1,Low
5,5,clear,Heavy,arterial,1,1,Moderate
7,5,clear,Heavy,arterial,0,0,Low
11,3,rain,Heavy,local,1,1,Moderate
8,4,cloudy,Low,arterial,0,1,Low
20,3,cloudy,Heavy,highway,0,1,Moderate
23,1,clear,Low,arterial,0,1,Moderate
12,3,rain,Medium,arterial,1,1,Low
12,4,clear,Heavy,highway,1,0,Moderate
1,0,clear,Heavy,local,0,1,Moderate
5,4,clear,Medium,local,1,1,Low
0,1,clear,Low,local,1,0,High
20,0,cloudy,Medium,arterial,1,1,Moderate
5,5,clear,Low,arterial,1,0,Moderate
8,2,clear,Low,local,1,1,Low
20,2,clear,Heavy,arterial,1,1,Moderate
17,4,cloudy,Medium,arterial,1,1,Low
14,3,clear,Low,arterial,1,1,Low
0,4,rain,Medium,local,1,1,High
13,6,clear,Low,local,1,1,Low
13,4,clear,Low,local,1,1,Low
7,0,clear,Heavy,local,0,0,Low
17,1,clear,Low,highway,1,0,Low
22,3,clear,Low,local,0,0,Moderate
6,3,clear,Low,arterial,1,1,Moderate
7,2,clear,Heavy,arterial,0,0,Moderate
7,1,clear,Low,arterial,1,0,Low
20,0,clear,Low,highway,0,1,Low
1,1,cloudy,Heavy,local,1,1,Moderate
21,6,clear,Medium,arterial,1,0,Moderate
18,2,fog,Low,highway,0,0,High
11,6,clear,Heavy,local,0,0,Low
14,2,clear,Medium,highway,0,0,Low
21,2,clear,Heavy,local,0,1,Low
18,3,rain,Low,highway,0,1,Moderate
6,6,clear,Low,arterial,1,1,Moderate
1,3,fog,Low,arterial,0,1,High
15,0,cloudy,Medium,local,0,1,Low
3,1,cloudy,Medium,local,0,1,Moderate
2,6,clear,Medium,arterial,1,0,High
23,1,clear,Medium,arterial,1,0,High
11,5,clear,Medium,arterial,1,1,Low
15,6,rain,Medium,local,1,1,Low
5,1,rain,Low,arterial,0,1,Low
2,3,clear,Medium,local,0,1,Moderate
1,4,clear,Heavy,local,0,1,Moderate
8,5,clear,Heavy,local,1,1,Low
0,5,rain,Low,highway,1,0,High
10,0,clear,Medium,highway,1,1,Low
7,2,cloudy,Low,arterial,0,1,Moderate
12,6,clear,Medium,arterial,1,1,Low
14,2,rain,Medium,arterial,0,1,Low
7,1,clear,Heavy,arterial,0,1,Low
10,4,clear,Heavy,arterial,1,0,Low
1,1,fog,Low,local,1,1,High
7,1,cloudy,Medium,highway,1,1,Low
23,5,clear,Medium,highway,1,0,High
23,0,rain,Medium,highway,1,1,High
11,6,clear,Heavy,arterial,1,1,Moderate
22,1,clear,Low,arterial,1,1,Moderate
12,0,clear,Low,local,1,1,Low
3,5,clear,Medium,arterial,0,0,High
20,1,cloudy,Medium,arterial,1,0,Moderate
9,2,clear,Medium,highway,1,1,Low
14,2,clear,Low,arterial,0,1,Low
15,3,rain,Low,local,0,1,Moderate
7,3,clear,Low,arterial,1,1,Low
17,1,clear,Heavy,arterial,0,1,Low
12,1,clear,Medium,arterial,0,1,Low
8,1,rain,Low,arterial,0,1,Moderate
7,0,clear,Low,highway,0,1,Low
17,4,fog,Heavy,local,0,1,Moderate
5,3,rain,Medium,highway,0,1,Moderate
2,0,rain,Heavy,local,1,1,High
21,2,rain,Heavy,highway,1,1,High
7,4,cloudy,Low,arterial,1,1,Low
15,1,rain,Heavy,arterial,0,0,Moderate
17,2,cloudy,Medium,highway,1,1,Low
20,5,clear,Medium,local,1,1,Moderate
15,4,clear,Medium,arterial,0,1,Low
16,4,rain,Medium,local,1,1,Moderate
20,2,clear,Medium,arterial,0,1,Low
22,3,rain,Low,highway,1,0,High
1,5,fog,Medium,local,1,1,High
17,6,clear,Low,highway,0,0,Low
4,0,clear,Low,arterial,0,1,Moderate
21,5,clear,Medium,local,0,1,Low
1,6,clear,Medium,highway,0,1,Moderate
5,6,cloudy,Low,local,0,1,Low
4,1,clear,Low,local,0,1,Moderate
14,3,clear,Heavy,arterial,0,1,Low
0,0,clear,Medium,arterial,0,1,Moderate
0,0,clear,Medium,local,1,1,Moderate
12,3,clear,Low,local,1,1,Low
23,1,clear,Medium,arterial,1,1,Moderate
12,1,rain,Heavy,local,0,0,Moderate
10,2,clear,Low,local,0,1,Low
15,3,clear,Medium,arterial,1,1,Low
13,1,clear,Low,arterial,1,1,Moderate
9,5,cloudy,Low,highway,1,0,Moderate
14,4,rain,Medium,highway,1,1,Moderate
0,5,clear,Medium,highway,0,1,Moderate
5,6,cloudy,Medium,highway,1,0,Low
16,4,cloudy,Medium,highway,0,1,Low
8,2,rain,Medium,highway,1,1,High
1,6,cloudy,Medium,arterial,0,0,High
2,3,cloudy,Low,arterial,1,1,High
20,3,clear,Low,local,1,1,Moderate
7,2,clear,Low,local,0,1,Low
0,0,rain,Heavy,local,0,0,High
17,6,clear,Low,highway,0,1,Low
12,5,clear,Medium,arterial,1,0,Low
10,4,cloudy,Medium,local,1,1,Moderate
21,1,rain,Heavy,arterial,1,1,High
7,6,clear,Heavy,arterial,1,1,Low
13,1,rain,Heavy,local,0,1,Low
17,1,clear,Low,arterial,1,0,Moderate
14,0,rain,Low,local,1,1,Moderate
4,2,rain,Heavy,arterial,1,0,High
16,2,rain,Heavy,arterial,0,1,Moderate
17,5,rain,Heavy,arterial,1,1,High
2,2,fog,Heavy,highway,0,1,High
3,6,rain,Medium,highway,1,0,High
16,2,clear,Low,arterial,1,1,Low
2,3,clear,Medium,local,0,1,Moderate
21,4,clear,Medium,arterial,1,1,Low
2,5,clear,Low,local,0,0,High
23,5,cloudy,Medium,local,1,1,High
16,6,clear,Heavy,arterial,0,1,Low
10,6,fog,Low,arterial,0,1,Moderate
6,0,clear,Medium,local,0,1,Low
8,0,clear,Medium,arterial,1,1,Moderate
17,3,clear,Low,local,1,0,Low
18,1,clear,Heavy,local,1,1,Moderate
5,3,clear,Heavy,arterial,0,0,Low
13,4,cloudy,Low,arterial,0,1,Low
23,1,clear,Heavy,highway,0,0,High
6,0,rain,Medium,arterial,1,1,High
16,6,clear,Medium,highway,1,1,Low
4,2,cloudy,Medium,arterial,1,1,High
20,5,cloudy,Heavy,local,1,1,Moderate
4,4,clear,Low,highway,0,1,High
7,4,clear,Medium,arterial,0,1,Low
11,5,rain,Medium,arterial,1,1,Moderate
8,1,cloudy,Heavy,highway,1,1,Moderate
4,1,clear,Heavy,highway,0,1,High
15,6,cloudy,Heavy,highway,1,1,Moderate
0,4,clear,Low,arterial,1,1,High
23,2,clear,Medium,arterial,1,0,High
1,4,clear,Low,arterial,1,1,High
8,2,rain,Medium,local,0,1,Moderate
22,6,clear,Heavy,arterial,0,0,High
3,3,clear,Medium,highway,1,1,High
1,2,clear,Low,arterial,0,1,High
17,4,clear,Medium,arterial,0,1,Low
1,5,clear,Low,arterial,1,1,High
21,2,clear,Low,arterial,0,1,Moderate
10,5,rain,Heavy,highway,1,0,Moderate
20,1,rain,Heavy,arterial,0,1,Moderate
5,1,clear,Low,highway,0,1,Moderate
3,5,clear,Medium,local,1,1,High
23,4,clear,Medium,arterial,0,1,Low
18,0,rain,Low,local,0,0,Low
21,4,clear,Medium,arterial,0,0,Low
7,2,rain,Low,arterial,0,1,Low
9,1,clear,Heavy,highway,1,1,Moderate
13,2,cloudy,Heavy,highway,1,0,Moderate
10,3,cloudy,Low,local,0,1,Low
5,6,cloudy,Low,arterial,0,1,Moderate
9,3,clear,Low,arterial,0,1,Low
14,2,clear,Heavy,highway,0,1,Low
0,5,clear,Heavy,highway,0,0,High
8,3,fog,Heavy,arterial,1,1,Moderate
7,0,clear,Medium,local,1,0,Moderate
1,4,cloudy,Heavy,arterial,1,1,High
2,3,fog,Medium,local,0,1,Moderate
11,4,cloudy,Low,local,1,1,Low
2,1,clear,Medium,highway,0,1,Moderate
8,3,clear,Medium,local,0,1,Low
13,4,rain,Medium,local,0,1,Low
20,4,rain,Low,highway,0,0,High
2,4,fog,Medium,local,0,1,Moderate
10,6,clear,Medium,arterial,0,1,Moderate
2,3,rain,Low,highway,1,1,High
10,3,clear,Low,highway,0,1,Low
11,3,cloudy,Medium,local,0,0,Low
19,2,clear,Medium,arterial,0,1,Low
10,2,clear,Medium,local,1,1,Low
22,4,cloudy,Heavy,local,1,1,High
3,2,clear,Medium,arterial,1,0,High
1,5,fog,Low,arterial,0,0,High
0,5,clear,Low,local,1,0,High
8,6,rain,Low,arterial,1,0,Moderate
4,0,clear,Low,local,0,1,Moderate
2,2,clear,Heavy,arterial,1,1,High
5,5,clear,Heavy,local,0,1,Low
23,3,rain,Medium,highway,0,0,High
19,4,rain,Low,local,0,1,Moderate
0,5,clear,Low,local,1,1,High
21,6,clear,Heavy,arterial,0,0,Low
4,1,clear,Heavy,arterial,1,1,Moderate
9,1,cloudy,Medium,highway,1,0,Moderate
7,3,cloudy,Heavy,local,0,1,Low
9,3,rain,Low,highway,0,0,Moderate
18,6,clear,Medium,local,1,1,Low
17,0,clear,Low,arterial,0,1,Low
14,1,clear,Medium,arterial,1,1,Low
15,6,fog,Medium,highway,1,1,High
17,4,clear,Medium,highway,1,1,Low
4,4,clear,Heavy,local,0,1,Moderate
9,1,rain,Low,arterial,0,0,Low
2,4,cloudy,Low,local,1,1,High
16,2,clear,Medium,local,0,0,Low
10,5,clear,Medium,highway,1,1,Low
15,0,rain,Heavy,highway,0,1,Moderate
13,1,cloudy,Heavy,arterial,0,1,Low
6,4,clear,Medium,arterial,1,1,Low
3,4,clear,Medium,highway,0,1,High
23,5,clear,Medium,arterial,0,1,High
7,5,cloudy,Low,arterial,0,1,Low
2,0,clear,Medium,highway,1,1,High
7,0,clear,Low,local,1,1,Low
21,2,clear,Low,arterial,0,1,Low
6,6,fog,Heavy,arterial,1,1,High
23,3,clear,Medium,arterial,1,0,High
11,6,clear,Heavy,arterial,0,0,Low
20,0,clear,Heavy,local,0,0,Moderate
15,6,cloudy,Heavy,local,0,1,Low
1,0,rain,Heavy,highway,0,0,High
12,5,fog,Low,highway,1,1,High
10,6,clear,Low,highway,0,1,Low
4,2,clear,Heavy,local,0,0,High
13,2,clear,Low,arterial,0,0,Low
2,4,rain,Medium,arterial,1,1,High
16,5,cloudy,Heavy,arterial,1,1,Moderate
19,0,clear,Heavy,arterial,0,1,Moderate
2,1,clear,Low,arterial,0,1,High
11,5,clear,Heavy,arterial,0,1,Moderate
15,5,cloudy,Heavy,arterial,0,0,Low
1,1,clear,Heavy,highway,0,1,High
9,6,clear,Medium,arterial,1,1,Moderate
6,6,clear,Low,local,0,1,Low
0,6,clear,Heavy,highway,1,1,High
19,1,clear,Medium,highway,1,1,Moderate
10,4,cloudy,Medium,local,0,1,Low
18,1,cloudy,Heavy,highway,1,1,Moderate
14,1,clear,Medium,arterial,0,1,Low
21,0,clear,Heavy,arterial,1,1,High
23,3,rain,Heavy,local,1,0,High
14,4,rain,Low,local,0,1,Moderate
8,1,cloudy,Medium,local,0,1,Low
10,1,cloudy,Low,arterial,1,1,Low
19,1,rain,Low,highway,0,0,High
10,1,cloudy,Low,arterial,0,1,Low
12,5,clear,Medium,arterial,0,1,Low
4,1,clear,Low,arterial,1,1,High
23,1,clear,Heavy,local,0,1,High
15,2,rain,Low,arterial,0,1,Low
7,1,cloudy,Low,arterial,1,1,Low
14,6,fog,Low,highway,1,0,Moderate
9,1,clear,Medium,local,1,1,Low
3,3,clear,Low,arterial,1,1,Moderate
20,3,cloudy,Heavy,arterial,0,1,Moderate
21,1,rain,Medium,arterial,1,0,Moderate
20,3,rain,Heavy,highway,1,0,High
8,1,clear,Low,arterial,0,1,Low
6,3,fog,Low,highway,1,0,High
1,0,fog,Heavy,arterial,1,1,High
17,3,fog,Medium,highway,1,1,Moderate
7,2,cloudy,Low,arterial,0,1,Low
21,2,rain,Low,arterial,0,1,Moderate
20,0,clear,Heavy,local,0,0,Low
3,6,clear,Low,arterial,1,0,High
22,0,clear,Medium,highway,0,0,High
3,1,clear,Heavy,arterial,1,1,Moderate
11,0,fog,Medium,arterial,1,1,Low
11,6,cloudy,Heavy,arterial,1,0,Low
22,2,clear,Medium,highway,0,1,Moderate
15,3,rain,Medium,arterial,0,1,Low
21,5,cloudy,Medium,highway,1,1,Moderate
14,0,clear,Low,arterial,0,1,Low
19,0,cloudy,Medium,local,1,0,Low
20,1,clear,Heavy,highway,1,1,High
20,4,cloudy,Low,local,1,1,Moderate
9,6,rain,Medium,arterial,0,1,Low
9,4,clear,Medium,arterial,0,0,Low
23,6,clear,Medium,arterial,0,0,High
18,6,cloudy,Medium,arterial,0,1,Low
22,1,rain,Medium,local,1,0,High
13,1,clear,Low,highway,0,0,Low
22,1,rain,Low,local,1,0,High
17,5,cloudy,Low,local,1,1,Low
17,4,clear,Heavy,highway,0,1,Moderate
4,6,clear,Medium,local,0,1,Moderate
13,3,clear,Medium,arterial,0,1,Low
17,6,clear,Medium,local,0,1,Low
18,6,clear,Medium,arterial,0,0,Low
22,5,cloudy,Heavy,arterial,1,1,High
7,5,cloudy,Medium,local,0,0,Low
7,0,clear,Heavy,local,0,0,Low
23,5,clear,Low,local,0,1,High
23,6,clear,Heavy,arterial,1,1,High
4,2,rain,Low,arterial,0,1,High
9,5,fog,Low,local,1,0,Moderate
22,2,rain,Medium,arterial,1,1,High
4,1,clear,Low,local,0,1,High
18,5,rain,Low,local,1,0,Moderate
2,1,rain,Low,local,0,1,High
4,3,clear,Medium,local,1,1,High
18,6,clear,Low,highway,1,0,Moderate
14,1,clear,Heavy,highway,0,1,Low
13,1,cloudy,Medium,local,0,0,Low
20,6,clear,Low,local,0,1,Moderate
7,5,clear,Medium,arterial,1,1,Low
12,3,clear,Heavy,local,1,1,Low
14,2,clear,Medium,highway,1,1,Moderate
17,6,cloudy,Low,highway,0,1,Moderate
7,5,clear,Heavy,highway,1,1,Moderate
15,6,clear,Medium,highway,0,0,Low
10,0,cloudy,Heavy,highway,0,0,Moderate
13,3,fog,Medium,highway,1,1,Moderate
20,5,clear,Low,local,0,1,Low
9,0,clear,Heavy,arterial,0,1,Low
16,3,clear,Low,arterial,1,1,Moderate
22,0,clear,Heavy,arterial,0,1,High
18,6,rain,Medium,arterial,1,1,Low
23,4,fog,Low,highway,0,1,High
14,1,clear,Low,arterial,0,1,Low
6,3,clear,Low,highway,0,1,Moderate
23,0,clear,Low,local,0,1,Moderate
15,5,cloudy,Medium,arterial,0,1,Low
5,1,clear,Heavy,arterial,1,1,Moderate
7,4,clear,Low,highway,0,0,Low
6,0,clear,Low,highway,1,0,Moderate
20,1,cloudy,Heavy,arterial,1,0,Low
2,6,rain,Low,local,1,1,High
17,2,clear,Heavy,highway,1,1,Low
13,0,rain,Low,arterial,1,1,Moderate
1,4,rain,Heavy,arterial,0,1,High
14,1,clear,Heavy,local,0,0,Low
18,4,rain,Low,arterial,0,1,Low
17,5,cloudy,Low,highway,1,1,Moderate
12,4,clear,Low,highway,0,1,Low
8,1,cloudy,Low,local,1,1,Moderate
3,1,clear,Medium,local,1,1,Moderate
0,1,clear,Medium,arterial,0,1,Moderate
8,4,clear,Heavy,local,1,1,Low
15,4,cloudy,Low,local,0,1,Low
0,3,rain,Heavy,arterial,1,0,High
23,2,clear,Low,arterial,1,0,High
14,0,clear,Low,local,1,1,Low
7,5,clear,Low,arterial,1,1,Low
23,4,fog,Low,local,0,1,High
4,4,clear,Low,local,1,0,High
22,0,rain,Low,local,0,0,High
6,2,clear,Medium,local,0,1,Low
9,2,clear,Heavy,local,0,1,Low
10,4,clear,Medium,highway,1,1,Moderate
23,5,clear,Heavy,arterial,1,0,High
6,6,clear,Low,arterial,0,0,Low
23,3,rain,Heavy,arterial,1,1,High
8,2,clear,Low,arterial,1,0,Low
6,2,clear,Low,highway,0,1,Low
15,5,cloudy,Low,arterial,0,1,Low
16,2,clear,Medium,local,0,1,Low
8,2,cloudy,Low,highway,0,1,Low
3,5,rain,Heavy,arterial,1,1,High
9,3,fog,Heavy,local,0,1,Low
12,3,cloudy,Low,local,0,1,Low
0,5,clear,Heavy,highway,0,0,High
1,2,clear,Low,highway,1,0,High
22,0,clear,Low,arterial,0,1,High
0,5,clear,Low,local,1,1,Moderate
9,3,clear,Low,highway,1,1,Moderate
18,2,clear,Low,local,0,0,Low
7,0,fog,Low,local,0,1,Low
11,6,rain,Low,arterial,1,1,Moderate
2,5,clear,Heavy,local,0,0,High
19,1,fog,Heavy,arterial,0,1,High
15,4,rain,Heavy,arterial,1,1,Moderate
20,3,clear,Low,local,0,0,Low
20,2,rain,Low,highway,0,1,Moderate
8,2,fog,Medium,local,0,1,Moderate
0,0,cloudy,Medium,local,0,1,Moderate
8,6,rain,Low,arterial,1,1,High
3,6,clear,Heavy,highway,1,1,High
12,6,cloudy,Heavy,highway,1,0,High
3,2,cloudy,Low,highway,0,1,High
22,6,cloudy,Heavy,highway,0,1,High
14,1,clear,Low,local,0,1,Low
6,5,cloudy,Medium,highway,1,1,High
22,0,rain,Low,local,1,1,High
18,2,rain,Medium,local,1,1,Moderate
10,4,clear,Low,local,1,1,Low
3,6,clear,Medium,arterial,0,1,Moderate
8,1,clear,Low,highway,1,1,Moderate
14,3,cloudy,Medium,local,1,1,Low
18,5,clear,Medium,arterial,0,0,Low
6,3,fog,Low,highway,0,0,Moderate
17,4,cloudy,Medium,local,1,1,Low
6,2,clear,Heavy,arterial,1,0,Moderate
5,0,cloudy,Heavy,arterial,0,0,Low
10,1,clear,Heavy,highway,0,0,Low
3,3,clear,Low,highway,1,1,High
9,0,clear,Medium,arterial,0,0,Low
8,1,cloudy,Heavy,highway,1,1,Moderate
6,6,rain,Heavy,arterial,0,1,Moderate
18,0,clear,Low,highway,0,1,Low
7,1,rain,Heavy,arterial,1,1,Moderate
16,4,clear,Medium,arterial,1,1,Low
17,3,clear,Heavy,arterial,1,1,Low
15,1,cloudy,Medium,local,1,1,Low
6,0,rain,Low,arterial,0,1,Moderate
19,6,fog,Low,highway,1,1,High
5,3,cloudy,Low,arterial,0,1,Low
6,4,clear,Medium,arterial,1,0,Low
20,0,clear,Medium,arterial,0,1,Low
8,1,clear,Medium,arterial,1,1,Low
16,0,rain,Medium,arterial,1,1,Moderate
1,6,cloudy,Medium,arterial,1,0,High
14,5,clear,Low,local,0,1,Low
20,3,clear,Low,highway,1,1,High
17,4,clear,Medium,local,1,1,Low
13,1,rain,Medium,local,0,0,Low
20,6,clear,Heavy,local,0,0,Low
7,3,fog,Heavy,arterial,1,0,Moderate
9,3,clear,Medium,highway,0,1,Moderate
1,6,rain,Low,arterial,1,0,High
16,0,clear,Heavy,highway,1,1,Moderate
17,2,clear,Low,arterial,0,1,Low
18,0,clear,Medium,arterial,1,0,Low
17,2,clear,Heavy,arterial,0,1,Low
3,1,fog,Heavy,local,0,1,High
15,3,rain,Heavy,highway,1,1,High
18,4,clear,Low,arterial,1,1,Moderate
4,1,clear,Medium,arterial,0,1,Moderate
11,0,clear,Heavy,local,0,1,Low
21,1,cloudy,Low,arterial,0,1,Moderate
9,5,clear,Heavy,highway,1,1,Moderate
18,4,clear,Low,local,1,1,Low
12,6,clear,Heavy,highway,0,1,Low
15,6,rain,Medium,arterial,0,0,Low
15,1,clear,Low,arterial,1,0,Moderate
15,5,cloudy,Heavy,arterial,0,1,Moderate
18,0,rain,Heavy,local,1,1,Moderate
21,0,clear,Medium,arterial,1,1,Moderate
7,5,clear,Heavy,local,0,1,Low
22,2,clear,Medium,local,1,1,Moderate
15,6,cloudy,Medium,local,0,1,Low
14,0,clear,Medium,arterial,0,1,Low
7,3,clear,Heavy,highway,0,0,Moderate
10,2,clear,Medium,local,0,1,Low
15,6,cloudy,Medium,arterial,0,0,Low
8,4,cloudy,Heavy,local,1,1,Moderate
6,5,clear,Low,local,1,0,Moderate
19,2,rain,Heavy,local,0,1,Moderate
9,6,clear,Heavy,local,0,0,Low
15,5,clear,Low,local,0,1,Low
0,5,clear,Heavy,local,0,1,High
1,3,cloudy,Heavy,arterial,0,1,Moderate
20,6,cloudy,Medium,arterial,0,1,Low
3,4,clear,Low,arterial,1,0,High
19,0,clear,Low,highway,0,0,Moderate
21,6,clear,Low,highway,1,1,High
11,0,clear,Medium,highway,1,1,Low
21,4,clear,Medium,highway,0,1,Moderate
10,1,clear,Medium,arterial,1,0,Low
22,6,clear,Medium,local,1,0,High
5,5,clear,Medium,highway,1,1,Moderate
10,5,clear,Medium,arterial,0,0,Low
9,4,clear,Heavy,local,0,0,Low
18,3,cloudy,Heavy,arterial,0,1,Low
1,6,clear,Heavy,arterial,0,1,High
19,2,cloudy,Low,arterial,0,1,Moderate
0,3,clear,Heavy,local,0,1,Moderate
7,2,clear,Heavy,arterial,1,1,Low
14,0,clear,Heavy,arterial,0,1,Moderate
3,6,clear,Medium,local,0,1,Moderate
11,3,rain,Low,arterial,1,1,Moderate
23,0,clear,Medium,local,0,0,High
19,5,clear,Low,arterial,1,1,Moderate
0,6,clear,Medium,highway,0,0,High
14,4,clear,Medium,local,1,1,Low
14,2,rain,Heavy,local,1,1,Moderate
1,6,fog,Medium,highway,0,1,High
15,5,clear,Medium,highway,0,1,Low
12,1,clear,Medium,arterial,0,1,Low
16,2,clear,Low,local,1,0,Low
7,6,clear,Low,local,1,1,Low
6,6,clear,Heavy,local,0,1,Moderate
17,4,clear,Low,local,1,1,Low
17,0,clear,Low,highway,0,1,Low
3,1,clear,Medium,arterial,0,0,High
5,2,clear,Low,local,0,1,Low
14,3,cloudy,Low,highway,0,1,Moderate
19,6,rain,Medium,highway,1,1,High
4,5,clear,Heavy,arterial,0,1,High
5,1,rain,Low,local,1,1,Moderate
19,0,clear,Medium,local,1,0,Low
16,1,clear,Medium,arterial,1,1,Low
21,1,cloudy,Heavy,arterial,0,1,Moderate
18,6,clear,Medium,arterial,0,1,Low
22,0,rain,Heavy,highway,1,1,High
4,5,fog,Heavy,arterial,0,1,High
6,4,clear,Low,arterial,1,1,Low
5,0,clear,Heavy,highway,0,0,Moderate
1,4,clear,Low,local,0,1,Moderate
18,4,rain,Heavy,arterial,0,0,Moderate
15,0,clear,Medium,local,1,1,Low
2,1,rain,Medium,arterial,0,0,Moderate
4,2,clear,Medium,arterial,0,1,Low
4,1,cloudy,Medium,arterial,0,1,Moderate
9,4,clear,Low,local,1,0,Moderate
10,4,rain,Medium,arterial,1,1,Moderate
6,1,cloudy,Medium,arterial,0,0,Low
22,0,clear,Medium,local,1,0,High
5,4,clear,Medium,local,1,0,Low
13,3,clear,Low,local,0,1,Low
10,1,clear,Heavy,local,1,0,Moderate
9,1,rain,Medium,arterial,0,1,Low
19,0,clear,Medium,highway,1,1,Low
23,5,rain,Heavy,arterial,1,0,High
0,5,clear,Low,highway,1,1,High
11,3,rain,Low,local,1,1,Low
2,2,rain,Heavy,local,0,1,High
10,1,cloudy,Heavy,arterial,1,0,Low
14,2,fog,Medium,highway,0,1,Low
9,6,clear,Low,arterial,0,1,Low
7,0,cloudy,Medium,arterial,1,0,Low
7,5,clear,Heavy,arterial,0,1,Low
7,2,clear,Medium,local,1,1,Low
7,1,cloudy,Heavy,local,0,0,Low
8,5,rain,Low,highway,1,1,Low
16,6,fog,Medium,local,1,0,Moderate
2,6,cloudy,Low,local,1,0,High
0,1,rain,Medium,local,0,1,Moderate
12,4,rain,Heavy,arterial,1,1,High
16,2,rain,Low,arterial,1,1,Moderate
6,1,clear,Medium,arterial,1,1,Low
4,2,clear,Low,local,0,1,Moderate
14,0,clear,Medium,arterial,1,1,Low
9,1,rain,Low,arterial,0,1,Low
17,4,cloudy,Medium,local,1,1,Low
3,4,rain,Heavy,highway,1,0,High
2,1,fog,Low,highway,1,1,High
13,3,cloudy,Low,highway,1,1,Moderate
9,5,rain,Low,arterial,1,1,Moderate
17,6,cloudy,Medium,arterial,0,0,Low
12,3,cloudy,Low,highway,0,1,Low
8,1,clear,Heavy,arterial,0,1,Low
3,4,fog,Medium,highway,1,0,High
3,1,rain,Medium,arterial,0,1,High
18,0,rain,Low,local,0,1,Moderate
5,2,clear,Medium,highway,1,1,Low
12,2,clear,Heavy,local,0,1,Low
19,1,rain,Medium,arterial,1,1,High
21,0,fog,Heavy,arterial,1,1,High
6,6,fog,Medium,arterial,0,1,High
2,4,cloudy,Heavy,local,1,1,High
18,5,cloudy,Medium,local,1,1,Moderate
16,0,clear,Heavy,arterial,0,1,Low
7,5,rain,Low,highway,1,1,Moderate
14,2,clear,Medium,arterial,1,0,Low
4,5,rain,Medium,local,1,1,High
16,3,clear,Medium,arterial,1,1,Low
17,1,fog,Low,local,1,1,Moderate
7,1,clear,Medium,arterial,1,1,Moderate
11,0,clear,Low,arterial,0,0,Low
8,5,cloudy,Medium,arterial,1,1,Low
0,3,cloudy,Low,highway,1,1,High
3,5,rain,Medium,arterial,0,1,High
23,5,cloudy,Medium,arterial,0,1,Moderate
10,1,cloudy,Low,highway,1,1,Moderate
3,2,clear,Medium,arterial,0,1,High
1,0,rain,Low,arterial,1,0,High
8,0,fog,Medium,arterial,0,1,Moderate
23,6,rain,Heavy,local,1,1,High
9,4,clear,Heavy,local,1,1,Low
23,3,rain,Medium,highway,1,1,High
11,1,clear,Medium,arterial,1,1,Low
18,4,fog,Medium,local,0,1,Moderate
18,3,clear,Medium,local,1,0,Low
0,1,clear,Low,local,1,0,High
0,0,clear,Low,arterial,0,1,Moderate
22,3,rain,Heavy,arterial,1,0,High
22,3,cloudy,Low,arterial,1,1,High
3,5,cloudy,Low,local,1,1,High
15,2,clear,Low,highway,0,0,Low
22,0,rain,Low,highway,1,0,High
22,6,clear,Low,arterial,0,1,Moderate
7,2,clear,Medium,arterial,0,1,Low
19,5,rain,Medium,arterial,1,0,High
15,0,clear,Heavy,highway,0,1,Low
22,0,cloudy,Medium,highway,1,0,High
3,0,clear,Heavy,local,0,1,Moderate
14,5,cloudy,Medium,local,1,0,Low
0,1,clear,Low,arterial,0,1,High
8,5,clear,Heavy,highway,0,1,Moderate
0,6,clear,Medium,arterial,0,0,High
10,4,cloudy,Heavy,arterial,1,1,Moderate
19,6,clear,Low,highway,0,1,Moderate
15,6,clear,Medium,arterial,0,1,Low
7,5,clear,Low,local,0,1,Low
10,5,clear,Low,local,0,1,Low
8,4,clear,Medium,arterial,0,1,Low
17,1,cloudy,Heavy,arterial,0,1,Low
6,0,clear,Heavy,local,1,1,Moderate
2,2,clear,Heavy,arterial,0,1,High
12,3,cloudy,Heavy,arterial,0,1,Low
19,2,clear,Heavy,local,1,1,Moderate
11,0,cloudy,Medium,arterial,1,1,Low
4,3,cloudy,Heavy,arterial,1,1,Moderate
1,3,rain,Low,arterial,0,0,High
22,6,clear,Heavy,highway,1,1,High
18,6,clear,Medium,arterial,0,0,Low
3,4,clear,Low,arterial,0,1,High
1,5,clear,Medium,highway,0,1,High
3,2,rain,Heavy,highway,1,0,High
9,6,clear,Medium,local,1,0,Low
19,6,clear,Low,local,0,0,Low
3,0,cloudy,Medium,highway,1,1,High
19,4,cloudy,Heavy,arterial,0,1,High
0,3,rain,Medium,arterial,1,1,High
17,1,clear,Low,arterial,1,1,Moderate
6,2,rain,Heavy,highway,1,1,High
23,6,cloudy,Medium,local,0,1,Moderate
11,6,rain,Low,arterial,0,1,Low
6,2,clear,Low,local,1,0,Moderate
5,3,clear,Medium,local,1,1,Low
19,3,clear,Medium,local,1,1,Moderate
9,5,rain,Heavy,highway,0,1,High
8,3,clear,Heavy,arterial,0,1,Low
17,2,clear,Medium,arterial,0,1,Low
12,6,clear,Medium,arterial,1,1,Moderate
15,2,rain,Low,local,0,1,Moderate
10,1,clear,Medium,arterial,1,1,Low
1,2,clear,Medium,local,0,0,Moderate
0,2,cloudy,Medium,arterial,1,1,Moderate
0,3,rain,Heavy,arterial,1,1,High
13,4,rain,Low,arterial,1,1,Moderate
12,0,clear,Medium,arterial,1,1,Low
17,6,clear,Medium,arterial,1,1,Low
21,1,clear,Medium,highway,0,1,Moderate
4,0,clear,Low,arterial,1,1,High
22,4,clear,Medium,local,0,1,Low
22,1,clear,Low,highway,1,0,High
14,5,clear,Medium,arterial,0,1,Low
12,6,clear,Heavy,arterial,0,1,Low
4,4,cloudy,Medium,highway,0,1,Moderate
4,5,clear,Low,highway,1,0,High
0,3,fog,Heavy,arterial,1,1,High
15,2,rain,Low,arterial,0,0,Moderate
10,4,clear,Low,local,0,1,Low
4,2,clear,Heavy,arterial,0,0,High
3,6,fog,Heavy,arterial,1,0,High
1,3,fog,Low,arterial,0,0,High
15,3,clear,Medium,arterial,1,1,Low
16,4,clear,Medium,highway,0,1,Low
15,1,fog,Heavy,highway,0,1,Moderate
2,3,cloudy,Medium,arterial,1,0,High
0,5,cloudy,Medium,arterial,0,0,Moderate
2,5,clear,Low,highway,0,1,High
18,1,rain,Low,arterial,1,1,Moderate
17,0,cloudy,Low,local,0,0,Low
7,1,clear,Medium,highway,1,0,Moderate
1,5,cloudy,Medium,local,1,1,High
7,1,clear,Low,arterial,0,0,Low
19,0,clear,Low,local,1,1,Moderate
3,4,cloudy,Medium,arterial,0,1,Moderate
19,6,cloudy,Low,local,1,0,Low
11,1,fog,Heavy,arterial,1,1,Moderate
3,0,cloudy,Heavy,arterial,1,1,High
22,0,clear,Medium,local,0,0,Moderate
12,0,clear,Heavy,local,0,1,Low
16,1,clear,Medium,arterial,1,1,Low
2,1,clear,Medium,local,0,1,Low
8,4,cloudy,Medium,local,0,1,Low
15,1,clear,Low,local,0,1,Low
15,3,clear,Low,local,0,1,Low
1,2,clear,Medium,local,0,0,High
14,4,clear,Low,local,1,0,Low
22,4,clear,Heavy,local,0,1,Moderate
18,4,cloudy,Low,highway,1,0,Moderate
4,6,clear,Medium,local,1,0,High
21,1,rain,Medium,local,0,1,Moderate
16,3,clear,Low,arterial,1,1,Low
1,2,rain,Low,arterial,1,1,High
3,3,rain,Medium,arterial,1,1,High
22,0,rain,Low,arterial,1,1,High
5,2,rain,Low,arterial,0,1,Low
2,6,clear,Low,local,1,1,High
10,5,clear,Medium,arterial,1,1,Low
12,2,cloudy,Heavy,highway,1,1,High
13,0,clear,Heavy,local,1,0,Moderate
15,4,cloudy,Medium,local,0,0,Low
23,2,cloudy,Medium,arterial,1,1,Moderate
18,2,clear,Heavy,arterial,1,1,Low
0,0,clear,Medium,arterial,0,0,High
2,2,cloudy,Heavy,local,1,1,High
0,1,cloudy,Heavy,highway,0,1,High
9,0,rain,Low,arterial,1,1,Moderate
8,4,cloudy,Medium,highway,1,0,Moderate
22,6,clear,Heavy,arterial,1,1,High
8,0,clear,Low,arterial,0,1,Low
0,0,clear,Low,local,1,1,Moderate
21,0,clear,Low,arterial,0,1,Low
6,3,rain,Low,local,0,1,Moderate
21,5,cloudy,Low,local,0,1,Low
18,2,rain,Medium,local,0,0,Low
21,0,clear,Heavy,arterial,1,1,Moderate
19,0,clear,Low,highway,1,1,Low
3,4,clear,Heavy,local,0,1,Moderate
15,2,clear,Heavy,local,1,1,Moderate
9,2,clear,Medium,arterial,0,0,Low
15,1,clear,Heavy,local,1,1,Low
17,6,clear,Medium,highway,0,1,Low
12,2,clear,Low,local,1,1,Low
7,4,cloudy,Low,local,1,0,Low
21,5,cloudy,Medium,arterial,1,0,Moderate
15,0,clear,Heavy,local,1,1,Moderate
21,1,cloudy,Low,highway,1,1,Moderate
5,6,clear,Medium,arterial,1,1,Low
20,6,clear,Heavy,highway,0,1,Moderate
7,2,cloudy,Heavy,arterial,0,1,Low
11,1,clear,Heavy,highway,1,1,Moderate
20,2,cloudy,Low,highway,1,1,Low
8,6,clear,Low,highway,1,1,Low
6,4,clear,Low,local,0,1,Low
21,0,clear,Low,arterial,1,1,Moderate
23,5,clear,Heavy,arterial,1,1,High
7,1,clear,Medium,local,0,1,Low
7,2,clear,Heavy,local,0,1,Low
5,3,clear,Medium,local,1,1,Low
0,2,clear,Medium,local,0,1,Moderate
13,4,cloudy,Low,arterial,1,1,Low
6,1,rain,Medium,highway,0,1,Moderate
20,6,rain,Heavy,highway,1,1,High
4,4,cloudy,Medium,local,1,1,Moderate
15,2,rain,Heavy,local,1,0,Moderate
12,6,cloudy,Heavy,arterial,0,1,Low
14,3,cloudy,Low,local,1,1,Low
2,2,rain,Low,local,1,1,High
11,0,rain,Medium,local,1,1,Low
15,6,rain,Medium,local,1,1,Moderate
8,5,rain,Low,local,0,1,Low
20,1,clear,Low,arterial,1,1,High
12,6,fog,Heavy,arterial,1,1,High
8,5,clear,Heavy,highway,1,1,Moderate
0,2,clear,Low,local,1,1,High
4,6,clear,Medium,arterial,0,1,Moderate
11,3,cloudy,Low,highway,1,1,Low
9,4,clear,Low,local,1,1,Low
20,1,clear,Low,arterial,1,1,Moderate
18,0,clear,Low,arterial,0,1,Low
3,3,cloudy,Heavy,local,1,1,Moderate
14,2,clear,Low,local,1,1,Low
10,6,cloudy,Medium,highway,1,0,Moderate
2,0,cloudy,Heavy,highway,0,1,High
15,5,rain,Low,arterial,0,0,Low
12,4,cloudy,Medium,highway,1,1,Moderate
2,6,clear,Medium,highway,1,1,High
11,6,fog,Low,arterial,0,1,Low
17,6,rain,Low,highway,0,0,Moderate
7,2,clear,Heavy,local,1,1,Moderate
8,4,clear,Medium,arterial,1,0,Low
2,1,clear,Low,arterial,0,1,High
4,3,rain,Medium,local,0,1,High
23,1,rain,Heavy,arterial,0,1,High
14,1,rain,Medium,arterial,1,0,Moderate
4,3,fog,Heavy,arterial,1,1,High
11,0,cloudy,Heavy,local,0,0,Low
4,3,clear,Low,highway,1,1,High
10,2,clear,Low,local,1,1,Low
3,1,clear,Medium,arterial,0,1,Moderate
14,3,clear,Medium,arterial,1,1,Low
13,5,clear,Medium,local,0,0,Low
15,4,clear,Medium,highway,0,1,Low
10,0,rain,Low,highway,0,0,Moderate
6,3,clear,Heavy,arterial,0,1,Low
5,4,rain,Medium,arterial,1,0,Moderate
5,4,rain,Heavy,local,1,0,High
10,2,clear,Medium,arterial,0,1,Low
10,0,clear,Medium,highway,0,1,Low
16,0,clear,Heavy,arterial,1,0,Low
1,2,rain,Low,arterial,1,1,Moderate
6,4,cloudy,Medium,local,0,1,Low
20,5,clear,Medium,arterial,1,0,Low
21,4,cloudy,Heavy,highway,0,1,Moderate
22,2,rain,Medium,local,1,0,High
7,3,clear,Low,arterial,1,0,Low
3,0,cloudy,Medium,local,0,1,Moderate
4,5,clear,Medium,arterial,0,1,Moderate
3,2,clear,Low,arterial,0,1,Moderate
22,3,rain,Medium,arterial,0,1,High
21,3,clear,Medium,local,1,0,Low
19,2,rain,Low,arterial,1,1,Moderate
17,1,cloudy,Low,arterial,1,1,Low
8,6,clear,Heavy,arterial,0,1,Low
11,0,cloudy,Low,highway,0,1,Low
20,6,clear,Low,highway,0,1,Low
19,0,clear,Heavy,local,0,0,Moderate
12,0,clear,Low,local,0,1,Low
20,6,rain,Low,local,0,1,Moderate
8,6,rain,Heavy,arterial,0,1,Moderate
9,6,clear,Medium,local,0,1,Low
20,5,clear,Low,highway,0,1,Moderate
9,3,fog,Low,highway,1,1,High
18,0,cloudy,Low,highway,0,1,Low
10,4,clear,Heavy,arterial,1,0,Moderate
7,3,clear,Medium,arterial,0,1,Low
5,5,clear,Low,highway,1,1,Low
14,0,clear,Heavy,arterial,1,1,Moderate
11,0,clear,Medium,local,1,1,Low
8,4,cloudy,Heavy,arterial,0,0,Low
17,5,cloudy,Medium,arterial,0,1,Low
0,6,clear,Heavy,arterial,1,1,High
2,3,cloudy,Low,highway,1,0,High
23,2,clear,Low,highway,0,1,High
15,3,rain,Low,arterial,1,1,Moderate
13,3,clear,Low,arterial,0,1,Low
0,4,clear,Heavy,local,0,1,Moderate
14,1,clear,Medium,arterial,1,1,Low
10,2,clear,Low,arterial,0,0,Low
14,3,cloudy,Low,arterial,0,1,Low
0,5,cloudy,Medium,highway,0,1,High
13,5,clear,Medium,arterial,0,1,Low
13,5,clear,Heavy,local,1,1,Low
6,1,cloudy,Heavy,local,1,1,Moderate
1,2,cloudy,Heavy,highway,0,0,High
23,3,rain,Low,local,0,1,High
17,6,rain,Medium,arterial,0,1,Low
14,2,cloudy,Medium,highway,1,1,Moderate
18,6,clear,Heavy,local,0,1,Low
16,5,rain,Low,local,1,0,Moderate
3,4,clear,Heavy,arterial,1,0,High
10,4,cloudy,Medium,local,0,1,Low
21,5,fog,Medium,arterial,0,1,Moderate
6,4,clear,Low,local,0,1,Low
23,4,clear,Low,highway,0,1,Moderate
1,2,clear,Heavy,highway,1,1,High
7,2,fog,Low,local,0,1,Moderate
8,4,clear,Medium,highway,0,0,Low
14,5,rain,Medium,local,0,0,Low
4,4,clear,Low,highway,0,1,High
5,6,clear,Medium,local,1,1,Low
15,4,clear,Low,highway,0,0,Low
6,2,rain,Medium,local,1,0,Moderate
21,4,clear,Low,highway,0,0,Moderate
20,4,rain,Medium,highway,1,1,High
7,6,cloudy,Medium,highway,0,1,Low
13,1,rain,Heavy,local,1,1,Moderate
7,1,clear,Low,highway,1,0,Moderate
8,1,clear,Low,arterial,1,1,Low
16,0,clear,Low,local,0,0,Low
7,4,clear,Low,arterial,0,0,Low
3,6,cloudy,Medium,highway,1,0,High
6,4,clear,Heavy,local,0,1,Low
22,0,fog,Medium,highway,0,0,High
6,2,clear,Low,local,0,1,Low
8,6,clear,Heavy,arterial,1,0,Low
15,0,cloudy,Heavy,local,0,1,Low
2,4,clear,Medium,highway,1,1,High
6,3,clear,Heavy,arterial,1,0,Low
4,6,fog,Medium,local,1,1,High
22,3,clear,Heavy,arterial,0,0,High
22,3,cloudy,Low,highway,1,0,High
18,5,clear,Medium,highway,0,1,Low
5,5,clear,Heavy,arterial,0,0,Moderate
14,3,clear,Heavy,arterial,0,1,Low
15,5,rain,Medium,highway,0,1,Low
20,5,clear,Low,local,1,0,Low
3,3,clear,Heavy,highway,1,1,High
17,5,clear,Medium,local,0,0,Low
4,2,fog,Medium,local,0,1,Moderate
13,2,clear,Low,arterial,1,0,Low
21,0,cloudy,Heavy,local,0,0,Moderate
1,4,clear,Medium,highway,0,1,Moderate
3,1,clear,Heavy,arterial,0,1,Moderate
19,5,clear,Medium,local,0,1,Low
0,6,clear,Low,local,0,0,High
16,6,clear,Heavy,highway,1,1,Moderate
12,1,clear,Low,local,0,1,Low
8,4,rain,Low,arterial,1,1,Moderate
20,5,clear,Heavy,local,0,1,Low
20,3,clear,Heavy,local,1,1,Low
7,3,clear,Heavy,highway,0,0,Low
0,3,clear,Low,highway,1,1,High
3,2,clear,Heavy,arterial,0,0,High
2,4,clear,Medium,arterial,0,1,Moderate
23,6,clear,Medium,arterial,1,1,High
14,1,clear,Medium,local,0,1,Low
16,0,clear,Medium,local,1,0,Low
5,0,clear,Low,highway,1,1,Low
20,4,clear,Medium,local,0,1,Low
17,1,clear,Low,highway,1,1,Low
18,3,clear,Heavy,local,1,0,Low
11,6,clear,Heavy,local,0,1,Low
16,0,clear,Medium,local,1,0,Low
13,1,fog,Heavy,local,1,0,Moderate
9,1,clear,Heavy,highway,0,1,Low
14,3,clear,Heavy,local,1,0,Low
7,4,rain,Heavy,arterial,1,0,Moderate
22,1,clear,Low,arterial,1,1,High
17,0,clear,Heavy,arterial,1,1,Moderate
17,0,rain,Low,arterial,1,0,Moderate
17,5,clear,Heavy,local,0,1,Moderate
10,0,cloudy,Medium,arterial,1,1,Moderate
22,4,clear,Medium,highway,1,1,Moderate
4,4,clear,Low,arterial,1,1,High
13,0,clear,Low,local,0,1,Moderate
1,3,rain,Low,local,0,0,High
7,2,clear,Low,arterial,0,1,Low
13,3,cloudy,Medium,highway,0,1,Moderate
11,0,fog,Low,local,0,1,Moderate
22,4,fog,Heavy,highway,0,1,High
14,5,clear,Heavy,local,0,1,Low
9,0,cloudy,Medium,arterial,1,0,Low
10,3,cloudy,Heavy,local,0,0,Low
14,4,rain,Medium,highway,1,1,Moderate
18,0,rain,Heavy,highway,1,1,Moderate
6,5,cloudy,Heavy,highway,1,1,High
14,3,cloudy,Heavy,arterial,1,1,Moderate
13,2,clear,Low,local,1,1,Low
0,3,clear,Heavy,arterial,1,0,High
21,4,cloudy,Heavy,local,0,1,Moderate
13,4,cloudy,Low,highway,1,1,Low
5,5,cloudy,Low,local,1,1,Moderate
15,0,clear,Heavy,arterial,1,1,Moderate
16,5,clear,Heavy,arterial,0,1,Moderate
21,0,fog,Medium,arterial,0,0,Moderate
0,4,clear,Low,arterial,1,1,Moderate
9,2,rain,Medium,local,1,1,Moderate
4,0,cloudy,Low,arterial,1,1,High
13,4,clear,Heavy,arterial,1,0,Moderate
12,3,clear,Low,local,1,0,Low
11,4,clear,Low,local,1,1,Low
23,2,rain,Medium,highway,0,1,High
12,1,clear,Medium,arterial,1,1,Moderate
9,4,rain,Heavy,arterial,1,1,Moderate
1,1,rain,Medium,arterial,1,1,High
6,5,clear,Low,arterial,0,0,Low
21,4,clear,Low,arterial,0,1,Low
10,6,clear,Medium,arterial,1,1,Low
21,0,clear,Low,highway,0,1,Moderate
12,4,clear,Medium,local,1,0,Moderate
13,3,clear,Medium,local,1,1,Low
10,6,fog,Medium,highway,1,1,Moderate
13,2,cloudy,Low,highway,0,1,Low
1,6,rain,Heavy,arterial,1,1,High
1,1,cloudy,Heavy,local,0,0,High
11,5,cloudy,Medium,arterial,0,1,Low
14,3,rain,Medium,highway,1,0,High
13,6,clear,Medium,arterial,0,0,Low
10,1,cloudy,Medium,highway,0,1,Moderate
7,1,rain,Heavy,highway,0,0,Moderate
17,3,fog,Medium,arterial,1,1,High
14,3,clear,Low,local,0,1,Low
1,1,rain,Heavy,local,1,0,High
10,4,clear,Medium,highway,1,0,Low
17,2,clear,Low,highway,1,1,Moderate
18,1,clear,Low,highway,0,1,Low
6,3,clear,Medium,arterial,1,1,Low
22,4,clear,Medium,highway,0,1,Moderate
15,0,clear,Heavy,local,1,0,Low
10,6,clear,Low,local,1,1,Low
15,4,rain,Medium,local,0,1,Low
20,1,rain,Low,arterial,1,1,High
5,5,rain,Medium,arterial,0,0,Low
3,5,cloudy,Heavy,arterial,0,1,High
10,6,fog,Low,arterial,0,1,Moderate
2,5,clear,Heavy,highway,1,1,High
20,1,clear,Low,highway,1,0,Moderate
23,1,clear,Heavy,highway,1,0,High
14,1,clear,Medium,arterial,1,0,Moderate
23,6,cloudy,Medium,local,0,0,High
1,2,clear,Heavy,local,0,1,Moderate
15,2,fog,Medium,local,0,1,Moderate
10,6,clear,Heavy,local,1,1,Low
6,1,clear,Medium,arterial,0,1,Low
7,2,clear,Heavy,local,0,1,Moderate
13,2,clear,Low,highway,1,1,Low
15,2,fog,Medium,arterial,1,1,Moderate
3,4,cloudy,Heavy,arterial,1,1,Moderate
14,5,clear,Medium,local,1,0,Moderate
22,1,cloudy,Heavy,arterial,1,1,High
0,0,clear,Heavy,local,0,1,Moderate
21,4,clear,Low,highway,0,0,Low
14,3,clear,Medium,local,1,0,Low
8,4,clear,Heavy,arterial,1,1,Low
17,3,cloudy,Low,highway,0,1,Low
14,5,rain,Low,arterial,1,1,Moderate
18,4,clear,Low,highway,1,1,Moderate
1,5,cloudy,Heavy,local,0,1,Moderate
1,5,cloudy,Heavy,highway,1,0,High
15,3,clear,Heavy,local,0,0,Low
7,2,clear,Medium,local,0,1,Low
5,4,clear,Medium,arterial,1,1,Low
10,4,clear,Low,local,0,1,Low
17,4,clear,Heavy,arterial,1,1,Low
4,3,clear,Heavy,highway,1,1,High
23,2,clear,Medium,arterial,1,1,Moderate
10,0,rain,Low,arterial,1,1,High
3,2,clear,Heavy,arterial,0,1,Moderate
1,6,fog,Heavy,arterial,1,1,High
20,5,clear,Heavy,arterial,1,1,Moderate
2,5,clear,Medium,local,0,0,Moderate
10,5,cloudy,Low,local,1,0,Low
16,6,clear,Medium,local,1,0,Low
12,1,fog,Medium,local,1,1,Moderate
6,5,clear,Heavy,arterial,0,1,Low
2,0,clear,Low,local,1,0,High
17,1,cloudy,Medium,arterial,1,1,Low
11,0,cloudy,Heavy,arterial,0,1,Moderate
1,3,rain,Low,local,1,1,High
4,0,rain,Medium,local,1,1,High
13,2,clear,Heavy,arterial,1,1,Moderate
4,0,rain,Medium,arterial,1,1,High
9,0,cloudy,Medium,local,0,1,Low
2,3,cloudy,Heavy,highway,1,1,High
19,2,clear,Low,local,0,1,Low
15,2,rain,Heavy,arterial,1,1,Moderate
18,2,cloudy,Heavy,local,0,0,Low
1,2,clear,Low,highway,0,0,High
9,0,clear,Low,arterial,1,1,Low
6,3,cloudy,Low,local,0,1,Low
14,5,rain,Heavy,highway,1,1,High
19,0,clear,Medium,local,0,1,Low
5,1,rain,Medium,arterial,0,0,Low
18,5,clear,Heavy,highway,1,0,Moderate
13,3,clear,Medium,local,0,1,Low
19,1,cloudy,Medium,highway,1,1,Moderate
1,5,clear,Heavy,local,1,1,High
23,2,clear,Medium,arterial,1,1,Moderate
10,4,cloudy,Heavy,local,0,0,Low
6,3,clear,Medium,local,0,1,Low
4,1,clear,Medium,local,1,0,Moderate
23,5,clear,Low,arterial,0,1,High
21,4,clear,Heavy,arterial,0,0,Low
3,1,clear,Medium,highway,0,0,High
10,5,clear,Heavy,arterial,0,1,Low
17,4,fog,Medium,local,0,1,Low
14,5,cloudy,Heavy,local,1,1,Low
4,5,cloudy,Low,highway,0,0,High
8,2,clear,Heavy,arterial,0,1,Low
8,6,clear,Medium,highway,0,1,Low
6,0,rain,Low,arterial,0,0,Moderate
23,2,cloudy,Medium,arterial,0,1,Moderate
4,4,rain,Low,local,1,1,High
16,3,clear,Low,arterial,1,1,Low
21,1,cloudy,Medium,arterial,0,0,Low
19,1,clear,Heavy,local,0,0,Moderate
19,5,clear,Heavy,highway,0,0,Moderate
3,6,rain,Heavy,local,0,1,High
3,4,clear,Low,local,1,1,High
18,3,clear,Low,local,0,1,Low
17,5,clear,Low,local,0,1,Low
17,1,cloudy,Heavy,arterial,0,1,Low
10,6,rain,Heavy,local,1,0,Moderate
12,0,clear,Medium,local,1,0,Moderate
0,4,fog,Medium,local,1,1,High
6,2,clear,Low,arterial,0,0,Low
12,6,rain,Medium,highway,1,1,Moderate
3,1,cloudy,Heavy,arterial,1,1,Moderate
3,4,rain,Medium,local,1,1,High
1,1,cloudy,Medium,highway,1,0,High
5,1,clear,Medium,local,1,1,Moderate
23,2,clear,Medium,arterial,0,0,High
16,5,rain,Medium,local,1,0,Moderate
22,1,rain,Heavy,arterial,0,1,High
6,4,cloudy,Medium,arterial,1,0,Low
14,3,cloudy,Low,local,1,1,Low
21,6,clear,Medium,arterial,1,1,Low
8,2,clear,Low,local,1,1,Low
15,1,clear,Low,local,0,0,Low
16,6,cloudy,Low,arterial,0,0,Low
19,2,cloudy,Heavy,highway,0,1,Moderate
23,1,cloudy,Low,highway,0,1,High
14,5,cloudy,Heavy,arterial,1,1,Moderate
13,5,clear,Low,local,1,0,Low
20,0,clear,Medium,arterial,0,1,Low
16,5,clear,Heavy,arterial,1,1,Moderate
8,4,clear,Low,local,1,0,Low
15,1,cloudy,Heavy,highway,1,0,Moderate
13,3,rain,Medium,arterial,0,1,Moderate
5,1,rain,Low,local,1,1,Moderate
12,1,clear,Heavy,highway,1,0,Moderate
14,0,rain,Low,local,0,0,Low
21,1,cloudy,Low,arterial,1,1,Moderate
13,4,clear,Heavy,local,0,1,Low
3,5,cloudy,Low,local,0,0,High
23,3,fog,Heavy,local,0,1,High
13,0,clear,Low,local,1,1,Low
6,3,cloudy,Heavy,arterial,1,0,Moderate
18,5,clear,Medium,highway,1,1,Low
9,5,clear,Low,local,0,1,Low
8,5,clear,Heavy,local,1,0,Low
20,2,clear,Heavy,highway,0,1,Moderate
20,4,cloudy,Heavy,local,0,1,Low
12,0,clear,Medium,local,1,0,Low
8,2,cloudy,Medium,arterial,0,0,Low
20,3,rain,Low,local,1,1,Moderate
4,0,rain,Medium,local,0,1,High
17,0,clear,Medium,highway,0,1,Low
14,5,clear,Medium,highway,0,1,Low
20,1,clear,Low,highway,0,1,Low
10,0,clear,Heavy,local,0,0,Low
19,4,clear,Low,highway,1,1,Moderate
0,1,cloudy,Medium,arterial,0,1,High
18,6,cloudy,Medium,highway,0,1,Low
1,6,clear,Low,arterial,0,1,High
15,5,clear,Low,arterial,1,1,Low
4,2,rain,Low,highway,0,1,High
23,6,fog,Low,local,0,1,High
18,1,cloudy,Heavy,arterial,1,0,Low
2,1,cloudy,Medium,arterial,1,0,High
21,6,cloudy,Medium,local,1,1,Moderate
6,4,clear,Low,arterial,0,1,Low
13,0,rain,Medium,local,0,1,Low
2,6,clear,Low,local,0,1,High
2,1,cloudy,Low,highway,0,0,Moderate
5,4,clear,Medium,arterial,0,0,Low
12,3,cloudy,Medium,arterial,0,0,Low
13,0,rain,Low,local,0,1,Low
20,5,cloudy,Low,arterial,1,1,Moderate
3,4,clear,Heavy,arterial,1,0,High
17,6,cloudy,Low,local,0,1,Low
0,4,cloudy,Low,local,1,0,High
6,5,cloudy,Heavy,local,1,1,High
4,6,clear,Low,arterial,1,1,High
2,6,clear,Medium,local,0,1,Moderate
14,3,cloudy,Heavy,arterial,1,1,Moderate
21,0,clear,Low,local,1,0,Moderate
16,2,cloudy,Medium,local,0,0,Low
20,4,clear,Medium,arterial,0,1,Low
14,0,cloudy,Low,arterial,0,1,Low
1,0,clear,Low,arterial,1,1,High
8,2,rain,Heavy,arterial,1,1,Moderate
19,6,clear,Low,local,0,1,Low
1,2,clear,Heavy,local,1,1,High
2,6,clear,Medium,highway,0,1,High
20,5,rain,Medium,arterial,0,1,Moderate
1,2,clear,Medium,highway,0,1,Moderate
23,1,clear,Medium,local,1,1,Low
18,5,clear,Medium,arterial,1,1,Moderate
15,5,rain,Medium,local,1,1,Moderate
12,4,clear,Heavy,highway,1,1,Moderate
2,6,cloudy,Heavy,arterial,0,1,Moderate
9,0,clear,Low,arterial,0,0,Low
19,2,clear,Low,arterial,0,0,Low
21,4,clear,Heavy,local,1,0,Moderate
10,0,cloudy,Low,local,1,1,Low
20,6,clear,Heavy,highway,0,1,Moderate
18,4,fog,Low,local,0,1,Moderate
1,2,clear,Low,local,0,0,Moderate
14,1,cloudy,Low,local,0,0,Low
14,0,clear,Low,highway,0,1,Low
13,4,clear,Heavy,arterial,0,0,Low
18,6,rain,Medium,highway,1,1,Low
21,0,rain,Heavy,local,1,1,Moderate
13,2,cloudy,Medium,arterial,1,1,Low
7,4,rain,Heavy,local,1,1,High
23,3,clear,Medium,local,1,1,Moderate
23,4,fog,Low,arterial,1,1,High
16,4,clear,Heavy,arterial,0,1,Low
15,6,rain,Medium,arterial,1,1,Moderate
2,4,cloudy,Medium,arterial,1,1,High
9,4,clear,Medium,arterial,0,1,Low
4,2,cloudy,Medium,highway,0,1,High
12,1,fog,Low,arterial,1,1,Moderate
19,0,clear,Low,local,1,1,Moderate
5,0,clear,Heavy,highway,1,0,Moderate
23,5,cloudy,Heavy,arterial,0,0,High
3,0,clear,Heavy,local,0,0,High
2,3,clear,Heavy,local,1,1,Moderate
23,4,cloudy,Medium,highway,0,1,Moderate
2,4,rain,Heavy,arterial,0,1,High
17,0,clear,Medium,highway,1,1,Low
18,6,fog,Heavy,highway,0,0,Moderate
7,3,clear,Medium,local,0,1,Low
1,0,clear,Medium,highway,1,0,High
7,0,clear,Medium,arterial,0,1,Low
1,6,clear,Low,highway,1,0,High
16,6,cloudy,Low,local,0,0,Low
21,5,clear,Heavy,arterial,0,1,Moderate
23,2,clear,Medium,arterial,1,1,High
19,6,cloudy,Low,highway,1,1,High
18,1,cloudy,Heavy,local,0,1,Low
21,1,cloudy,Heavy,local,1,1,Moderate
18,5,cloudy,Heavy,local,1,0,Low
15,2,fog,Low,local,1,1,Moderate
23,3,cloudy,Low,local,1,1,High
7,4,rain,Heavy,arterial,1,0,High
9,1,fog,Low,local,1,1,Moderate
21,6,rain,Low,local,0,1,High
7,1,clear,Low,arterial,0,1,Low
7,6,clear,Heavy,highway,1,1,Moderate
3,1,clear,Medium,arterial,0,0,High
6,2,clear,Heavy,local,0,0,Low
14,1,cloudy,Heavy,local,0,1,Low
21,3,clear,Heavy,local,0,1,Moderate
3,0,cloudy,Low,highway,0,1,High
16,1,rain,Medium,highway,1,1,Moderate
18,3,clear,Medium,arterial,1,1,Low
21,4,fog,Heavy,arterial,1,1,High
18,6,rain,Low,highway,1,1,Moderate
3,5,rain,Low,highway,1,1,High
11,6,clear,Medium,local,1,1,Low
22,5,fog,Medium,local,0,1,High
21,5,clear,Low,arterial,0,0,Moderate
14,2,rain,Medium,highway,0,0,Moderate
23,6,clear,Medium,highway,0,1,Moderate
16,6,clear,Medium,arterial,1,1,Low
1,3,clear,Low,highway,0,0,High
21,0,cloudy,Medium,highway,1,1,Moderate
4,0,rain,Low,local,1,0,High
9,3,cloudy,Low,arterial,1,1,Moderate
5,4,cloudy,Medium,local,0,1,Low
17,3,clear,Low,local,0,1,Low
0,6,fog,Medium,arterial,0,0,High
15,3,clear,Medium,arterial,1,0,Low
20,4,rain,Medium,arterial,0,1,Low
18,5,rain,Low,local,1,0,Moderate
7,6,clear,Low,local,1,0,Low
21,4,clear,Medium,highway,1,1,Moderate
8,3,cloudy,Low,local,1,1,Low
16,0,fog,Low,arterial,1,1,Moderate
12,4,cloudy,Heavy,arterial,0,1,Low
1,1,rain,Low,highway,1,1,High
0,2,fog,Medium,arterial,1,1,High
4,3,clear,Low,local,0,1,Moderate
22,0,clear,Low,arterial,0,0,Moderate
22,4,cloudy,Heavy,local,1,1,High
9,1,clear,Heavy,highway,1,1,Moderate
23,3,rain,Low,highway,1,1,High
1,2,clear,Low,arterial,0,0,High
23,2,cloudy,Medium,highway,0,0,High
5,2,clear,Medium,arterial,1,0,Moderate
0,0,rain,Medium,arterial,1,0,High
18,1,clear,Low,arterial,1,1,Low
9,5,cloudy,Heavy,arterial,1,1,Moderate
7,0,clear,Heavy,highway,1,1,Moderate
18,3,rain,Medium,arterial,0,0,Low
7,0,clear,Heavy,arterial,0,1,Moderate
18,3,cloudy,Low,local,1,1,Low
4,4,rain,Low,local,1,1,High
2,3,clear,Low,arterial,0,0,High
7,5,clear,Low,highway,0,0,Low
14,1,clear,Low,arterial,0,1,Low
5,3,cloudy,Heavy,arterial,0,1,Low
3,1,clear,Heavy,arterial,0,0,High
17,3,clear,Medium,arterial,0,1,Low
11,0,clear,Medium,arterial,0,0,Low
10,1,clear,Low,arterial,1,1,Low
5,4,clear,Low,highway,0,1,Low
0,5,clear,Medium,local,1,1,Moderate
1,1,cloudy,Medium,local,1,0,High
16,1,cloudy,Medium,local,0,1,Low
1,2,clear,Medium,highway,1,1,High
5,1,rain,Heavy,local,1,1,High
21,6,clear,Low,local,1,1,Low
8,4,rain,Low,local,1,0,Moderate
17,2,cloudy,Low,highway,0,1,Low
8,3,clear,Heavy,arterial,0,1,Moderate
22,3,cloudy,Medium,local,1,1,Moderate
19,3,clear,Medium,arterial,1,0,Low
11,2,fog,Heavy,local,0,1,Moderate
16,6,cloudy,Medium,arterial,1,0,Moderate
9,2,clear,Low,arterial,1,1,Low
22,2,clear,Low,arterial,0,1,High
8,0,cloudy,Medium,local,0,1,Low
20,3,clear,Medium,highway,1,1,Moderate
14,5,clear,Heavy,arterial,0,1,Low
15,6,rain,Low,local,1,1,Moderate
8,3,clear,Medium,local,0,1,Low
19,0,clear,Low,local,0,1,Low
17,5,clear,Heavy,highway,1,0,Low
19,4,cloudy,Low,arterial,1,0,High
19,6,cloudy,Low,arterial,1,0,Moderate
3,3,cloudy,Medium,local,1,1,Moderate
21,0,fog,Heavy,arterial,0,1,Moderate
20,6,clear,Low,local,0,1,Moderate
5,4,clear,Low,highway,0,0,Moderate
23,5,clear,Low,local,0,0,High
12,0,clear,Heavy,arterial,1,1,Moderate
7,3,clear,Medium,arterial,0,1,Low
5,3,clear,Heavy,local,1,1,Low
8,1,rain,Low,highway,1,1,High
0,5,clear,Medium,highway,0,1,Moderate
16,1,rain,Medium,highway,1,1,Moderate
16,0,rain,Low,arterial,1,0,High
16,1,clear,Medium,local,0,1,Low
13,6,rain,Medium,local,1,1,Low
8,0,cloudy,Low,local,0,1,Low
17,4,clear,Medium,arterial,0,0,Low
20,1,cloudy,Medium,arterial,0,1,Low
2,2,clear,Medium,arterial,0,0,High
9,3,clear,Medium,arterial,0,0,Low
23,0,rain,Heavy,local,1,1,High
20,1,cloudy,Medium,arterial,0,1,Low
23,4,clear,Medium,arterial,1,1,Moderate
4,0,cloudy,Low,local,0,1,Moderate
11,3,fog,Heavy,local,1,1,Moderate
3,4,clear,Low,local,1,0,High
20,1,clear,Low,local,0,0,Low
12,1,clear,Medium,arterial,0,1,Low
5,3,fog,Heavy,local,1,1,Moderate
2,5,clear,Low,local,0,0,High
17,0,clear,Medium,arterial,1,1,Low
19,2,cloudy,Low,arterial,1,1,Moderate
21,6,clear,Low,highway,0,0,Moderate
23,2,clear,Medium,arterial,1,0,High
19,2,rain,Low,arterial,1,1,Moderate
18,5,cloudy,Heavy,arterial,1,1,Moderate
19,3,clear,Low,highway,1,1,Moderate
23,2,fog,Medium,arterial,1,0,High
11,5,clear,Low,local,0,1,Low
18,0,clear,Low,arterial,1,1,Low
19,4,clear,Medium,arterial,1,0,Low
2,2,clear,Low,local,1,1,Moderate
16,6,cloudy,Low,arterial,1,1,Low
8,5,clear,Low,local,1,1,Low
3,6,clear,Low,highway,0,1,High
4,0,fog,Heavy,highway,1,1,High
2,1,clear,Heavy,local,0,1,Moderate
21,6,clear,Low,local,0,0,Low
18,2,clear,Low,highway,1,0,Low
2,5,rain,Low,local,1,1,High
15,4,clear,Medium,local,1,0,Low
15,3,clear,Low,arterial,0,1,Low
12,0,rain,Low,highway,1,1,Moderate
14,0,clear,Medium,local,0,1,Low
21,5,rain,Medium,highway,1,1,Moderate
12,0,cloudy,Medium,local,0,0,Low
15,0,rain,Medium,local,0,1,Moderate
13,1,clear,Low,arterial,0,1,Low
9,6,fog,Low,local,1,0,Moderate
21,4,clear,Medium,local,0,0,Low
9,5,clear,Medium,arterial,1,0,Moderate
19,4,rain,Low,arterial,0,0,High
14,3,clear,Low,local,1,1,Low
16,1,clear,Low,local,1,0,Low
18,3,cloudy,Heavy,highway,1,1,Moderate
17,3,clear,Low,highway,0,1,Low
13,6,clear,Heavy,local,0,1,Low
14,6,clear,Heavy,local,0,1,Low
12,5,clear,Medium,arterial,0,1,Low
8,5,cloudy,Heavy,arterial,0,1,Low
17,5,cloudy,Low,local,1,0,Moderate
21,4,clear,Low,arterial,0,1,Low
16,5,clear,Medium,arterial,1,1,Low
18,0,clear,Medium,arterial,0,1,Low
19,0,clear,Heavy,arterial,1,1,Moderate
8,3,clear,Medium,highway,1,0,Moderate
1,0,cloudy,Low,arterial,0,1,Moderate
8,2,clear,Low,arterial,1,1,Low
18,1,cloudy,Medium,highway,0,1,Low
19,6,clear,Medium,arterial,0,1,Low
12,4,clear,Medium,arterial,1,1,Low
18,0,clear,Heavy,highway,0,1,Low
1,4,clear,Low,local,0,1,Moderate
15,5,cloudy,Medium,arterial,0,1,Low
16,2,cloudy,Low,arterial,0,1,Low
12,6,fog,Medium,arterial,0,1,Moderate
17,6,clear,Heavy,highway,0,0,Moderate
11,6,clear,Medium,arterial,1,0,Low
12,0,rain,Medium,highway,0,1,Moderate
14,3,cloudy,Low,arterial,0,0,Low
19,5,clear,Heavy,highway,0,1,Moderate
5,3,clear,Medium,local,0,1,Low
7,3,clear,Heavy,local,0,1,Low
10,2,clear,Low,local,0,1,Low
4,2,cloudy,Low,local,1,1,High
8,4,clear,Medium,local,1,1,Low
8,0,fog,Medium,highway,1,0,High
7,5,clear,Medium,highway,0,1,Low
9,5,rain,Low,highway,1,0,Moderate
12,0,clear,Medium,local,1,1,Low
16,5,cloudy,Medium,local,0,0,Low
7,3,rain,Low,highway,0,1,Moderate
20,2,clear,Medium,highway,1,1,Moderate
11,3,clear,Heavy,highway,1,1,Low
17,3,clear,Low,local,0,1,Low
2,1,clear,Heavy,arterial,0,1,Low
4,4,rain,Heavy,local,0,0,High
10,4,cloudy,Medium,local,1,0,Low
8,2,rain,Heavy,local,1,1,Moderate
11,3,clear,Medium,arterial,1,0,Low
3,4,rain,Low,highway,1,1,High
11,3,cloudy,Low,highway,1,0,Moderate
16,3,clear,Low,local,0,0,Low
17,6,rain,Low,arterial,1,0,Low
5,6,clear,Heavy,local,0,0,Low
8,2,clear,Heavy,arterial,0,1,Low
12,5,rain,Medium,arterial,0,0,Moderate
12,5,clear,Medium,local,0,1,Low
19,0,clear,Heavy,local,0,1,Moderate
9,4,clear,Heavy,highway,0,0,Moderate
16,5,rain,Low,highway,0,0,Moderate
21,0,clear,Heavy,highway,1,1,Moderate
7,2,clear,Medium,local,1,1,Low
19,5,clear,Low,local,1,1,Low
7,6,clear,Low,local,0,1,Low
8,6,clear,Heavy,highway,0,0,Low
15,4,rain,Low,arterial,1,1,Moderate
14,0,rain,Heavy,highway,0,1,Low
13,0,rain,Heavy,local,0,0,Moderate
5,5,cloudy,Low,arterial,0,1,Low
2,5,clear,Low,local,0,1,Moderate
21,1,clear,Medium,local,1,1,Moderate
20,0,clear,Low,highway,0,1,Low
21,1,clear,Medium,highway,1,0,Low
12,6,cloudy,Heavy,highway,1,1,Low
21,5,clear,Medium,highway,1,1,Low
11,6,cloudy,Medium,local,1,1,Low
1,0,clear,Heavy,local,0,1,Moderate
4,4,clear,Heavy,arterial,0,1,Moderate
6,6,fog,Heavy,highway,1,0,High
9,3,clear,Low,arterial,0,0,Low
22,5,clear,Low,arterial,0,0,High
7,4,clear,Medium,arterial,1,1,Low
14,0,clear,Low,arterial,1,1,Low
6,3,clear,Medium,highway,1,0,Moderate
15,1,fog,Heavy,arterial,1,1,High
13,0,rain,Heavy,arterial,1,0,Moderate
3,4,cloudy,Low,highway,0,1,High
11,6,cloudy,Heavy,arterial,1,1,Low
2,0,clear,Medium,highway,1,1,Moderate
21,2,rain,Medium,arterial,0,1,Moderate
16,4,clear,Low,local,1,1,Low
22,2,clear,Low,arterial,1,0,High
21,0,fog,Heavy,local,1,0,High
5,1,clear,Medium,arterial,1,1,Low
16,0,clear,Heavy,highway,0,1,Low
2,6,cloudy,Low,arterial,0,1,High
23,3,clear,Low,highway,0,0,High
18,6,clear,Low,highway,1,0,Moderate
16,4,clear,Medium,highway,0,1,Low
23,2,cloudy,Medium,arterial,0,1,High
20,6,clear,Medium,arterial,1,1,Moderate
20,1,clear,Low,arterial,0,1,Low
2,1,clear,Low,arterial,0,1,Moderate
0,5,clear,Low,local,1,0,High
23,3,clear,Low,highway,0,1,High
6,2,clear,Heavy,arterial,0,0,Moderate
10,4,clear,Low,local,1,1,Low
1,6,clear,Low,highway,1,1,High
14,1,clear,Heavy,local,0,0,Low
19,6,clear,Heavy,local,0,1,Low
20,6,rain,Medium,arterial,1,1,Moderate
13,5,clear,Low,local,1,0,Low
15,1,clear,Medium,local,0,0,Low
12,0,clear,Low,local,0,0,Low
10,0,cloudy,Low,highway,1,1,High
13,4,clear,Heavy,arterial,0,1,Low
22,2,cloudy,Heavy,highway,0,1,High
6,6,cloudy,Low,highway,1,1,Moderate
11,0,clear,Heavy,arterial,0,1,Low
14,2,clear,Medium,highway,0,1,Moderate
13,1,fog,Medium,highway,0,1,High
0,6,clear,Low,local,1,1,High
6,0,clear,Heavy,local,1,1,Moderate
15,2,clear,Low,highway,1,1,Moderate
16,6,clear,Low,highway,0,1,Low
17,6,rain,Low,arterial,0,1,Moderate
23,6,clear,Medium,highway,1,1,High
16,4,clear,Heavy,arterial,1,0,Moderate
13,1,cloudy,Low,local,0,1,Low
7,0,rain,Low,highway,1,0,Low
8,2,clear,Heavy,local,1,1,Moderate
19,3,cloudy,Medium,local,1,0,Low
11,3,clear,Heavy,highway,1,1,Moderate
17,0,cloudy,Heavy,arterial,0,1,Low
2,4,clear,Heavy,highway,0,1,High
3,2,clear,Medium,arterial,1,0,High
5,0,fog,Low,highway,1,1,High
4,6,cloudy,Medium,arterial,1,1,Moderate
14,2,clear,Medium,arterial,0,1,Low
15,1,fog,Medium,local,1,1,Moderate
13,3,clear,Medium,highway,0,1,Low
6,6,cloudy,Low,highway,1,0,Moderate
13,5,cloudy,Medium,highway,1,0,Moderate
2,0,rain,Medium,highway,1,1,High
11,4,clear,Heavy,arterial,1,1,Low
3,4,cloudy,Low,local,1,1,Moderate
1,6,cloudy,Medium,arterial,0,1,Moderate
3,6,clear,Medium,local,0,1,High
2,5,rain,Low,arterial,0,1,High
11,4,clear,Medium,highway,0,0,Low
13,2,clear,Medium,local,1,1,Low
14,6,cloudy,Heavy,local,1,1,Low
10,6,clear,Low,highway,1,1,Moderate
4,6,rain,Heavy,highway,0,1,High
0,6,clear,Low,arterial,0,1,Moderate
17,4,clear,Medium,local,0,0,Low
23,6,cloudy,Medium,arterial,0,1,Moderate
6,5,rain,Low,arterial,0,0,Moderate
4,1,cloudy,Low,arterial,0,1,Moderate
7,0,clear,Low,arterial,0,0,Low
5,6,clear,Medium,local,0,0,Low
5,2,rain,Low,local,1,0,Moderate
11,6,rain,Heavy,local,0,1,Moderate
18,2,cloudy,Low,highway,1,1,Moderate
17,2,cloudy,Heavy,arterial,1,1,Moderate
23,5,clear,Heavy,local,1,0,High
8,3,clear,Low,highway,1,1,Moderate
11,4,clear,Heavy,arterial,0,1,Low
9,2,clear,Heavy,local,0,1,Low
1,4,clear,Low,arterial,1,0,High
9,3,cloudy,Medium,arterial,1,0,Low
6,6,clear,Heavy,arterial,1,1,Moderate
11,3,clear,Heavy,highway,1,1,Moderate
3,0,rain,Heavy,local,0,0,High
17,5,clear,Low,highway,1,1,Low
20,6,cloudy,Low,arterial,1,1,Moderate
23,6,rain,Medium,arterial,1,1,High
2,0,rain,Low,arterial,1,1,High
2,6,rain,Medium,local,0,1,High
23,2,rain,Medium,highway,1,1,High
20,5,clear,Medium,arterial,1,1,Moderate
14,4,cloudy,Heavy,local,1,1,Low
7,6,rain,Medium,highway,0,1,Moderate
12,2,clear,Medium,local,0,1,Low
12,4,cloudy,Heavy,arterial,0,1,Low
20,4,clear,Low,arterial,0,0,Moderate
12,1,cloudy,Medium,highway,0,1,Moderate
0,5,clear,Medium,arterial,1,1,High
16,1,cloudy,Medium,highway,1,1,Low
18,5,clear,Heavy,arterial,1,1,Low
7,0,clear,Heavy,local,0,1,Low
2,1,clear,Medium,local,1,1,Moderate
3,3,cloudy,Heavy,arterial,1,1,High
20,1,rain,Low,local,0,0,Moderate
10,0,clear,Medium,highway,0,1,Low
12,0,clear,Heavy,highway,1,1,Moderate
23,2,cloudy,Medium,local,1,0,High
1,3,cloudy,Heavy,highway,0,1,Moderate
4,0,clear,Heavy,local,1,1,High
19,0,cloudy,Low,arterial,0,1,Low
12,4,rain,Heavy,highway,0,0,Moderate
0,2,clear,Medium,arterial,0,1,Moderate
16,5,clear,Medium,arterial,1,0,Low
3,5,clear,Heavy,highway,1,1,High
18,0,fog,Medium,local,1,1,Moderate
19,6,rain,Low,arterial,1,1,Moderate
19,4,clear,Heavy,highway,0,1,Moderate
11,5,fog,Low,local,1,1,Moderate
6,3,clear,Heavy,arterial,0,1,Moderate
21,0,cloudy,Heavy,arterial,0,1,Moderate
13,6,rain,Heavy,arterial,1,1,Moderate
15,3,rain,Medium,local,1,1,Moderate
3,0,cloudy,Heavy,highway,1,1,High
14,1,clear,Medium,local,0,1,Low
13,1,clear,Low,arterial,1,0,Low
7,2,clear,Heavy,highway,0,1,Low
18,3,rain,Heavy,highway,0,1,Moderate
3,2,clear,Heavy,local,1,1,Moderate
17,6,clear,Medium,highway,1,0,Moderate
23,6,clear,Low,local,0,1,Moderate
13,4,clear,Low,highway,0,1,Low
2,4,clear,Low,local,0,1,Moderate
13,6,clear,Heavy,local,0,0,Low
12,1,clear,Medium,arterial,1,1,Moderate
13,3,clear,Low,highway,1,0,Moderate
6,4,clear,Low,highway,1,1,Moderate
15,1,fog,Low,local,1,1,Moderate
6,6,cloudy,Medium,arterial,0,1,Low
13,1,cloudy,Heavy,local,0,1,Low
14,0,rain,Heavy,arterial,1,1,Moderate
15,2,cloudy,Medium,local,1,0,Low
19,5,cloudy,Medium,local,1,1,Low
21,2,clear,Low,arterial,0,1,Low
18,1,clear,Medium,highway,1,0,Moderate
19,6,clear,Medium,arterial,1,1,Low
20,1,rain,Low,arterial,1,0,Moderate
5,1,clear,Low,local,0,1,Low
7,6,clear,Heavy,local,0,0,Low
12,2,rain,Medium,local,1,1,Moderate
11,0,clear,Medium,highway,1,0,Low
16,3,cloudy,Medium,local,0,0,Low
0,5,cloudy,Medium,local,1,0,High
3,5,clear,Low,highway,0,1,High
17,0,clear,Heavy,local,0,1,Low
19,1,clear,Low,highway,1,1,Moderate
7,4,rain,Low,arterial,1,1,Moderate
7,4,rain,Medium,local,1,1,Moderate
13,4,rain,Medium,highway,1,1,Moderate
11,2,clear,Medium,local,1,0,Low
4,6,clear,Heavy,arterial,0,1,Moderate
12,0,cloudy,Low,arterial,0,1,Low
19,5,cloudy,Low,arterial,1,0,Moderate
17,6,clear,Low,highway,1,0,Low
19,4,clear,Low,highway,0,0,Moderate
15,3,clear,Heavy,highway,0,0,Low
21,2,clear,Medium,highway,0,1,Moderate
5,3,cloudy,Low,arterial,1,1,Moderate
1,1,fog,Medium,arterial,0,0,High
2,1,clear,Heavy,highway,1,0,High
23,4,clear,Heavy,local,1,1,High
15,3,clear,Medium,local,0,1,Low
5,3,clear,Medium,highway,1,1,Moderate
20,3,clear,Low,highway,1,1,Moderate
7,0,clear,Heavy,arterial,1,1,Moderate
14,6,clear,Heavy,local,1,1,Moderate
5,6,cloudy,Medium,highway,0,1,Moderate
2,1,cloudy,Medium,arterial,1,0,High
6,2,cloudy,Medium,local,1,0,Moderate
5,4,clear,Medium,arterial,1,1,Moderate
13,0,clear,Medium,highway,1,1,Low
0,0,clear,Heavy,arterial,1,0,High
5,6,clear,Heavy,arterial,0,0,Moderate
13,1,clear,Heavy,local,1,0,Low
9,4,clear,Low,local,0,0,Low
15,6,fog,Medium,highway,1,1,Moderate
15,5,fog,Medium,local,0,1,Low
23,1,rain,Low,local,0,0,High
20,1,cloudy,Medium,highway,1,1,Moderate
5,5,cloudy,Low,local,0,1,Low
16,2,cloudy,Medium,highway,0,1,Low
15,6,cloudy,Low,highway,1,0,Moderate
14,4,clear,Medium,local,1,0,Low
19,0,fog,Heavy,arterial,1,1,High
3,1,rain,Low,local,1,1,High
9,5,clear,Low,arterial,0,1,Low
19,4,clear,Medium,arterial,0,0,Low
21,5,rain,Medium,local,1,1,Moderate
0,1,rain,Heavy,local,1,1,High
11,1,clear,Medium,highway,1,1,Low
6,1,clear,Heavy,highway,0,1,Moderate
4,4,clear,Low,local,1,0,High
1,0,clear,Low,arterial,0,0,High
12,5,clear,Heavy,arterial,1,1,Moderate
16,1,clear,Low,highway,0,1,Low
12,3,clear,Medium,local,0,1,Low
8,1,clear,Medium,highway,1,1,Moderate
18,2,rain,Heavy,local,1,1,Moderate
15,5,clear,Medium,local,1,1,Low
21,1,clear,Heavy,arterial,0,1,Low
8,3,clear,Medium,highway,0,1,Low
5,0,rain,Low,arterial,0,0,Low
10,1,clear,Low,highway,1,1,Low
12,4,cloudy,Medium,arterial,0,0,Low
10,3,clear,Low,arterial,0,1,Low
19,4,clear,Low,arterial,1,1,Moderate
1,1,rain,Medium,local,1,1,High
12,1,clear,Medium,local,1,1,Low
10,2,clear,Medium,arterial,1,1,Moderate
5,0,clear,Heavy,local,1,1,Low
15,6,clear,Low,arterial,1,1,Low
19,1,cloudy,Heavy,arterial,0,0,Moderate
13,5,cloudy,Medium,highway,1,1,Moderate
2,1,rain,Heavy,local,1,1,High
1,4,clear,Medium,highway,1,1,Moderate
10,1,clear,Low,highway,1,1,Low
16,1,fog,Heavy,arterial,0,1,Moderate
7,2,clear,Heavy,local,1,0,Moderate
7,0,rain,Heavy,local,0,1,Moderate
20,0,cloudy,Heavy,arterial,1,0,High
0,5,clear,Low,local,1,1,Moderate
1,2,fog,Heavy,arterial,1,1,High
3,3,clear,Heavy,arterial,1,1,Moderate
23,4,cloudy,Heavy,local,1,1,High
11,4,clear,Medium,arterial,1,0,Low
3,4,cloudy,Heavy,arterial,0,0,High
7,6,clear,Medium,highway,0,0,Low
23,4,clear,Medium,local,1,1,Moderate
16,2,fog,Heavy,highway,1,1,High
5,1,clear,Low,arterial,0,1,Low
5,5,clear,Heavy,local,1,1,Low
1,2,clear,Medium,arterial,1,1,High
18,3,cloudy,Low,local,0,1,Low
3,5,clear,Medium,local,1,1,Moderate
6,1,cloudy,Medium,local,1,1,Low
8,1,cloudy,Low,highway,0,1,Moderate
14,0,rain,Heavy,highway,1,1,High
14,0,fog,Medium,local,1,1,Moderate
19,4,rain,Heavy,arterial,0,1,Moderate
7,3,clear,Low,local,1,1,Low
9,2,cloudy,Low,arterial,0,1,Low
9,1,clear,Low,local,0,1,Low
1,4,clear,Low,arterial,0,1,Moderate
17,0,clear,Heavy,local,0,1,Low
12,4,clear,Medium,arterial,1,1,Low
11,6,clear,Heavy,highway,0,0,Moderate
23,3,clear,Heavy,arterial,1,1,Moderate
4,3,cloudy,Low,arterial,0,1,Moderate
23,3,fog,Heavy,highway,0,0,High
16,0,clear,Heavy,highway,1,1,Moderate
5,4,clear,Low,local,0,0,Low
16,2,clear,Medium,local,1,1,Low
18,3,clear,Medium,local,0,0,Low
8,0,fog,Medium,arterial,0,0,Moderate
8,6,clear,Medium,arterial,1,1,Low
20,2,clear,Medium,highway,0,0,Low
3,0,clear,Medium,highway,1,0,High
0,5,clear,Medium,local,1,1,High
15,6,clear,Medium,highway,1,1,Low
21,3,fog,Heavy,arterial,0,1,High
12,0,cloudy,Low,local,1,0,Low
3,6,clear,Low,local,1,0,High
12,1,cloudy,Medium,highway,1,1,Moderate
6,1,rain,Medium,arterial,0,1,Moderate
19,4,clear,Medium,arterial,1,1,Low
14,2,cloudy,Medium,arterial,1,1,Low
8,0,cloudy,Low,local,1,1,Low
14,4,cloudy,Medium,arterial,1,1,Low
16,1,clear,Medium,local,1,1,Low
16,6,cloudy,Medium,arterial,1,1,Moderate
8,1,rain,Medium,local,0,0,Low
13,6,cloudy,Medium,arterial,1,0,Low
1,5,clear,Medium,local,0,1,Moderate
9,1,clear,Heavy,local,1,1,Low
9,4,cloudy,Medium,arterial,1,1,Moderate
12,6,cloudy,Heavy,arterial,1,1,Moderate
22,0,fog,Heavy,local,1,1,High
22,5,clear,Low,arterial,0,1,High
11,3,clear,Heavy,arterial,0,1,Low
15,6,rain,Medium,local,0,1,Low
2,1,cloudy,Heavy,highway,0,1,High
11,5,clear,Heavy,arterial,1,1,Moderate
16,6,cloudy,Medium,highway,0,0,Moderate
16,2,clear,Low,highway,1,1,Low
23,0,clear,Medium,arterial,1,1,High
11,2,clear,Medium,highway,0,1,Low
21,4,clear,Medium,highway,0,1,Moderate
23,4,cloudy,Medium,highway,0,0,High
13,3,clear,Medium,arterial,0,1,Low
2,6,rain,Medium,local,1,1,High
9,4,clear,Heavy,local,1,1,Low
18,4,cloudy,Medium,local,1,1,Low
13,6,clear,Medium,arterial,0,1,Low
22,6,clear,Heavy,highway,0,0,High
19,2,cloudy,Heavy,local,1,1,Moderate
1,2,fog,Medium,highway,1,1,High
20,5,fog,Low,local,0,0,Moderate
8,3,clear,Medium,arterial,0,1,Low
19,3,clear,Medium,arterial,1,0,Moderate
12,4,clear,Low,arterial,1,1,Low
10,4,clear,Heavy,highway,1,1,Moderate
1,6,clear,Low,local,1,1,High
2,2,rain,Low,arterial,0,1,Moderate
14,5,cloudy,Medium,highway,1,1,Moderate
13,1,clear,Medium,arterial,0,1,Low
13,6,fog,Medium,local,0,0,Moderate
3,0,cloudy,Heavy,arterial,0,1,Moderate
12,5,clear,Heavy,local,0,1,Low
1,0,rain,Low,highway,0,1,High
3,6,cloudy,Heavy,highway,0,1,High
11,6,clear,Medium,local,1,1,Low
14,5,clear,Medium,highway,1,1,Moderate
15,5,clear,Heavy,highway,0,0,Moderate
23,3,clear,Heavy,local,0,1,Moderate
20,1,rain,Medium,highway,0,0,Moderate
9,6,clear,Medium,arterial,0,0,Low
18,3,clear,Low,highway,1,1,Low
2,5,fog,Medium,local,0,0,High
20,4,fog,Medium,arterial,1,1,High
9,4,rain,Medium,arterial,1,1,Moderate
18,2,rain,Heavy,arterial,0,0,Low
23,2,fog,Medium,arterial,0,1,High
16,3,rain,Medium,arterial,0,1,Low
22,4,clear,Medium,local,1,1,Moderate
0,5,clear,Heavy,arterial,1,1,High
4,1,clear,Heavy,highway,1,1,High
15,1,clear,Heavy,arterial,0,0,Low
12,0,clear,Low,arterial,0,1,Low
2,3,clear,Heavy,arterial,1,1,High
17,4,clear,Heavy,arterial,0,1,Low
1,1,cloudy,Low,highway,1,1,High
23,4,clear,Medium,local,1,1,Low
3,0,clear,Medium,highway,1,1,High
10,6,cloudy,Medium,highway,0,0,Moderate
19,4,clear,Heavy,local,1,0,Moderate
12,4,clear,Heavy,arterial,1,1,Moderate
17,4,clear,Low,arterial,0,1,Low
16,2,cloudy,Low,arterial,1,1,Low
22,6,rain,Low,arterial,0,1,High
11,5,clear,Heavy,arterial,1,1,Moderate
23,1,rain,Low,local,0,1,Moderate
12,6,rain,Medium,local,1,1,Low
21,5,fog,Medium,arterial,1,0,High
17,2,rain,Low,highway,1,0,Moderate
3,6,cloudy,Low,arterial,0,1,Moderate
15,1,clear,Heavy,highway,0,0,Low
21,4,clear,Medium,arterial,0,0,Moderate
3,4,clear,Medium,arterial,1,0,High
20,6,clear,Medium,arterial,0,0,Low
2,3,fog,Low,highway,1,0,High
20,6,clear,Medium,arterial,1,0,Moderate
18,1,clear,Low,arterial,0,1,Low
3,5,fog,Low,arterial,0,1,High
17,1,clear,Low,local,0,1,Low
2,6,clear,Medium,highway,1,0,High
13,5,clear,Low,highway,1,1,Low
22,4,clear,Low,arterial,0,0,High
4,0,clear,Heavy,arterial,0,1,Moderate
4,3,clear,Medium,highway,1,1,Moderate
10,1,cloudy,Heavy,arterial,1,1,Moderate
8,6,clear,Heavy,highway,1,0,Low
1,2,cloudy,Medium,arterial,1,1,Moderate
10,5,clear,Medium,arterial,0,1,Moderate
6,6,clear,Heavy,local,0,1,Moderate
2,0,clear,Medium,arterial,0,0,Moderate
6,5,rain,Low,arterial,1,1,High
0,2,cloudy,Low,local,0,0,High
21,0,clear,Heavy,highway,0,1,Moderate
23,1,cloudy,Low,arterial,0,1,Moderate
8,3,clear,Heavy,arterial,1,1,Low
21,5,rain,Medium,highway,1,1,High
11,4,fog,Medium,highway,1,1,Moderate
21,1,clear,Medium,highway,1,1,Moderate
4,2,clear,Medium,arterial,1,1,Moderate
6,2,clear,Low,arterial,0,1,Low
17,5,cloudy,Heavy,local,1,1,Low
5,3,clear,Heavy,arterial,1,1,Moderate
19,0,clear,Medium,highway,0,1,Moderate
10,0,rain,Medium,arterial,1,0,Moderate
9,0,clear,Medium,highway,1,1,Moderate
10,6,rain,Medium,arterial,1,0,Moderate
19,3,clear,Heavy,local,1,1,Moderate
0,3,rain,Low,local,0,1,High
18,5,rain,Heavy,arterial,1,1,Moderate
18,1,clear,Medium,highway,1,0,Low
19,0,clear,Medium,local,0,1,Low
23,1,clear,Medium,highway,0,0,High
18,1,cloudy,Medium,local,1,1,Low
12,5,clear,Low,highway,1,0,Low
11,5,fog,Medium,arterial,1,1,Moderate
9,4,rain,Medium,highway,0,1,High
19,6,fog,Low,highway,1,0,High
9,3,clear,Low,highway,1,1,Low
13,1,clear,Heavy,arterial,0,1,Low
2,2,clear,Heavy,arterial,0,1,Moderate
7,0,clear,Medium,arterial,0,1,Low
6,6,clear,Low,highway,0,0,Low
10,4,clear,Medium,local,1,0,Low
12,5,cloudy,Heavy,highway,0,1,Moderate
17,1,clear,Heavy,local,0,1,Low
10,5,clear,Heavy,arterial,0,1,Low
3,2,clear,Heavy,arterial,0,1,High
13,3,cloudy,Heavy,local,0,1,Low
1,4,rain,Low,arterial,1,1,High
20,6,cloudy,Low,arterial,1,1,Moderate
18,3,clear,Heavy,arterial,0,1,Low
5,4,cloudy,Low,arterial,0,1,Low
6,4,cloudy,Low,highway,0,0,Moderate
0,2,clear,Heavy,highway,0,1,High
8,6,clear,Heavy,local,1,1,Low
0,6,rain,Low,local,1,0,High
22,2,clear,Medium,arterial,0,0,Moderate
3,6,clear,Low,local,1,1,Moderate
15,3,clear,Low,local,0,1,Low
13,5,rain,Low,arterial,1,1,Moderate
5,3,clear,Heavy,local,1,0,Moderate
19,5,fog,Low,arterial,1,1,High
2,6,rain,Heavy,arterial,1,1,High
21,2,rain,Low,highway,1,1,High
17,4,clear,Low,highway,0,0,Moderate
15,3,clear,Low,local,0,1,Low
21,5,rain,Heavy,arterial,1,0,High
9,1,fog,Heavy,highway,0,0,Moderate
6,5,rain,Low,local,0,0,Moderate
3,4,fog,Medium,highway,1,0,High
22,3,cloudy,Low,arterial,0,1,High
9,2,clear,Low,local,1,0,Low
19,4,clear,Low,arterial,0,1,Moderate
7,2,clear,Low,local,1,1,Low
22,0,clear,Heavy,highway,1,1,High
20,6,clear,Medium,arterial,1,1,Moderate
7,3,clear,Heavy,arterial,1,0,Low
11,1,clear,Heavy,local,0,1,Low
19,1,clear,Heavy,highway,0,0,Moderate
5,5,cloudy,Medium,arterial,1,1,Low
0,2,cloudy,Low,highway,1,1,High
6,1,cloudy,Low,arterial,1,0,Low
14,3,cloudy,Low,arterial,0,0,Low
3,0,clear,Low,highway,1,0,High
8,3,clear,Low,arterial,1,1,Moderate
22,0,clear,Medium,arterial,0,0,High
1,5,clear,Medium,arterial,0,1,High
1,3,cloudy,Medium,local,1,0,High
10,1,rain,Medium,highway,1,1,High
0,3,clear,Low,local,0,0,Moderate
0,1,rain,Low,arterial,1,1,High
4,2,clear,Medium,arterial,1,1,Moderate
2,0,clear,Heavy,local,0,1,Moderate
19,4,rain,Heavy,highway,1,1,High
2,6,cloudy,Heavy,local,0,1,High
12,3,cloudy,Medium,local,0,0,Low
16,0,cloudy,Heavy,local,0,0,Low
15,0,clear,Heavy,local,0,0,Low
15,5,cloudy,Heavy,local,0,1,Low
8,2,cloudy,Low,highway,0,1,Low
21,2,clear,Heavy,local,0,1,Moderate
1,0,clear,Medium,local,1,1,Moderate
2,4,fog,Medium,arterial,0,1,Moderate
20,0,clear,Medium,arterial,0,1,Low
1,6,rain,Medium,arterial,0,1,High
4,1,clear,Heavy,arterial,0,0,Moderate
4,0,clear,Heavy,arterial,1,0,High
0,4,cloudy,Medium,arterial,1,1,High
2,2,cloudy,Low,local,1,1,High
13,4,clear,Medium,local,0,1,Low
15,0,clear,Medium,local,0,1,Low
1,6,clear,Medium,local,0,1,High
22,2,cloudy,Low,local,1,1,High
2,5,clear,Medium,local,1,1,High
16,6,clear,Medium,arterial,1,1,Low
19,3,clear,Low,arterial,1,1,Low
12,2,clear,Low,local,1,1,Low
11,2,clear,Low,highway,1,1,Moderate
2,4,clear,Heavy,local,0,0,Moderate
5,0,rain,Medium,local,1,1,Moderate
20,1,fog,Medium,local,0,1,Low
8,4,clear,Low,local,1,0,Low
0,0,clear,Heavy,local,1,0,High
17,2,fog,Low,local,1,1,High
16,4,clear,Medium,local,0,1,Low
1,1,clear,Medium,arterial,1,0,High
1,6,cloudy,Low,arterial,0,1,Moderate
2,6,clear,Heavy,local,0,1,High
1,0,clear,Heavy,local,1,1,Moderate
14,1,rain,Medium,arterial,0,1,Low
3,6,cloudy,Medium,local,1,1,Moderate
14,0,cloudy,Low,highway,1,1,Moderate
4,3,clear,Heavy,local,1,1,High
23,6,clear,Low,arterial,0,0,High
17,4,rain,Heavy,highway,1,1,Moderate
8,2,rain,Heavy,arterial,1,0,High
10,0,rain,Medium,arterial,1,0,Moderate
1,2,clear,Low,local,0,1,Moderate
1,3,rain,Medium,arterial,1,1,High
12,0,clear,Low,highway,1,1,Low
0,3,cloudy,Heavy,highway,1,1,High
15,2,cloudy,Medium,arterial,1,1,Low
9,2,clear,Medium,local,1,1,Low
3,6,clear,Low,arterial,0,1,High
12,6,cloudy,Medium,local,1,1,Low
13,4,rain,Medium,highway,0,1,Moderate
17,4,clear,Heavy,arterial,0,1,Low
4,3,clear,Medium,local,0,1,Moderate
13,0,cloudy,Low,arterial,1,0,Low
20,2,clear,Heavy,arterial,1,1,High
6,0,clear,Low,arterial,0,1,Low
20,2,clear,Medium,local,0,1,Low
17,3,clear,Heavy,local,1,0,Moderate
10,4,clear,Medium,arterial,1,1,Low
21,2,fog,Heavy,local,1,1,High
23,1,rain,Heavy,highway,0,1,High
5,4,clear,Low,local,1,1,Low
23,1,clear,Medium,arterial,1,1,High
0,0,cloudy,Heavy,highway,1,1,High
3,4,clear,Medium,arterial,0,1,Moderate
1,4,rain,Heavy,arterial,0,1,High
8,6,clear,Heavy,arterial,0,1,Moderate
22,5,cloudy,Medium,local,1,1,High
14,6,clear,Low,arterial,1,1,Moderate
14,4,rain,Low,arterial,1,0,Moderate
2,5,rain,Low,local,1,1,High
12,1,clear,Medium,local,0,1,Low
9,3,fog,Medium,arterial,0,1,Moderate
11,6,clear,Low,arterial,0,1,Low
6,5,clear,Medium,arterial,1,1,Moderate
4,2,rain,Low,arterial,1,1,High
22,6,cloudy,Heavy,arterial,0,1,High
13,2,clear,Heavy,local,1,0,Low
9,0,clear,Low,local,1,1,Low
1,5,clear,Low,local,1,0,High
18,2,clear,Heavy,local,1,1,Low
11,0,clear,Low,arterial,0,1,Low
9,1,clear,Heavy,local,1,0,Low
16,0,clear,Low,arterial,0,1,Low
3,6,cloudy,Medium,local,1,1,High
12,5,cloudy,Medium,arterial,1,1,Low
20,6,fog,Medium,arterial,1,0,High
11,1,clear,Heavy,local,1,0,Moderate
0,5,clear,Heavy,local,0,1,Moderate
5,3,clear,Medium,highway,0,1,Moderate
1,2,clear,Medium,highway,1,0,High
12,4,clear,Heavy,local,1,1,Low
8,6,clear,Heavy,arterial,0,1,Low
3,3,cloudy,Low,highway,1,1,High
16,0,fog,Medium,highway,1,1,High
4,5,clear,Medium,arterial,0,1,Moderate
8,1,clear,Low,local,0,0,Low
23,1,rain,Heavy,highway,1,1,High
1,4,rain,Heavy,arterial,1,0,High
5,5,clear,Heavy,highway,0,1,Moderate
7,5,cloudy,Medium,local,1,0,Low
12,6,clear,Heavy,local,0,0,Moderate
5,6,cloudy,Low,arterial,0,1,Low
23,0,cloudy,Low,local,1,1,Moderate
0,2,clear,Medium,local,0,1,Moderate
22,5,clear,Medium,arterial,0,0,High
12,2,cloudy,Heavy,highway,1,1,Moderate
0,5,cloudy,Heavy,arterial,0,0,High
2,3,rain,Medium,local,0,1,High
2,3,clear,Low,arterial,1,1,High
6,0,rain,Low,arterial,1,0,Moderate
7,4,cloudy,Medium,highway,0,1,Low
15,6,cloudy,Medium,highway,1,1,Moderate
7,5,clear,Heavy,local,0,0,Low
17,2,clear,Low,local,0,0,Low
7,4,cloudy,Heavy,arterial,1,1,Moderate
6,1,clear,Heavy,local,0,1,Low
6,4,clear,Medium,local,1,1,Low
7,2,clear,Low,arterial,0,1,Low
20,6,rain,Low,local,0,1,Moderate
5,4,cloudy,Medium,local,0,0,Low
6,0,rain,Heavy,local,0,1,Moderate
22,6,fog,Medium,arterial,0,1,High
15,5,cloudy,Heavy,arterial,0,1,Moderate
4,1,clear,Medium,local,0,0,High
20,1,clear,Low,local,1,0,Low
4,1,cloudy,Low,local,1,1,Moderate
3,2,rain,Heavy,local,0,0,High
10,6,rain,Medium,highway,0,1,Low
16,6,clear,Heavy,local,0,1,Low
4,3,rain,Medium,highway,1,0,High
18,2,clear,Low,local,1,1,Moderate
3,2,clear,Medium,highway,0,1,Moderate
18,6,clear,Medium,arterial,1,1,Moderate
2,1,clear,Heavy,arterial,1,1,High
11,5,clear,Low,local,0,0,Low
15,6,cloudy,Low,local,0,1,Low
6,5,clear,Medium,arterial,1,1,Low
14,5,rain,Medium,arterial,1,1,Low
16,6,clear,Low,arterial,1,1,Low
15,1,clear,Medium,arterial,1,1,Low
9,6,clear,Medium,highway,0,1,Low
18,0,clear,Medium,arterial,0,0,Low
17,0,clear,Low,arterial,1,1,Low
7,1,clear,Heavy,highway,0,1,Moderate
17,4,clear,Low,arterial,0,1,Low
22,1,clear,Low,local,1,1,Moderate
19,4,cloudy,Low,local,1,0,Moderate
17,0,clear,Low,arterial,0,1,Low
18,4,clear,Medium,arterial,1,1,Low
19,1,clear,Low,arterial,0,1,Moderate
6,3,clear,Low,highway,1,1,Moderate
17,0,rain,Low,highway,1,1,Moderate
4,6,clear,Low,local,0,1,Moderate
8,2,cloudy,Medium,local,0,0,Low
22,4,rain,Low,arterial,0,1,High
6,3,clear,Low,arterial,1,1,Moderate
20,4,rain,Heavy,arterial,1,0,Moderate
10,3,cloudy,Medium,arterial,0,0,Moderate
5,0,cloudy,Low,highway,0,1,Low
2,5,rain,Medium,local,0,1,High
13,4,clear,Low,local,1,1,Low
10,1,clear,Low,arterial,0,1,Low
12,0,clear,Low,arterial,1,1,Low
1,6,cloudy,Low,highway,0,1,High
6,2,clear,Low,arterial,1,1,Low
0,6,clear,Low,arterial,0,0,High
7,5,fog,Medium,highway,0,1,Moderate
22,6,clear,Low,local,1,1,High
3,4,clear,Low,highway,0,0,High
16,1,clear,Heavy,arterial,1,1,Low
0,0,cloudy,Medium,arterial,0,1,Moderate
13,1,clear,Heavy,arterial,1,1,Moderate
22,3,clear,Medium,highway,0,1,Moderate
8,4,fog,Medium,local,0,0,Low
4,6,clear,Heavy,arterial,1,1,High
13,0,clear,Medium,local,1,0,Low
6,4,cloudy,Heavy,arterial,0,1,Moderate
21,0,clear,Heavy,local,0,0,Low
20,3,clear,Low,highway,0,1,Low
15,0,cloudy,Low,local,0,1,Low
15,2,cloudy,Low,local,0,0,Low
14,4,clear,Medium,local,0,0,Low
17,5,rain,Heavy,local,0,1,Moderate
11,5,rain,Medium,arterial,0,0,Low
23,3,cloudy,Medium,local,0,1,Moderate
8,1,cloudy,Medium,arterial,1,1,Low
0,6,rain,Medium,local,1,0,High
16,6,clear,Medium,arterial,1,1,Low
15,6,clear,Medium,local,1,1,Low
23,5,clear,Medium,arterial,1,1,High
9,5,clear,Heavy,highway,1,0,Moderate
10,0,fog,Medium,highway,0,1,Moderate
13,4,clear,Medium,local,0,1,Low
9,2,clear,Medium,local,0,1,Low
18,1,clear,Heavy,highway,0,0,Moderate
10,0,cloudy,Heavy,arterial,1,1,Moderate
18,1,rain,Medium,arterial,1,1,Moderate
10,6,clear,Heavy,local,1,1,Low
5,6,rain,Heavy,highway,1,0,High
23,5,clear,Medium,highway,1,1,High
12,0,rain,Heavy,local,0,1,Moderate
16,4,rain,Heavy,highway,1,1,High
14,0,clear,Low,local,0,0,Low
8,4,rain,Medium,highway,0,1,Moderate
23,0,clear,Medium,highway,0,1,Moderate
8,1,clear,Medium,highway,1,1,Moderate
23,0,clear,Heavy,arterial,0,0,High
10,6,clear,Low,local,1,1,Low
0,3,fog,Heavy,arterial,0,1,High
0,6,rain,Heavy,arterial,0,1,High
23,0,cloudy,Medium,local,1,0,High
12,5,fog,Medium,arterial,0,1,Moderate
9,3,clear,Medium,arterial,0,1,Low
19,3,clear,Low,local,1,1,Moderate
14,6,rain,Low,local,1,1,Low
15,0,clear,Low,highway,1,1,Moderate
16,6,rain,Low,local,1,1,Low
4,0,clear,Medium,highway,1,1,High
2,2,clear,Heavy,arterial,0,1,Moderate
17,0,clear,Low,arterial,0,1,Low
0,3,clear,Medium,local,0,1,Low
17,4,clear,Low,local,1,0,Low
3,4,clear,Medium,local,1,0,Moderate
6,5,clear,Low,highway,1,1,Moderate
16,5,rain,Low,arterial,0,0,Moderate
14,6,clear,Heavy,arterial,1,0,Moderate
18,3,clear,Medium,highway,0,1,Low
14,1,clear,Low,arterial,1,1,Moderate
1,1,clear,Low,arterial,0,1,Moderate
20,1,clear,Heavy,arterial,1,1,High
5,4,clear,Medium,local,0,1,Low
3,0,clear,Heavy,local,0,1,High
21,6,fog,Medium,local,0,1,Moderate
4,6,clear,Medium,local,1,0,High
12,1,clear,Medium,highway,1,1,Low
11,5,cloudy,Heavy,local,1,1,Low
18,4,clear,Heavy,local,1,1,Moderate
1,3,clear,Low,local,1,0,High
2,5,clear,Medium,local,0,1,Moderate
9,4,cloudy,Low,local,1,0,Low
11,2,rain,Heavy,arterial,1,1,Moderate
18,3,clear,Heavy,arterial,0,1,Moderate
14,0,rain,Low,arterial,1,1,Moderate
3,1,clear,Medium,local,1,1,Moderate
23,6,cloudy,Medium,highway,1,1,High
11,1,clear,Heavy,arterial,0,0,Low
23,4,rain,Medium,arterial,1,1,High
23,2,clear,Low,arterial,1,0,High
1,3,clear,Heavy,arterial,0,1,High
12,1,clear,Low,local,1,1,Low
10,3,fog,Medium,highway,1,0,High
11,3,clear,Medium,arterial,1,0,Low
7,4,clear,Heavy,arterial,1,0,Moderate
13,2,fog,Medium,local,1,1,Moderate
11,4,rain,Low,arterial,1,1,Moderate
4,5,cloudy,Heavy,highway,0,1,High
6,5,clear,Heavy,highway,1,1,High
3,3,clear,Medium,arterial,0,1,Moderate
20,2,fog,Medium,highway,0,1,High
16,3,clear,Medium,local,1,1,Low
9,3,rain,Medium,local,0,1,Low
9,6,cloudy,Low,highway,0,0,Low
1,2,fog,Medium,arterial,1,1,High
6,2,cloudy,Low,local,0,1,Low
22,5,clear,Heavy,local,1,1,High
0,4,rain,Heavy,local,1,1,High
3,2,fog,Low,highway,1,1,High
20,0,rain,Heavy,arterial,0,1,High
12,4,clear,Low,local,0,1,Low
0,5,clear,Low,highway,0,1,Moderate
11,6,rain,Low,highway,0,1,Moderate
17,3,cloudy,Medium,arterial,1,1,Low
8,3,clear,Heavy,highway,1,1,Moderate
9,1,clear,Low,arterial,0,1,Low
15,3,clear,Heavy,arterial,1,1,Low
14,0,clear,Medium,arterial,0,1,Low
21,3,clear,Low,arterial,0,1,Low
5,4,fog,Medium,arterial,1,1,Moderate
6,5,cloudy,Medium,local,1,1,Low
3,4,clear,Medium,local,1,1,Moderate
15,5,cloudy,Medium,highway,1,0,Moderate
12,4,clear,Low,highway,0,1,Low
8,5,rain,Medium,local,0,0,Low
16,3,rain,Medium,highway,0,1,Low
9,4,clear,Heavy,arterial,1,1,Low
4,4,fog,Medium,highway,1,1,High
12,4,clear,Low,arterial,0,1,Low
10,3,cloudy,Heavy,local,0,0,Low
9,5,rain,Low,highway,0,1,Moderate
10,1,rain,Low,arterial,1,0,Moderate
21,2,clear,Heavy,arterial,0,1,Low
5,3,clear,Low,arterial,0,1,Low
6,4,clear,Medium,local,0,0,Low
13,3,clear,Medium,highway,1,0,Low
1,1,clear,Heavy,arterial,1,1,High
3,5,clear,Medium,local,0,1,Low
13,3,cloudy,Heavy,highway,0,1,Moderate
12,3,clear,Heavy,highway,0,0,Low
15,6,clear,Heavy,local,0,0,Low
2,3,cloudy,Low,arterial,1,0,High
20,1,clear,Heavy,highway,0,0,Moderate
11,6,cloudy,Heavy,arterial,1,1,Moderate
3,2,rain,Medium,arterial,0,1,High
7,6,clear,Medium,local,0,0,Low
5,3,clear,Medium,arterial,1,1,Low
10,1,cloudy,Low,arterial,1,0,Moderate
11,2,clear,Heavy,local,0,1,Low
10,6,clear,Medium,local,0,1,Low
11,6,rain,Low,arterial,1,1,Moderate
21,0,rain,Medium,arterial,0,1,Moderate
23,6,clear,Medium,local,0,1,Moderate
11,5,clear,Heavy,local,1,0,Low
23,4,rain,Heavy,highway,1,1,High
19,1,clear,Medium,arterial,1,0,Moderate
19,4,cloudy,Heavy,highway,1,1,High
5,2,clear,Low,local,0,0,Low
10,0,clear,Low,local,0,0,Low
8,6,clear,Heavy,highway,0,1,Moderate
2,4,rain,Medium,local,0,1,High
1,0,clear,Heavy,local,1,1,Moderate
14,2,fog,Medium,local,0,1,Low
10,5,rain,Low,local,0,1,Low
19,3,rain,Medium,highway,0,0,High
16,3,rain,Low,arterial,0,1,Low
2,0,clear,Medium,arterial,0,0,Moderate
20,0,clear,Medium,local,1,1,Low
11,6,clear,Medium,local,1,0,Low
13,6,clear,Medium,arterial,1,0,Low
23,0,clear,Heavy,arterial,1,1,High
15,3,rain,Heavy,arterial,1,1,Moderate
0,4,rain,Low,arterial,0,0,High
4,6,clear,Low,local,0,0,High
10,3,clear,Low,arterial,0,1,Low
0,6,cloudy,Medium,local,0,1,Moderate
4,0,cloudy,Low,highway,0,1,Moderate
19,0,fog,Medium,highway,0,0,High
3,3,clear,Low,arterial,1,1,High
4,1,clear,Low,highway,0,1,Moderate
12,5,rain,Low,arterial,0,1,Low
2,2,clear,Heavy,local,1,1,High
6,2,rain,Low,highway,1,1,Moderate
22,3,clear,Low,highway,1,1,High
15,6,clear,Low,arterial,1,1,Low
23,0,cloudy,Heavy,local,0,0,Moderate
8,3,rain,Medium,arterial,0,0,Moderate
14,2,clear,Heavy,arterial,0,1,Moderate
5,0,rain,Low,highway,1,1,High
9,5,rain,Low,arterial,0,1,Low
4,6,rain,Medium,arterial,1,1,High
19,1,fog,Heavy,arterial,0,1,Moderate
4,5,rain,Heavy,arterial,0,1,High
4,4,rain,Low,arterial,0,0,High
11,4,cloudy,Heavy,local,0,1,Moderate
10,3,rain,Medium,highway,1,1,Moderate
7,2,fog,Medium,arterial,0,0,Moderate
8,0,cloudy,Heavy,arterial,1,1,Low
7,0,clear,Medium,local,0,1,Low
21,1,clear,Heavy,arterial,0,1,Moderate
13,3,rain,Medium,highway,1,0,Moderate
22,0,fog,Low,highway,1,1,High
23,4,clear,Low,highway,0,1,High
15,4,fog,Heavy,arterial,1,1,High
19,2,clear,Heavy,arterial,1,1,Moderate
2,0,clear,Heavy,highway,0,0,High
22,3,rain,Medium,highway,0,1,High
11,5,fog,Medium,local,1,1,Moderate
17,2,cloudy,Low,arterial,1,1,Moderate
5,5,fog,Medium,local,0,1,Moderate
2,2,rain,Medium,arterial,1,1,High
21,0,rain,Medium,arterial,0,1,Moderate
10,4,rain,Medium,arterial,0,0,Low
3,6,clear,Low,highway,0,1,High
15,6,clear,Medium,arterial,1,1,Low
1,6,clear,Heavy,highway,1,1,High
10,0,clear,Heavy,local,1,1,Low
16,0,clear,Medium,arterial,0,1,Low
17,3,clear,Medium,highway,1,1,Low
10,6,clear,Medium,arterial,1,1,Moderate
8,6,cloudy,Low,local,1,1,Low
20,1,clear,Low,local,1,1,Moderate
4,2,clear,Heavy,highway,1,1,High
1,4,clear,Low,local,1,1,Moderate
3,6,clear,Medium,arterial,0,0,High
19,1,cloudy,Medium,local,1,0,Low
11,6,rain,Heavy,local,0,1,Moderate
0,5,cloudy,Heavy,local,1,1,High
4,0,cloudy,Heavy,arterial,1,0,High
0,5,fog,Medium,local,1,1,High
19,4,cloudy,Low,local,1,0,Moderate
11,6,clear,Medium,arterial,1,0,Low
1,1,clear,Low,local,0,1,Moderate
5,6,cloudy,Medium,local,0,0,Low
14,0,cloudy,Low,arterial,0,0,Low
14,0,rain,Heavy,local,1,1,Moderate
19,3,clear,Low,arterial,0,1,Low
0,4,fog,Low,local,0,1,High
1,1,clear,Medium,arterial,1,0,High
0,1,rain,Low,local,1,1,High
9,2,clear,Low,highway,0,0,Moderate
17,0,clear,Heavy,highway,0,0,Low
15,1,clear,Low,arterial,0,1,Low
5,1,clear,Heavy,local,0,1,Moderate
15,6,clear,Heavy,highway,0,1,Moderate
15,6,rain,Low,highway,0,1,Moderate
4,4,clear,Low,highway,0,1,High
17,4,clear,Medium,local,0,1,Low
10,0,clear,Heavy,local,1,0,Low
1,0,cloudy,Heavy,arterial,1,0,High
9,2,clear,Low,local,0,1,Low
18,6,clear,Low,local,0,0,Low
16,3,rain,Medium,highway,0,1,Moderate
6,5,clear,Medium,arterial,1,1,Low
18,2,fog,Low,highway,1,0,Moderate
9,2,clear,Medium,arterial,1,1,Low
11,5,cloudy,Heavy,arterial,0,1,Low
2,3,cloudy,Heavy,highway,1,0,High
23,5,clear,Medium,local,1,0,High
20,5,cloudy,Heavy,arterial,0,1,Moderate
4,5,clear,Medium,highway,1,1,High
13,4,clear,Low,highway,0,1,Low
18,5,rain,Medium,highway,1,1,Moderate
12,3,fog,Medium,arterial,0,1,Moderate
5,2,clear,Heavy,highway,0,1,Moderate
23,3,cloudy,Heavy,highway,1,1,Moderate
6,2,clear,Medium,arterial,0,1,Moderate
8,0,clear,Medium,local,0,0,Low
8,2,clear,Low,local,0,0,Low
21,3,cloudy,Medium,highway,0,0,Moderate
12,3,cloudy,Medium,highway,1,0,Low
17,2,clear,Medium,highway,1,0,Low
21,5,fog,Low,arterial,0,1,High
22,1,rain,Medium,highway,1,0,High
20,4,clear,Low,highway,1,0,Moderate
21,1,clear,Medium,local,0,0,Low
22,6,cloudy,Low,arterial,0,1,High
23,4,clear,Heavy,local,1,0,High
15,3,clear,Heavy,arterial,0,1,Low
3,3,clear,Heavy,local,0,1,Moderate
2,5,clear,Low,arterial,0,0,High
19,2,clear,Medium,highway,1,1,Moderate
7,5,cloudy,Low,arterial,1,1,Low
19,1,rain,Low,local,1,1,Moderate
22,5,fog,Medium,local,1,1,High
15,6,rain,Low,highway,1,0,High
18,1,clear,Heavy,local,1,1,Low
6,1,clear,Heavy,arterial,1,0,Moderate
10,6,clear,Heavy,arterial,1,0,Low
23,2,fog,Low,arterial,0,1,High
19,4,clear,Medium,arterial,1,1,Low
4,1,clear,Low,arterial,0,1,Moderate
22,2,cloudy,Medium,local,1,0,High
11,4,clear,Medium,local,1,1,Low
20,6,fog,Medium,local,0,1,Moderate
12,3,clear,Low,highway,0,1,Moderate
14,0,clear,Low,highway,1,1,Moderate
3,2,fog,Low,arterial,0,0,High
8,4,clear,Low,highway,1,0,Low
17,6,clear,Low,arterial,0,1,Low
20,5,cloudy,Heavy,highway,1,1,Moderate
2,5,cloudy,Low,highway,0,1,High
1,1,clear,Low,highway,0,1,Moderate
16,3,clear,Heavy,local,1,1,Low
10,4,clear,Heavy,arterial,1,1,Low
20,3,clear,Medium,arterial,0,1,Low
1,6,clear,Heavy,arterial,0,1,High
8,6,clear,Low,highway,0,1,Low
0,1,cloudy,Medium,local,1,1,Moderate
17,6,cloudy,Heavy,arterial,1,1,Moderate
20,5,clear,Medium,highway,0,1,Moderate
3,4,clear,Low,arterial,0,1,Moderate
7,2,clear,Medium,highway,0,1,Low
20,5,clear,Heavy,arterial,0,1,Low
0,4,fog,Heavy,local,0,1,High
22,6,clear,Medium,local,1,0,High
21,4,rain,Low,highway,1,1,Moderate
3,6,cloudy,Medium,arterial,1,0,High
3,2,rain,Low,arterial,0,0,High
16,0,rain,Low,highway,0,1,Moderate
0,3,rain,Low,arterial,1,1,High
12,6,cloudy,Medium,arterial,1,1,Moderate
1,4,clear,Medium,highway,0,1,Moderate
12,4,cloudy,Heavy,arterial,1,1,Moderate
8,4,clear,Low,arterial,0,1,Low
16,4,clear,Medium,local,0,0,Low
21,0,rain,Medium,local,0,1,Low
11,2,cloudy,Medium,highway,1,1,Moderate
15,0,clear,Heavy,arterial,1,1,Moderate
14,2,rain,Heavy,highway,1,1,High
23,5,clear,Low,highway,1,1,High
5,5,rain,Heavy,arterial,1,1,High
5,1,rain,Heavy,highway,1,1,Moderate
9,4,clear,Medium,arterial,1,1,Low
17,1,clear,Heavy,arterial,0,1,Low
20,1,fog,Medium,highway,1,1,High
6,6,clear,Heavy,arterial,1,1,Moderate
2,4,fog,Heavy,arterial,1,1,High
14,1,clear,Heavy,local,0,1,Low
14,0,clear,Low,highway,0,0,Low
8,0,cloudy,Heavy,local,0,1,Low
4,3,clear,Low,arterial,1,0,High
20,0,clear,Heavy,local,0,0,Low
20,4,cloudy,Low,highway,1,0,Moderate
17,3,clear,Medium,local,1,1,Low
13,4,clear,Heavy,local,1,1,Low
6,1,rain,Medium,arterial,0,1,Moderate
9,1,clear,Medium,highway,0,0,Low
1,0,cloudy,Medium,arterial,1,1,High
5,0,cloudy,Medium,highway,1,1,Moderate
10,0,cloudy,Heavy,arterial,0,0,Moderate
10,1,clear,Heavy,local,1,0,Low
1,5,fog,Medium,local,0,1,High
22,4,clear,Heavy,local,1,1,Moderate
6,1,rain,Medium,local,0,0,Moderate
12,6,rain,Heavy,local,0,1,Low
11,5,cloudy,Heavy,local,1,1,Moderate
11,5,clear,Medium,local,0,0,Low
20,6,clear,Medium,arterial,0,1,Low
17,5,clear,Low,highway,1,0,Moderate
20,6,cloudy,Heavy,arterial,1,1,High
9,2,clear,Low,local,1,1,Low
6,5,clear,Low,highway,0,1,Low
10,0,clear,Medium,highway,1,1,Moderate
13,2,clear,Heavy,local,0,1,Low
8,6,clear,Medium,highway,0,1,Low
11,0,clear,Low,arterial,1,0,Low
3,3,clear,Low,local,1,1,Moderate
14,2,clear,Low,highway,0,0,Low
17,0,clear,Medium,arterial,1,0,Moderate
12,1,cloudy,Heavy,local,1,0,Moderate
20,3,fog,Heavy,highway,1,1,High
23,4,clear,Medium,arterial,0,1,Moderate
21,4,cloudy,Medium,arterial,0,1,Moderate
2,0,clear,Medium,arterial,1,1,High
21,2,cloudy,Heavy,highway,0,0,Moderate
8,0,clear,Medium,local,1,1,Moderate
10,0,rain,Low,local,0,0,Low
9,2,cloudy,Low,local,1,1,Low
6,4,cloudy,Medium,arterial,0,1,Low
21,2,clear,Medium,local,1,0,Moderate
15,0,rain,Heavy,local,0,1,Moderate
23,1,clear,Low,local,1,1,High
22,3,clear,Heavy,local,1,1,Moderate
10,2,rain,Heavy,highway,0,1,Moderate
17,5,cloudy,Medium,highway,1,0,Moderate
12,4,rain,Low,arterial,1,1,Moderate
11,6,cloudy,Low,local,1,1,Low
17,1,rain,Medium,local,0,1,Low
16,2,clear,Low,highway,0,0,Low
21,0,clear,Heavy,arterial,1,1,Moderate
18,0,clear,Heavy,arterial,0,0,Low
14,6,cloudy,Heavy,local,1,1,Moderate
22,3,cloudy,Heavy,arterial,0,1,Moderate
2,4,cloudy,Low,local,0,1,Moderate
18,1,cloudy,Heavy,local,0,0,Low
9,0,clear,Medium,arterial,1,1,Low
10,6,clear,Low,highway,1,0,Moderate
18,4,rain,Low,arterial,0,1,Moderate
6,4,clear,Medium,highway,0,1,Low
21,3,clear,Medium,arterial,0,1,Moderate
11,2,cloudy,Low,highway,1,0,Moderate
8,2,clear,Medium,highway,0,0,Low
7,5,clear,Heavy,arterial,0,1,Low
10,1,cloudy,Medium,arterial,0,1,Low
22,2,clear,Low,local,1,1,High
2,2,rain,Medium,arterial,1,1,High
12,3,rain,Medium,arterial,1,0,Moderate
20,6,clear,Heavy,local,1,1,Moderate
11,6,fog,Medium,highway,0,1,Moderate
13,3,clear,Low,highway,0,1,Low
8,1,clear,Low,arterial,1,1,Low
3,6,cloudy,Low,arterial,1,1,High
15,2,cloudy,Heavy,arterial,1,1,Moderate
22,2,clear,Low,local,1,1,Moderate
12,6,clear,Heavy,arterial,0,0,Low
10,1,clear,Medium,highway,0,1,Moderate
3,3,clear,Heavy,local,0,1,Moderate
22,6,clear,Low,highway,1,1,High
20,2,rain,Low,local,0,1,Moderate
21,4,rain,Medium,arterial,0,1,Moderate
8,0,clear,Medium,arterial,1,1,Moderate
15,6,clear,Medium,local,1,1,Low
10,2,clear,Heavy,highway,1,0,Low
5,4,clear,Heavy,arterial,1,1,Low
4,3,cloudy,Medium,local,0,0,High
9,3,rain,Low,highway,0,1,Moderate
13,2,clear,Low,local,1,1,Low
2,0,rain,Heavy,arterial,0,0,High
16,1,rain,Low,local,1,0,Moderate
10,2,clear,Low,highway,1,1,Moderate
21,2,rain,Heavy,local,1,1,High
6,1,clear,Low,arterial,1,1,Moderate
1,4,rain,Heavy,highway,1,1,High
7,5,cloudy,Low,arterial,0,1,Low
23,6,clear,Medium,local,0,0,High
7,6,clear,Low,arterial,1,1,Low
16,4,cloudy,Heavy,highway,0,0,Low
20,2,rain,Low,highway,1,1,High
6,4,rain,Low,highway,1,1,High
15,0,clear,Heavy,highway,0,1,Moderate
4,5,rain,Medium,arterial,0,1,High
8,3,clear,Medium,arterial,0,0,Low
7,1,clear,Medium,local,1,0,Low
16,2,clear,Medium,local,1,1,Low
21,2,rain,Heavy,arterial,1,1,High
6,2,cloudy,Medium,highway,1,1,High
6,0,clear,Medium,arterial,0,1,Low
19,0,cloudy,Low,arterial,0,0,Low
11,2,rain,Medium,highway,1,1,Moderate
12,2,clear,Heavy,local,0,1,Low
16,6,clear,Low,local,1,0,Low
3,1,clear,Low,local,1,1,Moderate
20,2,clear,Low,local,1,0,Moderate
8,6,clear,Medium,arterial,1,0,Low
15,6,rain,Heavy,arterial,1,1,High
10,0,clear,Medium,highway,1,0,Moderate
18,0,rain,Heavy,highway,1,1,High
14,0,fog,Heavy,highway,1,1,High
4,3,clear,Heavy,arterial,1,1,High
4,4,clear,Medium,arterial,1,1,Moderate
21,2,clear,Low,arterial,1,1,Moderate
12,0,cloudy,Medium,arterial,1,0,Low
6,1,clear,Heavy,arterial,1,1,Moderate
3,4,cloudy,Medium,arterial,0,1,Moderate
3,2,rain,Medium,local,1,1,High
22,0,rain,Heavy,arterial,1,1,High
23,4,clear,Low,local,1,0,High
9,4,rain,Medium,local,0,0,Low
4,3,fog,Heavy,arterial,0,0,High
10,6,cloudy,Heavy,highway,1,1,Moderate
3,5,clear,Heavy,highway,0,0,High
13,0,rain,Low,highway,0,1,Moderate
15,6,rain,Medium,highway,0,1,Moderate
23,0,cloudy,Medium,local,0,1,Moderate
7,3,cloudy,Medium,highway,0,1,Moderate
4,6,clear,Heavy,local,1,0,High
3,6,clear,Medium,arterial,0,1,High
9,0,rain,Heavy,arterial,0,1,Moderate
14,0,rain,Heavy,highway,1,1,High
1,1,clear,Medium,local,0,1,Low
18,1,clear,Heavy,highway,0,0,Low
11,1,clear,Low,arterial,1,1,Low
19,2,clear,Low,highway,0,1,Moderate
11,2,rain,Low,local,0,0,Low
3,4,clear,Heavy,arterial,0,1,Moderate
0,5,rain,Heavy,arterial,0,0,High
13,3,clear,Heavy,arterial,1,1,Low
12,2,cloudy,Low,arterial,0,1,Moderate
19,3,clear,Heavy,highway,0,1,Moderate
21,4,rain,Heavy,arterial,0,1,High
3,6,clear,Low,highway,0,0,High
7,6,clear,Medium,local,0,1,Low
4,1,cloudy,Heavy,arterial,1,1,High
2,6,clear,Medium,arterial,0,0,High
0,5,clear,Heavy,highway,0,1,High
1,0,rain,Medium,local,1,0,High
12,3,cloudy,Low,highway,1,1,Moderate
3,1,clear,Low,local,0,0,High
4,3,cloudy,Low,arterial,0,1,Moderate
2,0,clear,Heavy,local,1,1,High
17,2,clear,Low,local,0,0,Low
15,4,clear,Medium,local,1,1,Moderate
23,2,clear,Heavy,arterial,0,1,High
2,0,clear,Low,local,0,1,High
5,2,cloudy,Medium,highway,1,1,Moderate
10,3,clear,Heavy,arterial,1,1,Low
15,5,clear,Heavy,local,1,1,Low
3,0,clear,Heavy,arterial,0,1,Moderate
5,3,clear,Medium,local,1,1,Low
10,1,cloudy,Low,arterial,1,0,Low
0,1,clear,Heavy,local,0,1,Moderate
9,0,clear,Heavy,highway,1,1,Moderate
18,5,clear,Heavy,local,0,1,Low
12,6,clear,Low,arterial,1,1,Low
10,4,cloudy,Medium,arterial,1,1,Low
11,2,cloudy,Heavy,highway,0,0,Low
22,6,cloudy,Heavy,highway,1,1,High
12,3,clear,Low,arterial,0,0,Low
12,3,clear,Low,arterial,0,1,Low
22,4,cloudy,Medium,arterial,0,1,High
3,4,fog,Heavy,local,1,1,High
2,3,clear,Heavy,highway,0,0,High
10,3,cloudy,Low,local,1,1,Low
7,2,clear,Medium,highway,0,1,Low
4,4,fog,Medium,local,0,0,Moderate
2,4,clear,Low,local,0,0,High
21,3,clear,Heavy,arterial,0,1,Moderate
14,4,clear,Medium,arterial,1,0,Low
16,0,cloudy,Heavy,highway,1,1,Moderate
2,2,cloudy,Medium,arterial,1,0,High
8,6,cloudy,Heavy,local,1,1,Moderate
14,5,cloudy,Low,arterial,1,1,Low
12,5,clear,Medium,local,0,1,Low
16,6,clear,Medium,local,1,1,Low
16,4,rain,Low,local,1,1,Moderate
9,4,clear,Medium,highway,1,0,Moderate
18,3,clear,Heavy,local,1,1,Low
6,5,clear,Medium,highway,1,0,Moderate
1,4,clear,Heavy,arterial,1,1,High
21,3,clear,Low,local,1,0,Low
0,0,cloudy,Low,highway,1,0,High
6,5,cloudy,Low,local,1,1,Moderate
2,2,clear,Heavy,arterial,0,1,Moderate
5,2,clear,Low,arterial,0,1,Low
9,0,rain,Low,local,0,1,Moderate
3,1,rain,Low,local,1,0,High
11,0,rain,Medium,local,0,0,Moderate
22,0,clear,Medium,local,0,0,Moderate
3,0,rain,Medium,local,0,0,Moderate
22,2,rain,Heavy,highway,1,0,High
9,5,clear,Medium,local,0,0,Low
14,6,cloudy,Low,arterial,1,0,Low
10,1,clear,Medium,arterial,0,0,Low
7,2,cloudy,Low,local,1,1,Low
2,5,rain,Low,arterial,0,0,High
14,4,clear,Heavy,local,1,1,Low
21,6,clear,Low,local,1,1,Moderate
12,2,clear,Heavy,highway,0,1,Low
14,1,cloudy,Medium,arterial,1,1,Low
15,1,cloudy,Heavy,arterial,1,1,Moderate
9,4,clear,Medium,local,1,0,Low
2,0,fog,Medium,highway,1,1,High
12,3,clear,Medium,local,0,1,Low
20,2,clear,Heavy,arterial,0,1,High
7,6,clear,Low,arterial,0,1,Low
20,6,rain,Medium,highway,1,1,High
20,3,rain,Medium,arterial,1,1,Moderate
5,4,rain,Low,highway,0,1,Moderate
13,2,rain,Low,arterial,1,1,Moderate
17,5,clear,Heavy,arterial,0,1,Low
11,2,clear,Medium,highway,1,1,Moderate
16,5,cloudy,Medium,local,0,1,Low
21,6,clear,Heavy,local,1,1,Moderate
15,1,clear,Low,local,0,1,Low
20,1,clear,Low,local,0,1,Low
19,2,clear,Medium,arterial,1,0,Moderate
19,5,clear,Heavy,arterial,0,1,Moderate
20,4,clear,Medium,highway,0,1,Low
5,1,fog,Medium,highway,0,0,Moderate
0,2,clear,Medium,arterial,0,1,Moderate
3,4,rain,Medium,highway,0,1,High
5,6,clear,Medium,local,1,0,Low
16,3,rain,Medium,arterial,0,1,Low
12,0,clear,Low,highway,1,1,Low
11,0,clear,Low,arterial,0,1,Low
0,0,clear,Heavy,arterial,1,0,Moderate
16,0,clear,Medium,arterial,1,1,Low
8,2,rain,Heavy,highway,1,1,High
18,1,clear,Medium,arterial,0,1,Low
2,2,clear,Medium,local,0,1,Low
7,5,cloudy,Heavy,highway,1,0,Moderate
1,3,cloudy,Low,local,1,1,High
6,5,clear,Low,local,0,1,Low
22,3,clear,Medium,local,0,1,Moderate
11,1,cloudy,Medium,highway,1,0,Moderate
10,6,clear,Low,local,1,1,Low
6,3,cloudy,Low,local,0,0,Low
6,5,clear,Heavy,arterial,0,1,Moderate
16,0,fog,Heavy,local,0,1,Moderate
23,5,cloudy,Heavy,arterial,1,1,High
17,5,cloudy,Low,highway,1,1,Low
17,1,rain,Heavy,local,1,1,Moderate
11,5,fog,Heavy,local,1,1,Moderate
2,5,rain,Low,arterial,0,1,High
17,6,cloudy,Low,arterial,0,0,Low
19,1,rain,Low,arterial,1,1,Moderate
12,6,clear,Heavy,highway,1,1,Moderate
2,5,rain,Medium,arterial,0,1,High
17,2,cloudy,Low,highway,1,1,Moderate
22,2,cloudy,Low,highway,1,0,High
5,1,rain,Heavy,highway,1,1,High
3,3,cloudy,Medium,highway,0,1,Moderate
17,6,cloudy,Heavy,local,1,1,Moderate
7,5,rain,Low,arterial,0,0,Low
17,1,cloudy,Heavy,highway,1,1,High
16,0,clear,Low,highway,1,1,Low
6,0,clear,Low,local,0,1,Low
1,4,clear,Heavy,arterial,1,1,High
13,2,clear,Low,arterial,1,1,Low
9,5,cloudy,Medium,highway,0,1,Moderate
20,5,rain,Low,local,1,1,High
8,1,clear,Heavy,local,1,0,Low
5,4,rain,Low,local,1,1,Moderate
20,5,cloudy,Medium,local,1,0,Low
17,6,fog,Low,highway,1,0,High
14,5,clear,Heavy,arterial,1,0,Low
22,2,clear,Heavy,highway,1,0,High
18,6,cloudy,Heavy,local,1,1,Low
20,1,rain,Heavy,local,0,0,Moderate
19,5,rain,Medium,highway,1,1,High
9,2,rain,Low,local,1,1,Low
1,6,clear,Low,arterial,1,1,High
14,5,clear,Heavy,local,1,0,Low
18,4,cloudy,Medium,local,1,1,Low
23,1,clear,Low,highway,0,1,High
16,1,fog,Low,local,0,1,Moderate
13,6,cloudy,Heavy,highway,1,1,Moderate
13,5,rain,Low,arterial,0,1,Moderate
2,3,rain,Medium,arterial,1,1,High
0,6,clear,Medium,arterial,0,1,Moderate
1,5,clear,Medium,local,1,1,Moderate
21,2,cloudy,Low,arterial,1,1,Low
18,5,rain,Medium,arterial,1,1,Moderate
6,5,cloudy,Low,local,0,1,Moderate
10,3,clear,Low,arterial,1,1,Low
11,0,cloudy,Medium,highway,0,1,Low
5,5,clear,Heavy,arterial,1,1,Low
10,2,clear,Heavy,highway,0,1,Moderate
8,2,fog,Low,local,0,1,Low
16,4,clear,Low,highway,0,1,Low
18,5,clear,Medium,arterial,0,1,Low
2,0,clear,Low,arterial,0,1,Moderate
11,5,rain,Low,local,1,1,Moderate
23,2,clear,Low,local,1,1,High
20,3,clear,Low,highway,1,1,High
19,6,clear,Medium,arterial,1,1,Low
17,1,cloudy,Low,highway,1,1,Moderate
0,1,clear,Low,local,0,0,High
23,6,rain,Low,arterial,0,1,High
17,2,rain,Medium,highway,0,1,Moderate
21,6,clear,Medium,highway,1,1,Moderate
21,2,clear,Low,local,1,0,Low
6,4,clear,Medium,arterial,0,1,Low
0,3,clear,Low,local,1,1,High
15,6,clear,Heavy,local,1,1,Low
11,3,rain,Medium,arterial,0,1,Moderate
0,3,clear,Medium,local,1,1,Low
6,3,clear,Heavy,local,0,0,Moderate
23,2,clear,Medium,arterial,1,1,Moderate
8,3,clear,Medium,highway,1,1,Low
6,3,clear,Medium,local,1,1,Moderate
15,5,clear,Medium,local,0,0,Low
15,0,rain,Low,local,0,1,Moderate
7,3,clear,Low,highway,1,1,Moderate
20,3,clear,Low,local,1,1,Low
13,5,rain,Medium,arterial,1,1,Low
3,4,cloudy,Low,highway,1,1,High
7,3,rain,Heavy,local,0,1,Moderate
20,0,clear,Low,local,1,0,Moderate
2,2,clear,Low,highway,1,0,High
0,1,clear,Medium,arterial,0,1,High
15,1,rain,Heavy,arterial,0,1,Low
10,5,rain,Medium,local,0,1,Moderate
6,3,clear,Medium,highway,1,1,High
11,5,clear,Low,local,1,1,Low
4,0,clear,Heavy,local,1,0,High
8,6,clear,Medium,local,1,1,Low
5,3,clear,Low,highway,1,1,Moderate
14,1,fog,Heavy,arterial,0,1,Moderate
16,2,clear,Low,arterial,0,1,Low
21,5,clear,Medium,arterial,0,1,Low
1,4,cloudy,Medium,arterial,1,1,High
7,1,clear,Heavy,local,1,1,Low
6,6,fog,Heavy,local,1,1,Moderate
13,0,clear,Medium,arterial,1,1,Low
12,1,rain,Medium,local,1,1,Moderate
21,5,clear,Medium,local,0,1,Low
22,3,clear,Low,highway,0,1,Moderate
18,3,clear,Medium,arterial,0,1,Low
4,6,rain,Heavy,local,1,1,High
0,5,clear,Medium,local,1,1,Moderate
21,6,clear,Medium,local,1,1,Moderate
22,1,clear,Medium,arterial,0,1,High
6,5,clear,Heavy,highway,1,0,High
1,1,rain,Low,highway,1,1,High
16,5,rain,Low,arterial,1,1,Moderate
14,3,cloudy,Medium,arterial,1,1,Low
21,4,clear,Low,local,0,1,Low
13,0,cloudy,Heavy,arterial,0,0,Low
18,6,cloudy,Low,arterial,1,1,Low
18,1,clear,Low,arterial,0,1,Low
0,4,clear,Heavy,highway,1,0,High
3,1,cloudy,Low,arterial,1,1,High
18,6,rain,Medium,arterial,1,1,Low
4,2,clear,Medium,local,0,0,High
4,5,rain,Heavy,local,0,1,High
18,5,rain,Low,arterial,1,1,Moderate
4,3,rain,Medium,local,0,1,Moderate
3,0,fog,Heavy,arterial,1,0,High
0,1,clear,Medium,local,0,1,Moderate
11,4,clear,Low,highway,0,1,Low
15,3,rain,Low,arterial,0,1,Moderate
17,4,rain,Medium,local,1,1,Low
21,1,clear,Low,arterial,1,1,Moderate
15,3,cloudy,Medium,arterial,0,1,Low
18,0,rain,Medium,arterial,0,0,Low
5,3,clear,Heavy,highway,0,1,Moderate
8,0,clear,Medium,local,1,1,Moderate
7,4,clear,Medium,local,0,1,Low
1,3,clear,Low,local,0,0,High
23,5,cloudy,Medium,local,1,0,High
5,3,clear,Heavy,local,1,1,Low
10,1,rain,Heavy,highway,1,1,High
8,1,clear,Low,arterial,0,1,Low
1,5,rain,Low,arterial,0,1,High
21,6,clear,Medium,highway,1,1,Moderate
5,0,rain,Medium,arterial,1,1,High
2,4,clear,Medium,local,1,1,Moderate
8,3,cloudy,Low,arterial,0,1,Low
3,1,clear,Medium,highway,0,1,Moderate
23,3,clear,Low,arterial,1,1,High
4,6,clear,Low,highway,1,1,High
7,1,clear,Medium,highway,0,0,Low
6,5,cloudy,Heavy,local,1,0,Low
0,0,clear,Heavy,arterial,1,0,High
0,5,fog,Low,arterial,0,0,High
12,0,clear,Low,arterial,0,1,Low
5,0,clear,Low,arterial,0,1,Moderate
2,0,fog,Heavy,highway,1,1,High
6,5,clear,Low,highway,0,1,Moderate
6,4,rain,Heavy,local,0,1,Moderate
10,4,clear,Medium,arterial,1,0,Moderate
23,1,cloudy,Heavy,local,1,0,High
7,6,rain,Low,arterial,0,1,Moderate
16,5,clear,Medium,highway,0,1,Low
18,3,cloudy,Low,highway,1,1,Low
1,6,clear,Medium,highway,1,1,Moderate
12,1,cloudy,Medium,arterial,0,1,Low
10,2,clear,Heavy,arterial,1,1,Moderate
12,0,clear,Medium,local,1,0,Low
4,1,clear,Heavy,highway,1,0,High
11,5,cloudy,Medium,arterial,1,1,Low
2,2,fog,Medium,highway,1,1,High
22,4,fog,Low,arterial,0,0,High
14,6,cloudy,Low,highway,0,1,Low
0,5,rain,Low,local,1,1,High
12,2,rain,Low,local,0,1,Moderate
22,2,clear,Low,local,0,1,Moderate
17,0,clear,Low,highway,0,1,Moderate
6,5,cloudy,Low,local,1,1,Moderate
21,6,clear,Medium,arterial,0,0,Low
4,3,rain,Medium,arterial,0,1,Moderate
5,3,clear,Heavy,local,1,1,Moderate
3,5,clear,Low,local,1,0,High
22,2,rain,Low,arterial,1,1,High
17,2,clear,Heavy,arterial,0,1,Low
12,6,fog,Heavy,local,1,1,Moderate
16,2,fog,Medium,arterial,0,1,Moderate
6,6,cloudy,Low,highway,0,1,Moderate
1,1,cloudy,Heavy,local,1,1,High
20,3,clear,Heavy,arterial,0,0,Moderate
23,3,clear,Heavy,arterial,1,1,High
0,2,rain,Medium,highway,1,0,High
1,6,clear,Low,local,0,1,High
13,3,clear,Medium,arterial,1,1,Low
1,6,clear,Medium,arterial,0,1,Moderate
17,1,cloudy,Low,highway,1,1,Moderate
22,2,cloudy,Low,highway,1,1,High
6,3,clear,Heavy,arterial,0,0,Low
7,3,clear,Low,highway,1,1,Low
20,1,rain,Low,highway,0,0,Moderate
8,2,clear,Medium,highway,1,1,Low
5,4,clear,Heavy,local,0,1,Low
2,1,clear,Heavy,arterial,1,1,Moderate
20,5,rain,Low,local,1,1,High
22,3,clear,Medium,local,1,0,High
1,6,clear,Heavy,arterial,0,1,High
19,1,clear,Medium,local,0,1,Low
3,5,clear,Low,highway,0,1,High
3,3,fog,Medium,arterial,1,1,High
9,0,rain,Medium,arterial,0,0,Low
10,4,cloudy,Medium,local,0,1,Low
20,1,clear,Medium,arterial,0,1,Low
16,0,clear,Low,highway,0,0,Low
3,3,cloudy,Heavy,local,1,1,Moderate
14,5,clear,Low,arterial,0,1,Low
21,1,cloudy,Low,arterial,0,0,Low
15,4,clear,Medium,local,1,1,Moderate
5,0,cloudy,Medium,arterial,0,1,Low
3,1,clear,Medium,highway,1,1,Moderate
10,5,clear,Heavy,highway,1,1,Moderate
11,0,clear,Heavy,local,0,1,Low
8,2,clear,Medium,arterial,1,1,Low
2,3,clear,Medium,highway,0,1,Moderate
2,0,clear,Medium,arterial,1,1,Moderate
12,6,fog,Medium,highway,0,0,Moderate
22,3,clear,Medium,local,0,0,High
14,2,clear,Medium,arterial,1,1,Low
10,6,clear,Heavy,arterial,0,1,Moderate
22,3,clear,Heavy,highway,0,1,Moderate
16,4,rain,Low,arterial,1,1,Moderate
17,0,clear,Heavy,local,0,1,Low
13,1,rain,Heavy,local,1,0,Low
18,0,cloudy,Low,arterial,0,0,Low
12,3,clear,Heavy,local,0,1,Low
14,5,clear,Medium,arterial,1,0,Low
14,6,clear,Low,arterial,1,1,Moderate
18,4,clear,Heavy,arterial,0,0,Low
21,0,clear,Low,local,1,0,Low
7,4,cloudy,Medium,local,0,1,Low
16,4,cloudy,Heavy,highway,0,1,Low
0,4,clear,Medium,local,1,1,Moderate
12,5,cloudy,Low,arterial,1,0,Low
21,3,rain,Low,local,0,1,Moderate
15,4,clear,Medium,local,1,1,Low
6,3,clear,Medium,arterial,1,0,Low
14,1,clear,Heavy,local,1,0,Moderate
8,0,clear,Heavy,local,0,1,Low
10,6,clear,Medium,local,1,1,Low
5,3,clear,Medium,highway,0,1,Low
14,2,rain,Medium,arterial,1,0,Moderate
4,2,clear,Medium,arterial,1,0,High
10,0,cloudy,Low,local,0,1,Low
22,6,clear,Medium,arterial,0,1,Moderate
18,0,clear,Medium,arterial,1,1,Moderate
9,1,clear,Medium,arterial,0,1,Low
23,3,clear,Low,local,1,1,Moderate
0,2,clear,Medium,arterial,1,1,High
23,0,clear,Heavy,arterial,1,0,High
8,2,cloudy,Heavy,local,1,1,Low
19,5,clear,Medium,arterial,1,1,Moderate
22,1,clear,Heavy,local,1,0,High
14,6,clear,Heavy,arterial,1,0,Moderate
14,2,clear,Heavy,arterial,0,1,Low
17,0,clear,Heavy,highway,0,1,Low
5,0,clear,Heavy,arterial,1,1,Moderate
4,5,clear,Heavy,local,1,0,High
8,2,clear,Low,arterial,0,0,Low
11,6,rain,Medium,local,0,0,Moderate
17,5,rain,Heavy,arterial,0,1,Moderate
6,0,clear,Low,local,0,0,Low
13,2,clear,Low,highway,0,1,Low
0,5,rain,Medium,arterial,0,1,High
0,0,clear,Medium,local,1,1,Moderate
23,6,clear,Heavy,arterial,1,1,High
20,1,cloudy,Medium,local,1,1,Moderate
20,5,clear,Low,local,1,1,Moderate
7,5,clear,Heavy,arterial,0,1,Low
12,3,clear,Low,local,1,0,Low
16,5,clear,Heavy,arterial,1,1,Moderate
6,6,clear,Medium,arterial,0,1,Low
17,5,clear,Low,local,0,1,Low
16,4,cloudy,Medium,highway,0,1,Low
9,2,clear,Medium,local,1,1,Low
10,2,clear,Heavy,highway,0,0,Low
7,6,clear,Medium,local,0,0,Low
19,1,fog,Heavy,arterial,1,1,Moderate
23,2,clear,Medium,local,0,0,Moderate
23,3,clear,Low,local,0,1,Moderate
18,2,cloudy,Medium,local,0,0,Low
8,2,clear,Medium,local,1,0,Low
18,4,clear,Low,local,0,0,Low
5,2,clear,Low,arterial,1,1,Moderate
21,6,fog,Medium,highway,1,0,High
6,1,cloudy,Medium,arterial,0,1,Low
9,2,clear,Heavy,arterial,0,1,Low
2,5,rain,Low,highway,1,1,High
1,3,cloudy,Medium,arterial,1,1,Moderate
9,4,clear,Medium,arterial,0,1,Low
13,4,clear,Heavy,local,1,1,Low
0,2,clear,Low,arterial,0,1,Moderate
20,5,clear,Low,local,1,0,Low
2,1,rain,Low,arterial,0,0,High
23,5,clear,Heavy,arterial,1,1,High
6,0,clear,Low,arterial,1,0,Low
9,4,clear,Heavy,arterial,1,1,Moderate
3,0,clear,Medium,local,1,1,Moderate
19,6,fog,Heavy,arterial,0,1,High
17,4,clear,Low,local,0,1,Low
1,0,clear,Medium,local,0,1,Moderate
2,0,cloudy,Heavy,arterial,1,1,Moderate
14,1,rain,Low,arterial,0,1,Low
20,6,clear,Medium,local,0,1,Low
2,4,clear,Heavy,arterial,0,1,Moderate
5,1,cloudy,Low,arterial,0,1,Low
13,1,clear,Heavy,local,0,0,Low
2,0,cloudy,Low,arterial,0,1,Moderate
7,1,cloudy,Low,arterial,1,1,Low
0,5,rain,Low,local,0,1,High
11,4,rain,Heavy,arterial,1,1,High
17,2,fog,Low,local,1,1,Moderate
9,0,clear,Medium,local,0,0,Low
6,2,rain,Medium,arterial,1,1,High
10,2,cloudy,Low,local,0,1,Low
12,0,clear,Low,highway,0,0,Low
3,4,rain,Low,local,0,1,High
2,4,rain,Low,local,1,0,High
4,6,rain,Medium,arterial,0,0,High
23,2,clear,Medium,arterial,0,0,Moderate
17,1,clear,Heavy,local,1,0,Low
3,5,rain,Heavy,local,1,1,High
7,2,fog,Heavy,arterial,0,0,High
9,4,clear,Heavy,local,1,1,Moderate
4,5,clear,Heavy,arterial,1,0,High
20,6,cloudy,Low,local,1,0,Low
22,2,clear,Low,arterial,1,1,High
5,4,cloudy,Medium,highway,1,1,Moderate
0,0,fog,Medium,highway,1,1,High
6,5,clear,Heavy,local,0,1,Low
13,0,cloudy,Medium,arterial,1,1,Low
19,4,clear,Heavy,local,1,1,Moderate
8,1,clear,Low,arterial,1,1,Low
6,3,clear,Medium,highway,1,0,Moderate
5,0,cloudy,Medium,local,1,0,Low
0,4,rain,Low,local,1,1,High
0,3,clear,Heavy,local,1,1,Moderate
10,4,rain,Medium,local,1,0,Moderate
14,2,clear,Low,local,0,1,Low
0,0,fog,Medium,local,1,1,High
4,4,cloudy,Medium,arterial,1,1,Moderate
21,4,clear,Heavy,local,0,1,Low
23,4,clear,Medium,arterial,1,1,Moderate
15,1,clear,Heavy,arterial,1,1,Low
12,5,clear,Low,arterial,1,1,Low
13,3,fog,Low,local,1,1,Moderate
8,1,rain,Low,highway,0,0,Moderate
4,0,clear,Medium,arterial,0,0,Moderate
9,2,clear,Low,highway,1,1,Moderate
16,0,clear,Medium,arterial,0,1,Low
15,5,rain,Heavy,arterial,0,0,Moderate
16,0,rain,Heavy,highway,0,1,Moderate
14,0,clear,Medium,arterial,1,0,Low
1,1,clear,Heavy,arterial,0,1,High
15,2,clear,Heavy,local,1,1,Low
21,0,clear,Medium,arterial,1,0,Moderate
15,4,clear,Low,highway,1,1,Moderate
13,0,clear,Low,arterial,1,0,Low
5,5,rain,Low,arterial,0,1,Low
19,3,clear,Heavy,local,1,1,Moderate
10,0,fog,Low,local,1,0,Moderate
6,2,rain,Low,arterial,0,1,Moderate
11,0,clear,Heavy,arterial,1,0,Low
2,6,clear,Heavy,local,0,1,High
22,4,clear,Low,highway,0,1,Moderate
16,5,cloudy,Medium,local,0,1,Low
7,2,clear,Medium,local,1,1,Low
19,1,rain,Low,local,0,1,High
1,1,rain,Medium,local,0,1,High
9,2,clear,Heavy,highway,1,1,Moderate
15,5,clear,Low,arterial,0,0,Low
0,3,clear,Low,highway,1,1,High
17,6,clear,Heavy,arterial,0,1,Low
19,2,clear,Heavy,local,0,1,Moderate
14,1,rain,Medium,local,1,1,High
4,3,clear,Low,arterial,0,1,Moderate
17,0,clear,Low,local,0,1,Low
8,4,rain,Low,highway,0,1,Low
17,0,cloudy,Low,arterial,0,0,Low
15,4,clear,Medium,highway,1,0,Low
2,2,clear,Low,local,1,0,High
2,2,cloudy,Low,arterial,0,0,High
0,4,clear,Heavy,highway,0,1,High
1,4,clear,Low,arterial,1,1,Moderate
7,6,cloudy,Low,arterial,1,1,Low
0,2,cloudy,Medium,local,1,1,Moderate
22,5,clear,Low,arterial,0,1,High
21,5,clear,Medium,arterial,1,1,Low
4,6,cloudy,Low,highway,1,0,High
7,6,clear,Low,local,1,1,Low
17,5,fog,Medium,highway,0,1,Moderate
15,2,clear,Medium,arterial,1,1,Low
13,4,cloudy,Low,highway,1,1,Moderate
23,5,fog,Heavy,local,1,1,High
15,2,clear,Heavy,arterial,1,0,Low
16,5,cloudy,Medium,highway,1,0,Moderate
12,4,clear,Low,local,0,1,Low
12,3,cloudy,Low,local,0,1,Low
6,6,fog,Heavy,local,0,1,High
12,0,fog,Low,arterial,0,1,Moderate
22,4,clear,Low,arterial,1,1,High
9,5,rain,Low,arterial,1,0,Moderate
3,0,rain,Low,highway,0,1,High
14,2,clear,Low,highway,0,0,Moderate
18,3,rain,Low,local,0,1,Low
23,1,clear,Heavy,local,1,0,High
13,6,fog,Low,highway,1,1,High
18,4,rain,Heavy,local,0,1,Moderate
6,1,clear,Medium,local,0,1,Low
10,3,clear,Low,local,0,1,Low
10,0,fog,Heavy,arterial,0,0,Moderate
7,0,clear,Medium,arterial,0,1,Low
17,5,clear,Medium,arterial,0,1,Low
21,6,clear,Low,local,1,1,Low
7,1,clear,Medium,arterial,0,1,Low
3,1,clear,Heavy,local,1,1,High
19,4,clear,Heavy,arterial,0,0,Moderate
20,3,fog,Medium,highway,0,1,High
22,0,rain,Medium,highway,1,0,High
6,4,rain,Heavy,local,0,1,Low
17,1,clear,Low,arterial,1,0,Low
17,0,cloudy,Medium,arterial,1,0,Low
18,3,clear,Heavy,arterial,1,0,Low
19,5,cloudy,Medium,arterial,1,0,Low
22,3,rain,Low,highway,0,0,High
11,4,clear,Low,arterial,0,1,Low
1,1,fog,Low,arterial,0,1,High
4,3,rain,Heavy,local,1,0,High
21,4,clear,Heavy,highway,1,0,High
20,3,fog,Heavy,arterial,0,1,High
0,1,rain,Heavy,arterial,1,0,High
8,6,clear,Low,local,1,1,Low
5,0,clear,Heavy,local,1,1,Moderate
7,6,cloudy,Medium,highway,1,1,Moderate
15,5,rain,Heavy,arterial,0,1,Moderate
12,0,clear,Medium,highway,0,1,Moderate
11,1,clear,Heavy,highway,1,0,Moderate
10,2,clear,Heavy,arterial,1,1,Moderate
15,6,clear,Low,arterial,1,1,Low
16,3,clear,Medium,local,0,1,Low
1,1,clear,Low,local,0,1,Moderate
3,6,rain,Medium,arterial,0,1,High
8,0,clear,Low,highway,1,0,Moderate
10,5,cloudy,Medium,arterial,0,1,Low
23,5,cloudy,Heavy,local,0,0,High
21,2,fog,Low,arterial,1,1,High
15,0,fog,Low,local,1,1,Low
0,6,fog,Low,arterial,0,0,High
2,6,clear,Low,arterial,0,0,High
10,2,clear,Low,arterial,0,1,Low
14,1,clear,Medium,local,1,1,Low
15,1,clear,Heavy,arterial,0,1,Low
3,0,clear,Medium,arterial,0,1,Moderate
21,4,clear,Low,local,0,1,Low
11,3,clear,Medium,local,0,0,Low
14,2,clear,Heavy,arterial,1,0,Moderate
0,4,cloudy,Medium,arterial,0,0,Moderate
19,4,fog,Medium,local,0,1,Moderate
13,0,clear,Medium,arterial,1,0,Low
5,2,clear,Low,arterial,1,0,Moderate
7,6,clear,Low,arterial,0,1,Low
8,5,clear,Medium,arterial,1,1,Low
0,5,rain,Low,highway,1,1,High
22,6,clear,Medium,arterial,1,1,High
19,0,clear,Medium,arterial,1,1,Moderate
21,1,cloudy,Low,arterial,0,0,Low
8,3,clear,Medium,arterial,1,0,Low
13,3,cloudy,Low,arterial,1,1,Low
10,5,clear,Low,highway,1,1,Low
11,5,clear,Medium,local,0,0,Low
14,4,clear,Medium,highway,0,1,Low
10,1,rain,Heavy,arterial,1,1,Moderate
18,4,clear,Heavy,local,1,0,Low
1,5,clear,Medium,local,0,0,High
4,5,cloudy,Low,arterial,1,1,High
21,4,cloudy,Low,highway,1,1,Moderate
21,0,clear,Low,local,1,0,Moderate
19,1,fog,Low,arterial,1,0,High
8,5,cloudy,Low,local,1,0,Low
10,6,rain,Heavy,arterial,1,1,Moderate
0,5,clear,Medium,highway,0,1,Moderate
6,2,cloudy,Low,arterial,0,1,Low
17,4,clear,Medium,highway,1,1,Moderate
8,1,clear,Heavy,arterial,0,1,Moderate
11,4,clear,Low,arterial,1,0,Moderate
2,1,clear,Low,local,0,0,High
11,5,rain,Medium,arterial,0,0,Low
17,5,rain,Low,highway,1,1,Moderate
13,0,clear,Low,arterial,0,1,Low
13,6,clear,Medium,local,0,1,Low
21,5,clear,Medium,highway,0,1,Moderate
5,2,cloudy,Heavy,local,1,1,Moderate
7,3,clear,Low,local,0,0,Low
14,0,rain,Heavy,local,0,0,Moderate
11,6,clear,Low,arterial,1,0,Low
23,0,cloudy,Low,arterial,0,0,High
1,6,rain,Low,arterial,1,0,High
2,4,clear,Low,arterial,0,1,Moderate
8,6,rain,Heavy,highway,1,1,High
11,2,rain,Low,arterial,1,1,Moderate
21,6,clear,Low,local,1,1,Low
11,2,clear,Medium,highway,1,0,Low
10,2,cloudy,Low,highway,1,0,Moderate
4,2,clear,Medium,highway,1,1,Moderate
10,6,fog,Heavy,arterial,0,1,Moderate
12,3,clear,Low,arterial,1,1,Low
14,3,rain,Low,local,0,1,Moderate
14,4,cloudy,Medium,highway,0,1,Low
10,3,clear,Heavy,local,0,1,Low
3,3,clear,Heavy,local,0,0,High
3,2,rain,Heavy,arterial,0,1,High
3,1,clear,Medium,highway,1,1,High
14,6,clear,Medium,highway,0,1,Low
20,3,fog,Heavy,highway,1,1,High
21,6,clear,Heavy,arterial,0,1,High
7,3,rain,Low,arterial,1,1,Moderate
1,4,clear,Heavy,arterial,1,1,Moderate
15,3,rain,Heavy,arterial,1,1,Moderate
0,6,cloudy,Heavy,local,1,0,High
15,0,clear,Heavy,highway,0,1,Low
9,3,clear,Heavy,local,0,0,Low
20,1,clear,Heavy,highway,0,1,Moderate
15,6,cloudy,Low,arterial,1,1,Low
17,3,clear,Medium,local,0,1,Low
9,6,clear,Heavy,local,0,1,Low
20,1,cloudy,Medium,local,1,0,Moderate
12,1,fog,Heavy,local,1,1,High
15,4,clear,Low,highway,0,1,Low
8,1,cloudy,Low,arterial,0,1,Low
10,2,rain,Low,arterial,0,1,Moderate
20,2,clear,Low,local,0,1,Low
9,1,fog,Medium,local,0,1,Low
0,0,cloudy,Medium,arterial,0,1,High
9,4,cloudy,Low,local,1,0,Low
9,5,rain,Heavy,highway,1,0,High
10,2,clear,Medium,local,0,1,Low
1,1,cloudy,Low,arterial,1,1,Moderate
3,1,cloudy,Medium,local,0,1,High
7,4,clear,Heavy,highway,0,1,Low
10,5,clear,Low,local,0,0,Low
0,3,rain,Heavy,arterial,1,1,High
9,3,clear,Medium,local,0,1,Low
7,4,clear,Heavy,highway,1,1,Moderate
0,6,clear,Low,local,1,1,Moderate
6,6,clear,Heavy,local,0,1,Moderate
6,1,clear,Low,arterial,0,1,Low
3,3,clear,Heavy,arterial,1,0,High
18,6,clear,Low,arterial,0,1,Low
1,4,clear,Low,arterial,1,1,High
13,5,rain,Medium,highway,1,1,Moderate
15,6,rain,Low,local,1,1,Moderate
19,0,clear,Low,local,0,0,Low
13,4,clear,Low,arterial,0,1,Low
13,3,clear,Heavy,highway,1,1,Moderate
18,1,clear,Medium,local,1,1,Low
20,4,cloudy,Medium,arterial,1,1,Moderate
5,0,cloudy,Low,local,0,1,Low
19,3,clear,Medium,arterial,0,0,Low
11,2,rain,Medium,highway,1,0,Moderate
2,2,rain,Low,local,0,1,High
14,4,clear,Low,arterial,1,1,Low
23,6,cloudy,Medium,arterial,0,1,High
3,6,clear,Low,arterial,0,1,High
0,4,cloudy,Heavy,local,0,0,High
21,2,clear,Low,local,1,1,Moderate
14,6,clear,Low,local,1,1,Low
5,6,clear,Low,arterial,1,1,Low
19,5,clear,Medium,arterial,0,1,Moderate
9,6,clear,Low,local,1,0,Low
7,5,cloudy,Low,local,0,1,Low
6,5,clear,Low,local,1,0,Low
14,5,fog,Low,local,1,0,Moderate
3,4,clear,Low,arterial,0,0,Moderate
8,4,fog,Medium,arterial,0,0,Low
7,2,clear,Medium,arterial,0,1,Low
1,6,clear,Low,arterial,0,1,High
18,4,clear,Medium,arterial,0,1,Low
0,4,clear,Heavy,local,0,0,High
23,5,clear,Medium,local,0,1,Moderate
2,0,cloudy,Heavy,arterial,1,1,High
8,6,clear,Low,highway,0,1,Low
2,4,clear,Medium,local,0,1,Low
8,6,clear,Low,local,1,1,Low
14,0,cloudy,Heavy,arterial,0,1,Low
2,1,clear,Heavy,arterial,1,1,High
12,6,clear,Medium,highway,1,0,Low
18,4,clear,Low,arterial,0,1,Low
10,4,cloudy,Medium,highway,1,1,Moderate
2,2,cloudy,Heavy,arterial,0,1,Moderate
16,3,clear,Medium,highway,0,0,Low
4,3,clear,Heavy,arterial,0,0,High
0,1,clear,Medium,highway,1,1,Moderate
10,3,clear,Low,local,1,0,Low
6,3,cloudy,Heavy,highway,0,1,Moderate
0,2,rain,Low,arterial,0,1,High
18,2,clear,Heavy,highway,1,0,Moderate
14,5,cloudy,Low,arterial,1,0,Low
21,4,clear,Medium,arterial,0,1,Moderate
11,3,cloudy,Low,highway,0,1,Moderate
10,4,cloudy,Low,arterial,0,1,Low
20,1,rain,Heavy,arterial,0,1,High
1,3,clear,Heavy,highway,0,0,High
8,3,clear,Heavy,local,1,1,Low
19,1,clear,Medium,local,0,1,Moderate
7,1,clear,Low,arterial,0,0,Low
21,3,clear,Low,local,1,1,Moderate
6,6,cloudy,Medium,local,1,1,Low
9,3,cloudy,Low,arterial,0,1,Low
21,6,cloudy,Medium,local,1,1,Moderate
5,5,cloudy,Low,arterial,0,1,Low
23,5,clear,Heavy,highway,0,1,High
1,6,clear,Low,highway,1,1,High
6,2,clear,Heavy,highway,1,1,Moderate
14,5,rain,Medium,arterial,0,1,Low
14,1,clear,Medium,highway,1,1,Low
21,2,clear,Medium,arterial,0,0,Moderate
23,3,clear,Heavy,arterial,1,1,Moderate
16,0,cloudy,Medium,arterial,0,1,Low
15,5,rain,Low,arterial,0,1,Moderate
7,6,rain,Low,arterial,0,1,Low
19,0,clear,Heavy,local,0,1,Moderate
15,6,clear,Medium,arterial,0,1,Low
0,0,clear,Heavy,local,1,1,High
19,0,rain,Medium,local,0,0,Moderate
8,5,clear,Heavy,arterial,1,0,Moderate
11,4,clear,Medium,highway,1,1,Moderate
11,6,clear,Medium,local,1,0,Low
19,2,clear,Heavy,highway,1,1,Moderate
6,4,fog,Medium,highway,1,0,High
9,1,clear,Low,local,1,1,Low
0,4,fog,Medium,local,1,1,High
8,6,clear,Low,highway,1,0,Low
2,4,clear,Low,arterial,0,1,Moderate
13,6,cloudy,Medium,local,0,0,Low
21,2,clear,Low,highway,1,0,Moderate
11,6,rain,Medium,local,1,0,Moderate
21,3,clear,Medium,arterial,1,1,Low
23,1,clear,Low,local,1,1,High
1,2,clear,Low,arterial,0,0,Moderate
12,3,fog,Medium,local,0,1,Low
12,0,cloudy,Heavy,local,1,1,Low
9,6,cloudy,Low,arterial,0,0,Low
19,1,rain,Low,arterial,0,1,Low
9,4,clear,Heavy,local,0,1,Low
1,6,rain,Heavy,highway,0,0,High
13,3,clear,Heavy,arterial,0,1,Low
4,4,rain,Low,arterial,0,1,High
8,3,cloudy,Heavy,arterial,0,1,Low
12,5,clear,Heavy,highway,1,1,Moderate
17,0,rain,Low,highway,1,0,Moderate
6,2,cloudy,Medium,arterial,1,0,Low
9,4,clear,Low,local,1,1,Low
1,0,cloudy,Medium,arterial,0,1,Moderate
9,6,clear,Medium,arterial,1,1,Low
13,4,rain,Low,highway,1,1,Moderate
14,0,rain,Heavy,arterial,1,1,Moderate
7,0,clear,Heavy,highway,0,1,Low
1,1,clear,Heavy,highway,1,0,High
13,4,clear,Low,highway,0,1,Low
15,3,cloudy,Medium,local,0,0,Low
2,3,rain,Heavy,local,1,1,High
12,3,cloudy,Low,arterial,1,1,Low
2,3,rain,Medium,arterial,0,1,High
10,2,cloudy,Low,highway,1,0,Moderate
15,0,clear,Medium,arterial,0,1,Low
17,0,fog,Medium,arterial,0,0,Moderate
17,4,clear,Heavy,arterial,1,0,Low
18,5,clear,Medium,local,1,1,Low
5,1,clear,Heavy,highway,0,0,Moderate
20,1,clear,Low,arterial,1,0,Moderate
8,2,cloudy,Medium,arterial,1,1,Moderate
8,4,clear,Heavy,arterial,0,1,Low
18,4,clear,Heavy,highway,0,1,Low
7,3,clear,Heavy,highway,0,1,High
1,0,clear,Medium,arterial,1,0,High
17,3,clear,Medium,arterial,1,1,Low
15,5,rain,Heavy,arterial,1,0,Moderate
13,4,clear,Low,local,0,1,Low
3,5,rain,Heavy,highway,1,1,High
15,4,clear,Medium,arterial,0,1,Low
4,6,clear,Heavy,arterial,1,1,High
13,4,cloudy,Medium,highway,0,0,Low
12,3,clear,Medium,local,0,1,Low
18,3,clear,Low,arterial,0,1,Low
23,1,clear,Heavy,arterial,0,0,High
4,3,rain,Medium,arterial,0,1,High
2,1,rain,Medium,highway,0,1,High
13,3,clear,Low,highway,1,1,Low
22,1,cloudy,Medium,arterial,1,1,Moderate
3,3,clear,Low,highway,1,1,High
11,6,rain,Medium,local,0,1,Low
9,3,fog,Heavy,arterial,0,1,Moderate
7,5,clear,Medium,local,0,0,Low
15,3,clear,Low,highway,1,1,Moderate
7,6,rain,Heavy,local,0,1,Moderate
11,1,clear,Medium,arterial,0,1,Low
20,5,rain,Low,local,0,1,Moderate
9,5,cloudy,Low,local,0,1,Low
0,6,fog,Heavy,arterial,1,1,High
21,0,clear,Heavy,local,1,1,Moderate
6,6,cloudy,Heavy,arterial,1,1,Moderate
18,6,clear,Heavy,local,0,0,Low
18,2,cloudy,Medium,local,0,1,Low
12,4,fog,Medium,highway,1,1,Moderate
2,4,cloudy,Heavy,arterial,0,1,Moderate
22,0,cloudy,Medium,local,0,1,Moderate
16,3,clear,Heavy,arterial,0,1,Low
10,4,clear,Medium,local,1,0,Low
20,1,cloudy,Low,highway,1,1,Moderate
18,2,clear,Low,arterial,0,0,Low
18,4,clear,Low,local,1,0,Low
4,6,cloudy,Low,arterial,0,1,High
15,0,cloudy,Medium,local,0,0,Low
6,6,clear,Low,arterial,1,1,Low
1,5,clear,Low,local,0,0,High
8,5,clear,Low,highway,1,1,Moderate
2,0,cloudy,Medium,arterial,0,1,Moderate
2,3,rain,Heavy,arterial,0,1,Moderate
17,2,clear,Medium,local,1,0,Low
12,6,clear,Medium,local,0,1,Low
9,5,rain,Medium,arterial,0,1,Low
4,4,clear,Medium,local,1,0,Moderate
18,0,cloudy,Heavy,arterial,0,1,Moderate
15,6,clear,Medium,arterial,1,1,Low
14,3,rain,Medium,highway,0,1,Moderate
4,1,cloudy,Heavy,highway,0,0,High
2,6,clear,Medium,arterial,1,0,High
2,6,clear,Medium,arterial,0,0,High
0,3,clear,Heavy,highway,1,0,High
23,4,clear,Low,local,0,1,Moderate
8,4,clear,Medium,arterial,1,1,Low
15,2,clear,Heavy,local,0,1,Low
23,5,rain,Medium,arterial,1,1,High
22,6,clear,Low,highway,0,1,High
7,6,clear,Medium,local,0,1,Low
11,4,rain,Heavy,local,1,0,Moderate
11,2,clear,Medium,highway,0,1,Low
0,6,clear,Heavy,arterial,1,1,High
18,6,rain,Low,arterial,1,0,Low
13,0,cloudy,Medium,local,1,1,Low
8,2,clear,Low,highway,1,1,Moderate
13,3,fog,Medium,highway,1,1,Moderate
17,4,clear,Heavy,local,0,1,Low
0,4,clear,Medium,highway,0,1,High
15,3,clear,Medium,arterial,1,1,Moderate
20,0,clear,Heavy,arterial,0,0,Low
17,1,clear,Medium,arterial,1,0,Low
14,5,clear,Medium,highway,1,0,Low
2,4,cloudy,Low,highway,0,0,High
17,4,clear,Medium,arterial,0,0,Low
18,3,rain,Heavy,arterial,0,1,Moderate
11,1,clear,Medium,arterial,1,1,Low
13,2,cloudy,Low,highway,0,1,Moderate
14,4,clear,Low,local,0,1,Low
2,3,clear,Low,arterial,0,1,High
6,0,cloudy,Heavy,arterial,0,0,Low
19,2,clear,Heavy,local,0,1,Low
23,5,cloudy,Medium,highway,0,0,High
6,4,cloudy,Heavy,arterial,0,1,Moderate
9,6,cloudy,Low,arterial,1,1,Low
21,3,cloudy,Heavy,arterial,0,1,Moderate
3,3,rain,Low,arterial,0,1,High
6,6,clear,Low,highway,1,1,Moderate
1,3,fog,Low,local,0,1,High
5,0,clear,Medium,local,0,1,Low
15,2,clear,Medium,arterial,1,1,Low
8,4,rain,Low,highway,1,1,Moderate
23,2,clear,Low,highway,1,1,High
21,2,rain,Heavy,arterial,0,1,Moderate
21,6,cloudy,Heavy,highway,0,1,High
17,3,rain,Low,local,1,1,Moderate
16,2,clear,Low,highway,1,1,Moderate
12,0,cloudy,Medium,arterial,0,0,Moderate
23,2,clear,Medium,local,0,0,Moderate
2,5,clear,Medium,arterial,0,1,Moderate
17,2,cloudy,Medium,local,1,0,Low
3,3,cloudy,Medium,arterial,1,0,High
8,4,cloudy,Medium,arterial,0,0,Low
6,6,cloudy,Heavy,arterial,1,1,Moderate
14,5,rain,Heavy,arterial,0,1,Moderate
18,2,clear,Medium,highway,1,1,Low
1,1,clear,Low,highway,0,0,High
14,4,rain,Heavy,highway,1,1,High
5,1,cloudy,Low,local,0,1,Low
1,2,clear,Heavy,local,0,1,Moderate
10,0,clear,Medium,arterial,1,1,Low
13,5,clear,Heavy,arterial,0,0,Low
4,1,rain,Medium,arterial,0,1,Moderate
9,2,clear,Medium,arterial,0,1,Low
22,2,cloudy,Low,arterial,0,1,Moderate
8,0,cloudy,Low,arterial,1,1,Low
23,5,fog,Low,arterial,1,0,High
20,4,clear,Low,highway,1,0,Moderate
8,3,rain,Medium,local,0,1,Moderate
13,1,cloudy,Heavy,local,0,0,Low
17,0,clear,Low,local,1,1,Low
11,0,clear,Heavy,local,1,1,Low
9,4,clear,Low,arterial,0,1,Low
7,5,clear,Medium,arterial,1,1,Moderate
3,5,clear,Medium,highway,1,1,High
0,5,clear,Heavy,arterial,0,1,Moderate
8,2,rain,Low,local,1,0,Moderate
19,0,clear,Low,local,0,0,Low
5,1,clear,Low,local,0,1,Low
4,5,cloudy,Heavy,local,1,1,Moderate
7,5,rain,Low,highway,0,0,Moderate
14,3,fog,Medium,local,0,0,Low
5,0,rain,Low,arterial,1,1,Moderate
5,5,rain,Medium,highway,1,1,High
2,5,clear,Medium,highway,1,0,High
7,1,clear,Low,arterial,0,0,Low
5,5,clear,Medium,local,1,1,Low
19,4,rain,Low,arterial,1,1,High
21,6,clear,Low,local,1,0,Moderate
8,4,cloudy,Medium,highway,1,1,Moderate
2,0,clear,Heavy,highway,1,1,High
2,4,rain,Low,arterial,0,1,High
7,0,clear,Low,arterial,0,1,Low
11,1,rain,Low,arterial,0,1,Moderate
12,6,rain,Heavy,local,1,0,High
7,6,clear,Low,highway,1,1,Moderate
8,3,rain,Heavy,arterial,0,1,Moderate
6,2,clear,Low,arterial,0,1,Low
12,2,clear,Low,local,1,1,Low
16,1,clear,Medium,local,0,0,Low
1,4,cloudy,Medium,local,1,1,High
11,2,clear,Medium,local,1,1,Low
15,0,cloudy,Medium,highway,1,1,Moderate
16,4,rain,Heavy,arterial,1,1,Moderate
13,4,clear,Medium,local,0,1,Low
12,4,clear,Heavy,local,0,1,Low
16,6,clear,Heavy,local,1,1,Low
9,4,clear,Medium,highway,0,1,Low
13,4,fog,Heavy,arterial,0,0,Moderate
7,1,clear,Medium,highway,1,1,Low
10,3,cloudy,Medium,highway,1,1,Low
2,3,fog,Heavy,arterial,1,0,High
8,6,clear,Medium,local,1,1,Low
3,3,cloudy,Medium,local,1,0,High
5,4,rain,Low,arterial,0,1,Moderate
10,3,cloudy,Heavy,local,0,1,Low
12,0,clear,Low,arterial,0,1,Low
22,6,rain,Low,highway,1,1,High
0,4,rain,Low,arterial,1,1,High
21,1,rain,Medium,highway,0,1,Moderate
7,0,rain,Low,arterial,1,1,Moderate
17,6,rain,Heavy,arterial,0,1,Moderate
16,2,cloudy,Medium,local,1,1,Low
23,0,clear,Heavy,highway,0,1,High
2,4,rain,Low,local,1,1,High
23,0,clear,Medium,arterial,0,1,Moderate
1,1,rain,Medium,arterial,1,0,High
21,6,clear,Low,local,0,1,Low
15,0,cloudy,Medium,arterial,0,0,Low
11,5,rain,Heavy,local,0,0,Moderate
9,4,rain,Medium,local,1,1,Moderate
2,2,clear,Heavy,highway,1,1,Moderate
19,2,cloudy,Medium,arterial,0,1,Low
17,3,clear,Low,arterial,1,1,Moderate
22,3,clear,Heavy,arterial,1,1,High
17,6,clear,Heavy,arterial,1,1,Moderate
22,1,fog,Medium,local,1,1,High
21,4,fog,Low,local,0,1,Moderate
10,4,cloudy,Low,arterial,1,1,Low
16,0,rain,Heavy,arterial,1,1,Moderate
6,6,clear,Low,local,1,0,Low
19,6,clear,Low,arterial,1,0,Low
14,0,cloudy,Medium,local,1,0,Low
10,1,rain,Heavy,local,0,1,Moderate
15,5,cloudy,Medium,highway,1,0,Low
6,5,clear,Medium,local,1,1,Low
14,1,clear,Medium,arterial,1,0,Low
11,6,clear,Heavy,highway,1,1,Low
7,2,rain,Low,local,0,1,Moderate
23,2,clear,Low,arterial,1,1,High
1,2,clear,Low,highway,0,0,High
18,4,cloudy,Low,arterial,1,1,Low
5,1,clear,Low,arterial,1,0,Low
5,3,clear,Medium,highway,1,1,Low
3,0,cloudy,Low,arterial,0,0,High
2,1,clear,Heavy,arterial,1,1,High
2,5,cloudy,Low,arterial,0,0,High
19,2,fog,Heavy,arterial,1,1,High
22,5,clear,Low,highway,0,0,High
14,5,clear,Low,local,0,0,Low
0,6,cloudy,Heavy,local,1,1,High
20,0,cloudy,Heavy,local,0,1,High
14,6,fog,Low,highway,0,0,Moderate
12,6,clear,Heavy,arterial,0,1,Low
22,3,rain,Heavy,highway,0,0,High
9,0,clear,Medium,arterial,1,0,Low
8,0,clear,Medium,local,1,1,Low
18,3,clear,Medium,highway,0,1,Low
12,0,clear,Low,local,1,1,Low
17,0,clear,Low,arterial,0,1,Low
16,3,clear,Low,arterial,0,0,Low
20,3,clear,Medium,arterial,0,1,Moderate
7,6,cloudy,Low,arterial,0,0,Low
1,6,clear,Low,arterial,0,0,High
11,1,clear,Low,highway,1,0,Low
15,2,clear,Medium,highway,0,0,Low
19,1,cloudy,Medium,local,1,0,Moderate
6,1,fog,Heavy,local,0,0,Moderate
17,3,clear,Heavy,arterial,0,0,Moderate
19,6,fog,Heavy,local,0,0,Moderate
19,6,cloudy,Low,highway,1,0,Moderate
19,6,rain,Medium,local,0,0,Moderate
23,3,clear,Medium,arterial,1,0,High
15,4,clear,Low,local,1,1,Low
8,5,rain,Low,arterial,1,1,Moderate
10,1,cloudy,Heavy,local,1,0,Moderate
17,3,rain,Medium,local,0,1,Low
5,3,rain,Medium,local,1,1,Moderate
14,2,clear,Heavy,highway,1,1,Moderate
13,3,cloudy,Heavy,local,1,1,Moderate
15,3,clear,Heavy,arterial,0,1,Low
10,0,cloudy,Heavy,arterial,1,1,Low
17,5,cloudy,Low,local,0,1,Low
1,6,cloudy,Medium,arterial,1,1,Moderate
17,5,clear,Low,arterial,1,1,Low
19,6,fog,Heavy,local,0,1,Moderate
21,3,clear,Low,local,1,1,Low
22,0,clear,Medium,arterial,0,1,Moderate
8,1,clear,Heavy,arterial,0,1,Low
1,5,clear,Medium,arterial,1,1,High
15,0,clear,Low,local,1,1,Low
2,3,clear,Low,local,1,1,High
6,0,clear,Medium,arterial,1,1,Low
16,2,clear,Medium,arterial,1,1,Moderate
14,0,clear,Medium,arterial,1,1,Low
14,0,fog,Low,arterial,1,0,Moderate
18,1,clear,Heavy,highway,0,0,Moderate
3,3,clear,Medium,highway,1,1,High
18,4,cloudy,Heavy,arterial,0,1,Low
14,2,cloudy,Medium,arterial,0,0,Low
10,5,clear,Heavy,arterial,1,1,Low
11,2,clear,Low,local,1,0,Low
12,5,cloudy,Heavy,arterial,1,1,Low
13,3,clear,Heavy,arterial,1,1,Low
8,5,clear,Medium,arterial,1,0,Low
5,6,fog,Heavy,local,1,1,Moderate
4,6,clear,Heavy,local,1,0,High
8,4,clear,Heavy,local,1,0,Low
6,6,clear,Heavy,arterial,1,0,Moderate
12,4,cloudy,Heavy,local,0,1,Low
21,1,clear,Low,arterial,0,1,Low
2,6,clear,Low,arterial,0,1,High
7,1,clear,Medium,local,0,1,Low
1,3,clear,Heavy,arterial,1,1,High
23,1,clear,Low,arterial,0,1,Moderate
16,5,clear,Medium,highway,0,0,Low
5,6,clear,Low,local,1,0,Low
9,5,clear,Heavy,highway,0,1,Moderate
17,0,fog,Heavy,highway,1,1,High
22,1,cloudy,Low,highway,0,1,High
13,2,clear,Low,arterial,1,1,Low
6,0,clear,Heavy,local,1,1,Moderate
16,3,cloudy,Medium,highway,0,1,Low
16,0,cloudy,Medium,local,1,1,Low
15,4,clear,Heavy,arterial,0,1,Moderate
1,4,clear,Heavy,arterial,0,1,Moderate
16,4,clear,Low,local,0,1,Low
0,6,clear,Medium,local,0,1,Moderate
21,5,clear,Heavy,local,0,1,Moderate
21,1,clear,Low,highway,0,0,Moderate
13,4,rain,Medium,highway,0,0,Moderate
15,5,clear,Heavy,local,1,1,Low
1,5,clear,Low,highway,0,1,High
20,4,clear,Medium,local,1,1,Low
6,0,cloudy,Low,arterial,0,0,Low
6,3,clear,Low,arterial,1,1,Low
16,6,cloudy,Low,arterial,1,1,Low
22,0,cloudy,Low,arterial,1,0,High
11,4,clear,Medium,local,0,1,Low
12,3,clear,Heavy,arterial,1,1,Low
13,1,fog,Heavy,arterial,0,1,Moderate
6,2,rain,Heavy,local,1,1,Moderate
14,6,clear,Heavy,local,0,1,Low
23,4,cloudy,Low,arterial,1,1,High
9,6,clear,Medium,arterial,1,1,Low
18,3,clear,Heavy,local,1,0,Moderate
18,5,clear,Heavy,highway,1,1,Moderate
20,4,rain,Medium,local,0,0,Moderate
17,6,rain,Heavy,arterial,0,1,Moderate
22,2,cloudy,Heavy,local,0,0,High
17,2,cloudy,Medium,local,0,1,Low
23,0,clear,Heavy,highway,1,1,High
17,1,fog,Heavy,arterial,1,1,Moderate
20,0,clear,Heavy,local,1,0,Moderate
21,1,fog,Low,highway,1,1,High
23,2,clear,Heavy,arterial,0,0,High
14,6,clear,Heavy,arterial,1,1,Low
17,2,cloudy,Low,local,1,1,Low
23,5,clear,Heavy,highway,1,1,High
9,5,clear,Low,highway,1,1,Moderate
2,6,cloudy,Heavy,arterial,1,0,High
21,3,cloudy,Heavy,highway,1,1,Moderate
15,5,clear,Low,local,1,1,Low
10,2,clear,Heavy,highway,1,1,Moderate
17,4,cloudy,Low,local,1,1,Low
0,5,clear,Heavy,arterial,1,0,High
11,0,clear,Medium,local,1,0,Low
6,0,cloudy,Medium,local,1,1,Moderate
6,1,rain,Heavy,local,0,1,Moderate
23,5,clear,Low,arterial,1,0,High
13,3,cloudy,Medium,arterial,1,1,Moderate
3,1,clear,Heavy,highway,1,1,High
8,5,cloudy,Low,local,0,0,Low
5,0,rain,Low,local,0,1,Moderate
21,1,clear,Medium,highway,0,1,Moderate
6,3,clear,Low,arterial,1,1,Moderate
8,6,rain,Medium,arterial,1,0,Moderate
8,5,cloudy,Medium,arterial,1,1,Low
4,4,cloudy,Medium,arterial,1,1,Moderate
18,4,clear,Low,arterial,1,1,Low
13,2,clear,Low,local,1,1,Low
10,3,clear,Low,arterial,1,1,Low
9,6,clear,Heavy,highway,0,1,Moderate
16,5,clear,Low,arterial,1,0,Low
2,4,clear,Heavy,highway,1,0,High
22,0,rain,Low,arterial,1,1,High
13,5,clear,Low,arterial,1,0,Low
5,2,cloudy,Heavy,highway,0,1,Moderate
12,2,clear,Low,arterial,0,0,Low
20,4,clear,Medium,local,0,0,Low
4,2,clear,Low,local,0,1,Moderate
12,4,cloudy,Heavy,arterial,0,1,Low
14,0,cloudy,Low,highway,1,1,Moderate
19,1,clear,Low,local,0,1,Moderate
13,3,fog,Medium,highway,0,1,Moderate
17,6,clear,Medium,local,1,1,Low
18,5,clear,Heavy,arterial,0,1,Low
21,2,cloudy,Heavy,arterial,0,1,Moderate
8,6,clear,Heavy,highway,1,0,Low
16,1,cloudy,Low,local,0,1,Low
5,6,fog,Medium,highway,0,0,High
20,2,cloudy,Low,arterial,1,1,Moderate
22,0,clear,Low,highway,1,1,High
7,0,clear,Low,local,0,1,Low
13,6,rain,Medium,local,1,1,Moderate
19,4,clear,Medium,highway,1,1,Moderate
0,1,clear,Heavy,arterial,0,0,Moderate
16,6,rain,Medium,arterial,0,0,Moderate
19,0,rain,Low,highway,0,1,High
20,2,clear,Low,arterial,0,1,Low
4,5,cloudy,Medium,arterial,1,1,High
18,0,clear,Medium,highway,1,1,Moderate
18,6,rain,Low,local,1,1,Moderate
0,4,cloudy,Medium,highway,1,1,High
16,6,clear,Heavy,local,1,1,Moderate
15,5,clear,Low,local,0,1,Low
23,5,clear,Heavy,highway,1,1,High
1,1,clear,Heavy,highway,0,1,High
23,1,cloudy,Heavy,local,1,0,High
13,1,clear,Low,arterial,0,0,Low
6,1,rain,Low,local,0,1,Low
9,4,clear,Heavy,arterial,0,0,Low
18,0,clear,Medium,local,0,1,Low
23,2,cloudy,Low,highway,1,1,High
7,4,cloudy,Medium,arterial,0,0,Low
23,3,clear,Medium,local,1,1,Moderate
15,3,clear,Low,highway,0,1,Low
4,1,clear,Low,arterial,0,1,Moderate
14,0,cloudy,Heavy,arterial,0,1,Moderate
19,6,rain,Medium,arterial,1,1,High
1,3,rain,Low,highway,1,1,High
1,4,cloudy,Heavy,arterial,0,0,Moderate
0,3,cloudy,Heavy,arterial,0,1,Moderate
13,2,rain,Medium,arterial,1,1,Moderate
1,5,rain,Low,highway,0,1,High
22,2,clear,Heavy,arterial,0,1,High
3,2,clear,Heavy,arterial,1,0,High
1,5,rain,Heavy,local,0,0,High
6,2,rain,Low,local,1,1,Moderate
18,4,cloudy,Medium,highway,0,1,Low
21,4,clear,Low,local,0,1,Low
6,0,rain,Heavy,local,0,1,Moderate
12,4,clear,Low,arterial,1,1,Low
18,5,clear,Medium,arterial,1,1,Low
19,1,clear,Heavy,arterial,0,1,Moderate
3,6,cloudy,Heavy,arterial,1,1,High
20,0,clear,Medium,local,0,1,Low
20,1,cloudy,Medium,highway,1,1,Moderate
17,6,cloudy,Heavy,local,1,1,Moderate
12,5,clear,Medium,arterial,0,0,Low
9,5,clear,Medium,arterial,1,1,Low
21,4,cloudy,Heavy,arterial,1,1,Moderate
20,1,rain,Medium,highway,1,0,High
12,3,rain,Medium,arterial,0,1,Low
17,3,clear,Low,arterial,1,0,Low
9,0,cloudy,Low,arterial,1,1,Low
17,4,rain,Medium,arterial,1,1,High
2,0,clear,Low,highway,1,0,High
21,0,cloudy,Low,local,1,0,Low
12,1,clear,Medium,arterial,1,0,Low
14,1,cloudy,Medium,local,1,1,Low
4,0,clear,Low,arterial,1,1,High
12,6,clear,Medium,highway,0,1,Low
0,5,clear,Low,local,0,1,Moderate
21,3,clear,Low,local,0,1,Low
17,2,clear,Low,arterial,1,1,Low
10,1,clear,Heavy,arterial,1,0,Low
20,6,clear,Medium,arterial,1,1,Low
19,5,clear,Heavy,local,0,1,Low
2,5,clear,Medium,highway,0,0,High
1,3,clear,Heavy,highway,1,1,High
6,0,fog,Low,local,1,0,High
0,4,clear,Medium,highway,1,1,Moderate
13,3,cloudy,Medium,local,1,0,Low
12,2,clear,Medium,local,1,0,Low
12,2,clear,Heavy,highway,1,0,High
1,0,rain,Medium,local,0,1,High
22,6,cloudy,Low,local,1,1,High
23,1,cloudy,Heavy,local,1,0,High
14,5,clear,Low,arterial,0,1,Low
0,6,clear,Low,highway,1,1,High
9,0,clear,Medium,arterial,0,1,Low
17,4,clear,Low,highway,1,1,Low
17,0,rain,Heavy,arterial,1,1,High
5,5,clear,Medium,arterial,0,1,Low
19,3,clear,Heavy,local,1,1,Low
23,0,clear,Medium,highway,1,0,High
12,5,clear,Medium,highway,0,0,Low
9,5,clear,Medium,highway,1,1,Moderate
12,6,clear,Heavy,local,0,1,Low
0,3,fog,Low,arterial,0,1,High
12,6,cloudy,Low,highway,1,1,Low
0,4,clear,Low,local,1,1,High
0,3,clear,Medium,highway,1,1,Moderate
13,2,cloudy,Heavy,arterial,0,1,Low
12,2,clear,Medium,arterial,0,1,Low
23,4,rain,Medium,local,1,0,High
12,5,cloudy,Low,arterial,1,0,Moderate
23,0,clear,Medium,local,0,0,Moderate
19,2,cloudy,Heavy,highway,0,1,Moderate
8,0,clear,Medium,arterial,0,1,Low
22,2,clear,Heavy,arterial,0,0,Moderate
11,5,cloudy,Medium,arterial,0,0,Low
14,4,clear,Low,local,1,0,Low
2,0,clear,Heavy,local,0,0,High
5,5,rain,Medium,arterial,1,1,Moderate
12,0,rain,Medium,highway,1,1,High
6,0,clear,Heavy,local,1,1,Moderate
14,6,rain,Heavy,arterial,0,1,Moderate
1,0,clear,Heavy,local,0,1,Moderate
6,1,rain,Medium,local,0,1,Moderate
15,0,clear,Medium,local,0,1,Low
14,4,clear,Medium,arterial,1,0,Low
23,3,cloudy,Medium,local,0,0,Moderate
21,5,clear,Low,arterial,1,1,Moderate
19,6,rain,Heavy,local,0,1,High
0,5,clear,Low,arterial,0,1,High
14,3,fog,Heavy,local,1,0,Moderate
5,0,clear,Low,arterial,0,1,Low
6,6,clear,Low,highway,1,1,Low
5,3,clear,Low,local,0,1,Low
10,1,clear,Medium,arterial,1,1,Low
2,3,cloudy,Low,local,0,0,High
12,2,cloudy,Low,local,0,0,Low
3,2,rain,Medium,arterial,1,0,High
12,3,clear,Medium,arterial,0,1,Low
15,5,clear,Low,highway,1,1,Moderate
4,1,clear,Low,arterial,1,1,High
2,6,cloudy,Low,local,0,1,High
19,0,rain,Heavy,arterial,1,0,High
17,1,clear,Heavy,highway,1,1,Moderate
6,4,clear,Medium,highway,0,0,Low
21,1,clear,Low,arterial,1,0,Moderate
5,5,clear,Low,arterial,0,1,Low
22,5,cloudy,Heavy,local,1,1,High
2,3,clear,Low,local,0,1,Moderate
15,3,rain,Medium,highway,1,1,Moderate
0,6,clear,Low,arterial,0,1,High
4,5,clear,Heavy,arterial,1,1,High
9,4,clear,Medium,highway,0,0,Low
2,0,clear,Low,arterial,0,0,Moderate
10,4,rain,Low,local,0,0,Low
5,0,rain,Medium,highway,0,0,High
2,1,clear,Medium,local,0,0,Moderate
23,4,clear,Medium,local,1,0,High
23,2,cloudy,Low,arterial,0,1,Moderate
23,6,cloudy,Medium,arterial,1,1,High
3,6,cloudy,Low,highway,1,0,High
9,0,clear,Medium,highway,0,1,Low
7,6,cloudy,Heavy,local,0,1,Moderate
7,6,clear,Low,local,0,1,Low
9,0,clear,Heavy,highway,0,1,Moderate
12,2,rain,Heavy,arterial,0,1,Moderate
11,6,clear,Heavy,arterial,1,0,Moderate
7,0,clear,Low,highway,1,1,Low
23,0,clear,Heavy,arterial,0,0,High
23,3,clear,Low,arterial,1,1,Moderate
7,6,rain,Medium,local,1,1,Moderate
5,1,clear,Medium,highway,1,1,Moderate
12,5,clear,Low,highway,1,1,Low
8,4,rain,Low,arterial,0,0,Moderate
23,1,clear,Heavy,highway,0,1,Moderate
10,2,clear,Low,highway,1,1,Moderate
0,4,clear,Medium,local,1,0,High
3,3,clear,Heavy,local,0,1,High
1,1,clear,Low,highway,0,1,High
9,1,cloudy,Heavy,arterial,0,1,Low
7,3,clear,Heavy,local,1,1,Low
20,5,cloudy,Low,arterial,0,1,Low
21,2,rain,Medium,arterial,1,1,Moderate
3,6,clear,Low,highway,0,1,High
22,4,clear,Heavy,arterial,1,0,High
14,2,clear,Low,highway,0,1,Low
7,4,clear,Medium,arterial,1,1,Low
9,3,clear,Medium,local,0,1,Low
10,5,clear,Medium,arterial,1,1,Low
4,6,clear,Medium,local,1,1,Moderate
20,5,clear,Low,arterial,0,1,Moderate
0,0,clear,Heavy,arterial,0,1,Moderate
1,0,cloudy,Heavy,local,0,0,Moderate
6,5,clear,Medium,local,1,1,Low
3,5,cloudy,Heavy,arterial,1,1,Moderate
1,3,cloudy,Low,local,1,1,High
9,1,clear,Low,local,1,1,Low
9,6,cloudy,Low,arterial,0,0,Low
3,3,clear,Low,arterial,0,0,Moderate
19,2,cloudy,Low,highway,0,0,Low
21,2,clear,Low,highway,1,1,Moderate
17,2,clear,Medium,highway,1,1,Low
12,1,clear,Medium,arterial,0,0,Low
22,2,cloudy,Medium,local,0,0,Moderate
8,4,cloudy,Heavy,arterial,1,1,Moderate
10,0,clear,Medium,local,0,1,Low
0,2,clear,Medium,local,1,0,High
16,1,clear,Low,arterial,0,1,Low
2,4,clear,Heavy,local,0,1,Low
15,6,clear,Medium,arterial,1,0,Low
18,5,cloudy,Low,arterial,0,1,Low
5,1,cloudy,Low,local,0,1,Moderate
14,3,rain,Low,arterial,1,0,Low
7,0,clear,Medium,local,1,1,Moderate
9,2,cloudy,Low,arterial,1,0,Low
12,1,rain,Heavy,arterial,0,1,High
5,3,clear,Low,arterial,0,0,Moderate
19,2,cloudy,Heavy,local,1,0,Low
9,4,clear,Low,local,0,1,Low
11,3,clear,Medium,highway,0,1,Low
19,6,fog,Heavy,local,1,1,High
5,0,clear,Low,arterial,1,0,Moderate
10,6,rain,Heavy,local,1,1,Moderate
23,5,rain,Low,arterial,1,1,High
9,4,rain,Medium,arterial,0,1,Low
2,5,cloudy,Heavy,arterial,1,1,Moderate
6,0,cloudy,Low,local,0,0,Low
22,1,clear,Low,arterial,1,1,High
18,0,clear,Low,local,1,0,Low
19,5,rain,Low,highway,0,1,High
6,2,clear,Medium,highway,0,1,Low
20,2,clear,Heavy,highway,1,1,High
9,4,fog,Low,arterial,1,1,High
19,2,clear,Medium,arterial,1,1,Moderate
21,4,rain,Heavy,arterial,0,1,Moderate
4,6,clear,Heavy,arterial,0,1,High
22,2,clear,Heavy,local,0,1,Moderate
15,6,cloudy,Heavy,local,1,1,Low
17,3,clear,Low,arterial,0,1,Low
18,2,rain,Low,local,1,1,Moderate
4,6,clear,Heavy,highway,0,1,High
17,3,clear,Low,arterial,1,0,Low
5,0,rain,Low,local,0,1,Moderate
6,2,clear,Heavy,local,0,1,Low
2,5,clear,Medium,local,1,1,Moderate
4,3,clear,Medium,arterial,0,0,Moderate
23,3,rain,Medium,local,1,1,High
7,4,rain,Low,highway,0,0,Moderate
9,1,clear,Low,arterial,1,0,Low
11,0,clear,Heavy,arterial,0,0,Low
17,3,fog,Low,arterial,0,1,Low
13,6,rain,Medium,arterial,0,1,Moderate
12,0,clear,Low,arterial,1,1,Low
20,5,cloudy,Low,arterial,1,1,Moderate
11,6,clear,Low,local,1,1,Low
18,0,clear,Low,arterial,0,0,Low
21,0,cloudy,Medium,arterial,0,1,Low
16,6,cloudy,Low,local,0,1,Low
0,0,clear,Medium,local,1,1,Low
6,5,rain,Medium,local,1,0,Moderate
14,5,clear,Medium,arterial,1,1,Low
11,2,rain,Low,arterial,1,1,Moderate
6,2,clear,Low,arterial,1,0,Low
8,3,fog,Low,local,1,1,Moderate
1,3,clear,Low,local,0,1,Moderate
5,6,clear,Medium,arterial,0,0,Moderate
18,4,cloudy,Medium,arterial,1,1,Low
0,6,clear,Low,local,0,1,Moderate
20,1,clear,Low,highway,0,1,Moderate
8,1,cloudy,Medium,highway,1,1,Moderate
19,1,clear,Low,local,0,1,Low
6,4,rain,Medium,local,1,1,Moderate
19,0,clear,Heavy,highway,1,0,Moderate
13,6,clear,Heavy,local,1,0,Moderate
20,5,clear,Low,local,0,0,Low
1,6,clear,Medium,highway,1,0,High
19,6,clear,Heavy,highway,0,1,Moderate
6,0,clear,Heavy,arterial,0,0,Moderate
8,5,clear,Medium,local,1,0,Moderate
1,3,clear,Medium,arterial,1,0,Moderate
22,5,cloudy,Heavy,local,0,1,High
15,6,clear,Low,highway,1,1,Low
23,4,clear,Medium,highway,0,0,High
13,0,clear,Medium,local,1,0,Low
3,6,rain,Medium,arterial,1,0,High
8,3,clear,Low,arterial,1,1,Low
10,3,rain,Heavy,local,0,1,Moderate
3,4,clear,Low,highway,0,1,Moderate
22,6,fog,Medium,arterial,1,1,High
22,3,clear,Heavy,local,1,0,High
13,1,clear,Low,local,1,1,Low
14,5,clear,Low,arterial,0,0,Low
16,4,fog,Medium,arterial,0,0,Low
16,0,clear,Medium,highway,0,1,Low
1,3,cloudy,Low,highway,0,1,Moderate
12,5,clear,Heavy,highway,1,1,Moderate
18,6,cloudy,Medium,arterial,1,1,Moderate
19,1,cloudy,Low,local,0,1,Low
14,3,clear,Medium,highway,0,1,Moderate
21,5,cloudy,Medium,local,1,0,Low
14,4,rain,Medium,arterial,0,1,Low
9,2,clear,Heavy,highway,1,1,Low
10,1,clear,Medium,highway,0,1,Low
16,0,clear,Low,arterial,1,0,Low
21,4,cloudy,Medium,highway,0,1,Moderate
5,6,clear,Medium,local,1,1,Moderate
7,4,cloudy,Medium,highway,1,1,Moderate
15,5,clear,Low,local,1,1,Low
18,4,fog,Low,highway,1,1,High
9,2,cloudy,Heavy,arterial,1,0,Moderate
15,3,clear,Low,arterial,0,1,Low
0,1,rain,Low,local,1,1,High
7,1,rain,Heavy,arterial,1,1,Moderate
22,4,clear,Medium,arterial,1,0,High
13,4,clear,Low,local,0,1,Low
20,6,clear,Low,local,0,1,Low
5,1,clear,Medium,local,0,1,Low
6,2,clear,Medium,highway,1,0,Moderate
23,1,clear,Low,local,0,0,High
23,6,clear,Heavy,arterial,0,0,High
21,5,clear,Low,local,1,1,Low
7,2,clear,Low,arterial,1,0,Low
19,6,clear,Medium,highway,0,1,Low
11,4,clear,Heavy,arterial,1,1,Low
20,3,clear,Medium,arterial,0,1,Low
20,2,clear,Low,arterial,0,0,Moderate
10,3,rain,Medium,arterial,0,0,Moderate
7,0,cloudy,Low,local,1,1,Low
23,1,rain,Low,local,1,0,High
10,6,fog,Medium,local,1,0,Moderate
10,1,cloudy,Medium,arterial,0,1,Low
15,1,rain,Heavy,local,1,0,Moderate
22,6,clear,Heavy,local,0,1,High
3,6,cloudy,Medium,arterial,0,1,Moderate
23,5,clear,Heavy,arterial,0,1,Moderate
10,0,cloudy,Low,highway,1,1,Moderate
0,5,clear,Heavy,arterial,0,1,High
7,1,fog,Low,local,1,1,Low
11,0,clear,Medium,local,1,0,Low
16,6,rain,Low,local,0,1,Low
13,1,fog,Medium,arterial,1,1,Moderate
3,4,rain,Medium,local,0,1,Moderate
11,0,clear,Low,arterial,0,1,Low
5,1,clear,Heavy,arterial,1,1,Moderate
6,6,cloudy,Heavy,arterial,0,1,Low
17,4,clear,Medium,local,1,0,Low
19,6,clear,Low,local,0,1,Low
3,1,cloudy,Heavy,arterial,1,1,Moderate
14,6,rain,Low,highway,1,1,Moderate
10,6,clear,Low,arterial,1,0,Low
8,6,clear,Low,local,1,1,Low
17,0,cloudy,Medium,highway,0,0,Low
5,0,cloudy,Low,arterial,0,1,Low
18,3,rain,Low,highway,1,0,Moderate
9,0,cloudy,Medium,arterial,1,1,Low
2,0,clear,Heavy,arterial,0,1,High
19,5,cloudy,Heavy,arterial,1,0,Moderate
20,4,rain,Heavy,arterial,1,1,Moderate
13,5,clear,Low,arterial,0,1,Low
17,6,clear,Heavy,local,0,1,Low
3,0,cloudy,Medium,highway,1,1,High
8,5,clear,Low,local,1,1,Low
8,0,fog,Medium,arterial,0,1,Low
18,2,clear,Low,local,1,0,Low
8,2,clear,Medium,highway,0,1,Low
17,1,fog,Heavy,local,0,0,High
7,5,clear,Medium,local,1,1,Moderate
14,0,clear,Low,highway,0,1,Low
5,5,clear,Heavy,local,0,1,Moderate
13,6,fog,Heavy,highway,1,1,High
1,4,fog,Medium,highway,0,1,High
17,0,clear,Medium,highway,1,1,Low
0,4,cloudy,Heavy,highway,0,0,High
23,4,cloudy,Low,local,1,1,Moderate
20,2,clear,Medium,arterial,0,1,Moderate
13,2,clear,Heavy,highway,1,1,Moderate
21,3,rain,Heavy,arterial,0,0,High
19,6,clear,Low,local,0,1,Low
3,0,clear,Heavy,local,1,1,Moderate
17,3,clear,Low,arterial,1,1,Low
9,2,cloudy,Medium,highway,1,1,Moderate
20,3,clear,Medium,highway,1,1,Moderate
20,0,clear,Low,local,0,0,Low
22,6,clear,Low,local,0,0,High
10,3,fog,Medium,highway,1,1,High
4,6,clear,Low,local,0,0,High
3,1,clear,Medium,highway,1,1,High
3,4,clear,Heavy,arterial,1,0,High
23,4,clear,Medium,highway,1,1,High
14,5,rain,Heavy,local,1,1,High
8,0,clear,Heavy,arterial,1,1,Low
10,4,cloudy,Heavy,highway,0,1,Moderate
4,1,clear,Medium,local,0,0,Moderate
13,2,rain,Low,arterial,1,1,Low
10,0,rain,Medium,arterial,1,1,Moderate
19,0,clear,Heavy,local,0,0,Low
0,5,rain,Heavy,arterial,1,1,High
22,5,rain,Medium,arterial,0,0,High
1,6,rain,Heavy,highway,0,0,High
10,4,fog,Medium,local,0,1,Low
8,4,cloudy,Medium,arterial,1,0,Moderate
17,0,clear,Low,arterial,1,1,Low
15,5,clear,Medium,local,1,0,Low
4,1,rain,Low,local,0,1,High
11,0,rain,Low,arterial,0,1,Low
12,5,clear,Low,highway,1,1,Low
11,4,cloudy,Medium,arterial,0,1,Low
0,1,clear,Medium,highway,0,1,Moderate
4,3,clear,Heavy,arterial,0,1,Moderate
12,4,clear,Heavy,arterial,0,1,Low
6,3,clear,Low,arterial,0,1,Moderate
13,5,cloudy,Low,arterial,1,0,Low
3,3,clear,Low,local,0,0,High
17,2,cloudy,Low,highway,0,1,Moderate
4,1,cloudy,Heavy,arterial,0,0,High
15,1,rain,Medium,arterial,0,1,Moderate
20,5,clear,Low,arterial,0,0,Low
8,2,clear,Medium,arterial,1,1,Low
3,5,cloudy,Heavy,highway,0,0,High
0,2,cloudy,Low,arterial,0,1,Low
8,3,clear,Heavy,highway,1,1,Moderate
2,4,clear,Low,arterial,0,1,Moderate
21,3,fog,Low,arterial,1,1,Moderate
23,5,clear,Medium,local,1,1,High
23,6,clear,Low,local,1,0,High
22,6,fog,Low,arterial,1,1,High
14,6,rain,Low,highway,0,1,Moderate
7,0,clear,Low,arterial,1,0,Low
10,5,rain,Medium,highway,1,1,High
6,5,clear,Low,arterial,0,0,Low
20,2,rain,Low,highway,1,1,Moderate
10,2,cloudy,Medium,highway,1,1,Moderate
9,0,clear,Medium,arterial,0,0,Low
16,5,rain,Medium,local,0,0,Low
8,5,rain,Medium,arterial,0,0,Moderate
8,0,clear,Heavy,highway,0,1,Low
5,4,cloudy,Low,arterial,1,1,Moderate
1,3,rain,Heavy,arterial,1,1,High
0,1,clear,Medium,local,0,1,Low
9,3,clear,Heavy,highway,1,1,Low
23,5,clear,Low,local,0,1,Moderate
6,2,fog,Heavy,local,0,1,Moderate
15,5,clear,Heavy,local,1,1,Low
7,6,clear,Low,local,0,1,Low
7,3,cloudy,Medium,arterial,0,1,Low
3,0,clear,Low,local,1,0,High
13,2,clear,Low,arterial,0,1,Low
15,0,clear,Medium,local,1,1,Low
8,2,clear,Medium,local,0,1,Low
12,4,rain,Medium,highway,1,1,Moderate
11,1,clear,Low,highway,1,1,Low
6,3,clear,Low,local,0,1,Low
16,6,clear,Low,arterial,0,1,Low
13,1,rain,Low,local,1,1,Low
1,6,clear,Medium,local,1,1,High
11,2,clear,Low,highway,0,1,Low
9,4,cloudy,Heavy,highway,1,1,Moderate
19,1,clear,Heavy,local,1,1,Moderate
7,1,cloudy,Heavy,arterial,0,0,Moderate
22,6,clear,Low,local,1,1,High
14,4,rain,Low,arterial,1,1,Moderate
3,3,cloudy,Low,highway,1,1,High
9,3,rain,Low,highway,0,1,Low
21,1,fog,Heavy,highway,0,0,High
6,6,cloudy,Medium,highway,0,1,Moderate
16,2,clear,Heavy,local,0,1,Low
18,0,cloudy,Heavy,local,1,1,Low
16,6,cloudy,Medium,local,0,1,Low
2,0,clear,Medium,highway,0,0,High
8,6,clear,Low,arterial,0,1,Low
8,1,clear,Heavy,highway,1,1,Moderate
8,0,rain,Medium,highway,0,1,Moderate
21,1,rain,Low,highway,0,1,Moderate
0,4,cloudy,Heavy,local,0,1,High
12,3,rain,Heavy,arterial,0,0,Moderate
23,1,cloudy,Heavy,arterial,0,1,High
21,2,rain,Low,local,1,1,High
14,1,clear,Heavy,arterial,0,0,Low
23,4,clear,Medium,highway,0,1,Moderate
9,6,cloudy,Low,local,1,1,Low
14,1,rain,Low,arterial,1,1,Low
13,6,rain,Low,highway,0,1,Moderate
1,2,fog,Low,local,1,1,High
0,0,rain,Medium,arterial,0,0,High
21,2,clear,Heavy,local,0,0,Low
4,6,clear,Heavy,local,1,1,High
8,5,clear,Low,arterial,0,1,Low
14,5,cloudy,Medium,local,1,0,Low
13,2,clear,Low,arterial,0,1,Low
12,5,clear,Low,local,0,1,Low
23,4,clear,Heavy,arterial,1,1,Moderate
18,5,rain,Heavy,highway,0,1,Moderate
22,3,clear,Heavy,highway,1,1,High
15,3,cloudy,Medium,local,0,1,Low
23,6,clear,Heavy,arterial,1,1,High
14,6,cloudy,Medium,arterial,0,1,Low
13,3,cloudy,Heavy,local,1,1,Moderate
19,1,clear,Low,local,0,0,Low
20,2,cloudy,Low,local,0,1,Low
1,3,cloudy,Heavy,local,0,1,Moderate
21,4,clear,Low,arterial,1,0,Moderate
16,2,rain,Heavy,arterial,1,1,Moderate
21,0,rain,Low,highway,1,1,High
17,5,clear,Heavy,highway,1,0,Moderate
22,6,clear,Heavy,highway,1,1,High
6,0,clear,Low,arterial,0,0,Low
4,2,clear,Medium,arterial,0,0,Moderate
4,3,clear,Heavy,local,0,0,High
6,5,cloudy,Low,arterial,1,1,Low
5,5,rain,Low,local,0,0,Moderate
10,2,clear,Low,local,1,1,Low
4,2,cloudy,Low,local,0,0,High
3,2,cloudy,Low,highway,0,0,High
12,1,cloudy,Low,arterial,0,1,Low
19,3,rain,Low,arterial,1,1,High
3,1,clear,Heavy,local,0,1,Moderate
12,0,cloudy,Low,arterial,0,0,Low
15,4,clear,Low,local,1,0,Low
16,5,clear,Heavy,highway,0,0,Low
2,2,clear,Heavy,highway,0,1,High
17,2,clear,Medium,local,1,1,Moderate
0,2,clear,Medium,local,0,1,Moderate
5,0,clear,Low,highway,0,1,Moderate
7,3,clear,Heavy,highway,0,1,Moderate
20,3,clear,Heavy,local,1,1,Moderate
4,6,clear,Low,local,1,1,High
18,2,clear,Medium,arterial,0,0,Low
23,5,cloudy,Heavy,highway,1,0,High
23,2,cloudy,Heavy,arterial,0,1,High
7,1,fog,Low,arterial,0,0,Moderate
2,2,rain,Heavy,highway,0,1,High
5,6,rain,Heavy,arterial,1,1,High
18,1,cloudy,Medium,highway,1,1,Moderate
4,5,clear,Medium,local,0,1,Moderate
15,4,clear,Medium,local,1,1,Low
8,5,fog,Heavy,local,0,1,Moderate
18,5,fog,Medium,local,1,1,Low
14,3,clear,Heavy,arterial,0,1,Low
14,4,clear,Heavy,arterial,0,0,Low
18,0,clear,Heavy,arterial,1,0,Moderate
22,4,clear,Low,local,1,1,Moderate
8,4,clear,Medium,highway,0,0,Moderate
12,0,clear,Low,local,1,1,Low
15,3,clear,Low,local,0,1,Low
19,3,rain,Medium,local,1,0,High
11,2,rain,Medium,local,1,0,Moderate
8,0,rain,Low,local,0,1,Moderate
20,0,clear,Medium,local,0,1,Low
22,1,clear,Low,arterial,0,0,Moderate
13,1,cloudy,Heavy,local,1,1,Moderate
2,1,cloudy,Medium,local,1,1,Moderate
6,4,fog,Low,local,0,0,High
11,2,clear,Heavy,local,0,1,Low
16,0,clear,Low,local,1,1,Low
16,0,clear,Low,arterial,0,1,Low
19,4,clear,Medium,arterial,1,1,Low
0,6,clear,Low,highway,1,0,High
11,5,clear,Heavy,arterial,0,1,Moderate
16,5,clear,Heavy,highway,0,1,Low
23,2,clear,Heavy,highway,0,1,High
3,4,cloudy,Medium,highway,1,1,High
21,0,clear,Low,arterial,0,1,Low
0,1,rain,Low,highway,0,1,High
4,0,cloudy,Low,local,1,1,High
20,1,clear,Heavy,local,0,1,Moderate
18,2,clear,Low,local,0,0,Low
23,0,clear,Low,arterial,0,1,High
14,5,clear,Heavy,local,0,1,Low
14,5,cloudy,Medium,arterial,0,1,Low
12,4,fog,Heavy,arterial,0,0,Moderate
12,1,clear,Heavy,local,1,1,Low
12,6,clear,Medium,local,1,1,Moderate
7,0,rain,Heavy,local,0,0,Moderate
20,6,clear,Heavy,highway,1,0,High
8,5,clear,Heavy,local,1,1,Moderate
14,1,clear,Heavy,highway,1,1,Low
16,1,clear,Medium,arterial,0,1,Low
12,4,clear,Low,highway,0,0,Moderate
14,5,fog,Heavy,arterial,0,1,Moderate
1,3,cloudy,Low,arterial,0,1,High
7,0,clear,Heavy,local,1,1,Low
10,3,fog,Medium,arterial,1,1,Moderate
9,3,clear,Medium,local,1,1,Low
21,2,clear,Heavy,arterial,1,0,Moderate
21,6,fog,Medium,highway,1,0,High
17,2,cloudy,Low,highway,1,1,Low
8,1,rain,Heavy,local,0,1,Moderate
1,4,clear,Low,local,1,0,High
18,4,clear,Heavy,local,0,0,Low
21,4,fog,Heavy,local,1,1,High
11,3,clear,Medium,arterial,0,0,Low
19,2,rain,Medium,arterial,1,0,High
22,1,rain,Low,local,1,1,High
13,0,clear,Heavy,arterial,1,1,Moderate
5,1,rain,Medium,local,1,1,Low
0,4,rain,Low,local,1,0,High
18,2,rain,Heavy,arterial,1,0,Moderate
13,5,clear,Medium,arterial,0,1,Low
3,5,cloudy,Heavy,arterial,1,1,High
1,3,clear,Medium,local,0,1,Moderate
23,0,clear,Heavy,highway,1,1,High
7,0,rain,Medium,arterial,0,1,Low
7,1,fog,Medium,local,1,1,Moderate
15,1,clear,Low,arterial,0,0,Low
8,0,cloudy,Heavy,local,0,0,Low
21,5,fog,Medium,local,0,1,Moderate
16,2,cloudy,Heavy,arterial,0,1,Low
8,5,clear,Heavy,arterial,0,1,Low
6,1,clear,Heavy,local,1,1,Moderate
20,0,clear,Medium,highway,1,1,Moderate
14,0,fog,Heavy,local,1,0,Moderate
22,3,clear,Heavy,arterial,1,1,Moderate
8,3,clear,Heavy,local,1,1,Low
0,3,rain,Heavy,local,0,1,Moderate
21,6,rain,Low,arterial,0,1,Moderate
5,4,fog,Medium,local,1,1,Moderate
20,5,rain,Low,highway,0,1,High
17,0,cloudy,Heavy,arterial,1,1,Low
5,3,fog,Medium,arterial,1,1,High
18,4,cloudy,Heavy,local,0,1,Low
1,4,cloudy,Low,highway,0,1,High
9,6,clear,Medium,local,0,0,Low
8,3,clear,Low,arterial,0,1,Low
15,2,clear,Medium,highway,1,0,Moderate
12,6,rain,Medium,arterial,0,1,Moderate
14,2,clear,Medium,highway,0,1,Moderate
11,3,clear,Medium,arterial,1,1,Low
17,0,fog,Heavy,arterial,0,1,Moderate
3,1,rain,Low,arterial,0,0,High
17,0,rain,Medium,local,0,1,Low
1,2,cloudy,Medium,local,1,1,Low
2,6,clear,Low,arterial,0,0,High
17,0,clear,Heavy,local,0,1,Low
3,6,rain,Heavy,arterial,1,0,High
18,6,rain,Low,arterial,0,1,Moderate
3,0,clear,Low,arterial,1,1,High
3,0,clear,Heavy,local,1,1,High
22,6,clear,Heavy,arterial,0,1,High
4,4,clear,Medium,highway,0,1,Moderate
21,1,clear,Heavy,arterial,0,0,Moderate
8,6,clear,Low,arterial,0,1,Low
19,3,clear,Low,arterial,1,0,Moderate
22,4,cloudy,Low,local,1,1,Moderate
2,4,cloudy,Medium,local,1,0,Low
7,1,clear,Medium,highway,0,1,Moderate
13,2,clear,Medium,highway,1,1,Low
20,0,clear,Low,highway,0,1,Low
4,3,cloudy,Low,arterial,0,0,High
4,6,clear,Medium,arterial,0,0,Moderate
8,4,rain,Medium,arterial,1,1,Moderate
4,4,clear,Medium,local,1,1,Moderate
6,1,rain,Medium,arterial,1,1,Moderate
3,3,clear,Medium,local,0,1,Moderate
19,6,cloudy,Heavy,local,0,1,Low
19,0,cloudy,Heavy,local,1,0,Moderate
3,1,clear,Low,arterial,1,1,High
12,5,clear,Heavy,local,1,0,Low
15,0,clear,Medium,arterial,0,0,Low
15,1,clear,Medium,local,1,1,Low
23,6,rain,Heavy,arterial,0,0,High
15,0,cloudy,Heavy,local,0,1,Low
16,3,cloudy,Low,arterial,0,0,Low
0,2,clear,Low,highway,0,0,High
1,2,clear,Heavy,local,1,1,High
14,1,cloudy,Medium,highway,1,0,Moderate
21,1,clear,Heavy,local,0,1,Low
9,5,clear,Medium,local,1,1,Low
15,0,clear,Heavy,arterial,1,1,Moderate
5,0,clear,Low,local,1,0,Low
10,1,fog,Heavy,local,0,1,High
18,5,clear,Heavy,arterial,0,1,Low
15,2,clear,Heavy,local,1,1,Moderate
2,0,clear,Low,local,1,1,Moderate
21,3,clear,Medium,arterial,0,1,Low
22,4,clear,Low,arterial,1,0,High
11,3,clear,Heavy,local,0,0,Low
8,0,clear,Low,arterial,0,1,Moderate
12,6,clear,Medium,arterial,1,1,Low
19,6,rain,Low,local,1,0,Moderate
10,6,clear,Heavy,local,0,1,Low
0,6,cloudy,Heavy,arterial,1,1,High
1,2,clear,Low,local,0,1,High
19,2,clear,Medium,arterial,1,1,Moderate
18,6,fog,Low,local,1,1,Low
18,3,clear,Heavy,arterial,1,1,Moderate
3,6,clear,Heavy,highway,0,1,High
4,4,clear,Low,highway,0,1,High
9,6,clear,Low,local,0,0,Low
5,0,cloudy,Medium,arterial,1,1,Moderate
9,4,cloudy,Heavy,local,0,1,Low
13,5,clear,Heavy,local,0,1,Low
6,1,clear,Medium,arterial,1,1,Low
2,5,clear,Medium,local,1,1,High
9,1,clear,Low,local,0,1,Low
17,6,rain,Low,highway,1,1,Moderate
14,6,cloudy,Heavy,arterial,1,0,Low
7,0,clear,Heavy,local,1,0,Moderate
7,3,clear,Medium,highway,0,1,Low
14,2,cloudy,Low,arterial,1,0,Low
4,6,clear,Medium,arterial,0,0,High
20,2,rain,Medium,local,0,1,Low
20,5,rain,Heavy,local,1,0,High
0,0,clear,Medium,highway,0,0,High
23,1,rain,Medium,local,0,1,Moderate
0,6,clear,Medium,highway,1,1,High
11,2,clear,Medium,local,1,1,Low
16,5,fog,Medium,local,1,1,Moderate
7,6,rain,Medium,highway,1,1,High
4,6,clear,Medium,local,1,1,Moderate
1,0,rain,Heavy,highway,0,0,High
17,1,clear,Low,highway,0,1,Low
0,5,cloudy,Low,highway,1,1,High
11,6,fog,Low,arterial,0,0,Low
9,6,rain,Heavy,highway,1,1,High
23,5,clear,Low,local,1,0,High
22,0,clear,Medium,arterial,0,1,High
19,5,rain,Low,local,1,1,Moderate
17,1,clear,Heavy,arterial,0,1,Low
13,5,fog,Medium,arterial,1,1,Moderate
8,3,clear,Low,arterial,0,1,Moderate
3,1,clear,Medium,local,0,1,Low
23,5,clear,Low,arterial,1,0,High
9,6,clear,Heavy,arterial,0,1,Moderate
10,3,clear,Heavy,highway,0,1,Low
3,5,clear,Heavy,arterial,0,1,High
6,0,rain,Medium,arterial,0,1,Low
15,1,clear,Heavy,highway,1,1,Moderate
10,0,cloudy,Low,arterial,0,0,Low
14,1,clear,Medium,local,1,1,Low
5,2,cloudy,Medium,highway,1,1,Moderate
1,3,clear,Medium,highway,1,0,Moderate
21,2,rain,Low,arterial,1,0,Moderate
10,3,clear,Low,local,0,0,Low
8,1,clear,Heavy,arterial,1,1,Moderate
6,2,clear,Medium,highway,1,1,Moderate
15,5,clear,Heavy,local,1,1,Low
13,3,clear,Medium,arterial,1,1,Low
9,0,cloudy,Low,local,0,1,Low
22,2,clear,Low,arterial,1,1,High
21,5,rain,Heavy,local,0,1,Moderate
4,1,clear,Low,highway,0,0,High
15,6,cloudy,Low,local,0,1,Low
23,2,clear,Medium,highway,1,1,High
11,4,cloudy,Heavy,arterial,1,1,Moderate
0,3,fog,Medium,highway,1,1,High
3,4,clear,Low,local,1,1,Moderate
16,5,clear,Heavy,local,1,1,Low
21,1,cloudy,Heavy,arterial,0,1,Moderate
3,2,clear,Heavy,local,1,1,High
13,3,clear,Low,highway,1,0,Low
11,1,clear,Heavy,arterial,1,1,Moderate
6,2,clear,Medium,highway,1,1,Moderate
15,6,rain,Low,arterial,1,0,Moderate
21,1,clear,Medium,highway,1,1,Moderate
5,1,clear,Heavy,highway,1,1,Moderate
1,4,clear,Medium,highway,1,1,High
8,0,clear,Low,arterial,0,1,Low
7,0,cloudy,Low,arterial,0,1,Low
17,6,cloudy,Medium,highway,0,1,Moderate
12,1,rain,Heavy,local,1,1,Moderate
0,0,clear,Low,highway,0,1,Moderate
8,4,clear,Low,highway,0,1,Low
17,3,clear,Heavy,arterial,1,0,Moderate
11,3,cloudy,Heavy,local,0,0,Low
13,3,cloudy,Heavy,local,0,1,Low
6,1,rain,Low,local,0,1,Low
7,6,rain,Heavy,local,0,0,Moderate
3,0,clear,Low,arterial,0,1,Moderate
1,3,fog,Medium,arterial,1,1,High
0,1,fog,Medium,local,0,1,Moderate
14,4,clear,Heavy,highway,0,1,Moderate
3,3,clear,Low,local,1,1,High
13,2,rain,Heavy,local,1,1,Moderate
22,3,clear,Heavy,arterial,1,1,High
16,1,clear,Heavy,arterial,1,0,Moderate
13,0,clear,Medium,local,1,1,Low
2,6,cloudy,Medium,local,0,1,Low
11,4,rain,Low,arterial,1,1,Moderate
21,4,rain,Medium,highway,1,0,High
9,6,fog,Low,arterial,1,1,High
19,6,clear,Medium,arterial,0,1,Low
17,4,rain,Heavy,arterial,0,1,Moderate
6,5,clear,Heavy,arterial,1,1,Moderate
3,3,clear,Medium,arterial,0,0,High
0,1,rain,Medium,highway,1,1,High
6,4,rain,Medium,arterial,1,1,High
7,6,cloudy,Heavy,arterial,1,1,Low
15,6,clear,Low,highway,1,1,Low
13,3,clear,Low,highway,1,1,Moderate
11,6,cloudy,Low,highway,0,0,Low
17,1,clear,Heavy,highway,1,1,Moderate
18,0,clear,Medium,highway,1,0,Low
17,2,rain,Heavy,arterial,0,0,Moderate
21,1,clear,Heavy,local,0,1,Low
8,6,clear,Heavy,arterial,1,1,Low
19,0,clear,Medium,local,1,0,Moderate
10,3,clear,Heavy,arterial,1,0,Low
4,5,clear,Medium,local,1,1,Moderate
3,0,clear,Medium,arterial,0,0,Moderate
2,0,clear,Medium,local,1,1,Moderate
22,3,clear,Medium,arterial,1,0,High
4,6,clear,Low,arterial,0,1,Moderate
20,0,rain,Medium,arterial,1,0,Moderate
18,0,clear,Heavy,local,0,1,Low
10,6,cloudy,Low,local,0,0,Low
21,4,cloudy,Low,arterial,1,1,Moderate
21,4,clear,Heavy,highway,1,0,Moderate
22,1,clear,Heavy,local,1,1,High
11,2,rain,Low,local,0,0,Low
7,3,clear,Medium,highway,0,1,Low
1,1,cloudy,Low,highway,1,1,High
20,3,cloudy,Low,local,0,0,Low
20,6,rain,Low,local,1,1,Moderate
12,5,clear,Low,highway,0,1,Low
1,6,clear,Medium,highway,1,1,High
19,3,clear,Low,highway,1,1,Low
7,5,rain,Low,local,1,1,Moderate
13,2,clear,Low,local,0,1,Low
15,4,fog,Low,arterial,1,0,Moderate
3,5,rain,Medium,arterial,0,1,High
1,5,clear,Heavy,arterial,0,1,High
1,6,clear,Heavy,arterial,1,1,High
23,0,rain,Low,local,0,1,High
22,5,clear,Low,local,1,1,High
10,4,clear,Heavy,local,0,0,Low
10,5,clear,Low,local,1,1,Low
9,0,clear,Medium,highway,1,0,Low
8,3,clear,Heavy,local,1,1,Low
13,6,rain,Medium,local,1,1,Low
8,6,cloudy,Medium,highway,0,0,Low
14,1,clear,Medium,arterial,0,1,Low
9,3,clear,Medium,arterial,1,1,Low
15,6,clear,Low,local,0,1,Low
22,6,cloudy,Low,arterial,1,0,High
4,2,clear,Medium,arterial,1,1,Moderate
1,5,fog,Low,arterial,0,1,High
12,5,rain,Low,arterial,0,1,Moderate
2,1,cloudy,Medium,highway,0,0,High
5,0,clear,Medium,highway,1,0,Moderate
18,0,cloudy,Low,arterial,0,1,Low
10,1,clear,Heavy,local,1,0,Low
13,5,rain,Low,local,1,0,Moderate
18,2,rain,Heavy,highway,0,1,Moderate
3,4,fog,Heavy,arterial,1,1,High
11,0,cloudy,Low,arterial,0,0,Low
0,4,cloudy,Low,local,0,1,High
11,5,clear,Low,highway,0,1,Low
5,6,clear,Heavy,highway,1,0,Moderate
21,2,cloudy,Heavy,arterial,1,1,Moderate
6,3,fog,Medium,arterial,1,1,High
4,3,rain,Heavy,arterial,1,1,High
0,2,rain,Heavy,arterial,0,1,High
3,4,clear,Medium,arterial,1,1,Moderate
5,3,cloudy,Heavy,local,1,1,Moderate
5,5,cloudy,Medium,highway,0,1,Moderate
17,0,clear,Medium,highway,0,0,Moderate
21,1,clear,Heavy,arterial,1,1,Moderate
20,4,cloudy,Heavy,local,1,1,High
22,4,clear,Medium,highway,0,1,Moderate
21,6,cloudy,Medium,arterial,1,1,Moderate
10,4,fog,Low,arterial,1,1,Moderate
9,0,cloudy,Low,local,1,1,Low
15,3,clear,Medium,local,0,0,Low
7,5,clear,Medium,arterial,0,1,Low
14,6,cloudy,Low,arterial,1,1,Low
23,5,cloudy,Low,arterial,0,1,Moderate
4,3,clear,Low,local,1,1,Moderate
18,0,clear,Heavy,local,0,1,Low
22,1,rain,Medium,highway,0,0,High
12,5,clear,Low,arterial,0,0,Low
8,2,cloudy,Medium,highway,1,1,Moderate
6,5,rain,Medium,highway,1,1,High
4,0,rain,Medium,local,1,0,High
7,3,fog,Heavy,local,1,1,Moderate
17,6,rain,Medium,arterial,1,1,Low
12,1,clear,Low,arterial,1,1,Low
5,0,clear,Heavy,arterial,0,1,Low
13,2,clear,Low,local,1,1,Low
19,0,clear,Heavy,arterial,0,1,Low
0,4,cloudy,Heavy,highway,0,1,High
0,1,clear,Low,local,1,0,High
23,1,clear,Heavy,arterial,0,1,Moderate
17,4,rain,Heavy,highway,0,1,Moderate
13,2,clear,Heavy,local,0,1,Low
21,4,clear,Low,arterial,1,1,Low
14,6,cloudy,Low,local,1,1,Low
12,6,clear,Medium,arterial,1,1,Low
5,5,clear,Medium,local,0,0,Moderate
19,6,clear,Low,local,1,1,Low
18,5,rain,Low,local,0,0,Low
7,0,cloudy,Medium,local,0,0,Low
17,6,cloudy,Low,arterial,1,0,Low
17,3,clear,Medium,highway,0,0,Moderate
2,0,cloudy,Low,highway,1,1,High
3,4,clear,Medium,highway,1,1,Moderate
14,1,cloudy,Medium,arterial,1,0,Low
14,3,clear,Medium,highway,0,1,Low
15,4,clear,Low,local,0,1,Low
8,0,clear,Medium,local,1,1,Low
20,3,clear,Low,arterial,0,1,Moderate
10,0,clear,Low,arterial,1,1,Low
4,0,clear,Medium,local,0,1,Moderate
2,1,rain,Medium,highway,0,1,High
21,5,cloudy,Low,arterial,1,1,Low
16,2,cloudy,Heavy,local,0,0,Low
11,0,clear,Heavy,highway,1,1,Moderate
5,5,clear,Heavy,local,0,1,Moderate
2,3,fog,Medium,arterial,1,1,High
3,0,clear,Medium,arterial,0,1,Moderate
2,3,rain,Medium,local,1,1,High
12,1,cloudy,Medium,local,0,1,Low
4,4,clear,Medium,highway,0,1,Moderate
3,6,cloudy,Medium,arterial,1,0,High
6,2,rain,Low,arterial,0,1,Moderate
16,5,rain,Heavy,arterial,0,1,Moderate
11,0,clear,Medium,highway,1,1,Low
3,2,clear,Medium,arterial,1,0,High
17,6,cloudy,Medium,arterial,1,1,Low
11,0,clear,Medium,local,1,1,Low
4,6,clear,Medium,local,1,1,High
16,0,cloudy,Medium,arterial,1,1,Low
23,3,clear,Low,local,0,0,Moderate
12,1,rain,Low,arterial,0,1,Moderate
3,0,fog,Low,local,1,1,High
7,2,clear,Medium,local,0,0,Low
14,4,clear,Medium,arterial,0,1,Low
23,5,clear,Low,local,0,1,Moderate
22,2,clear,Low,highway,0,1,High
22,3,clear,Heavy,local,0,0,High
19,1,rain,Low,local,0,0,Moderate
13,5,clear,Medium,highway,1,1,Low
15,1,clear,Medium,arterial,0,1,Low
17,6,clear,Medium,arterial,1,0,Low
17,1,clear,Low,highway,0,1,Low
15,4,rain,Heavy,local,0,1,Moderate
3,2,rain,Low,highway,1,1,High
21,6,clear,Medium,arterial,1,1,Moderate
0,1,clear,Medium,arterial,1,1,Moderate
10,6,rain,Medium,arterial,0,1,Low
10,5,cloudy,Medium,highway,1,0,Moderate
23,3,clear,Heavy,arterial,1,0,High
2,3,clear,Low,local,0,1,Moderate
11,2,clear,Low,highway,0,1,Low
8,2,clear,Medium,highway,0,1,Moderate
2,3,clear,Medium,local,0,1,Low
5,1,cloudy,Low,local,0,1,Low
10,2,clear,Heavy,arterial,1,1,Moderate
21,6,cloudy,Low,local,0,0,Low
9,6,cloudy,Heavy,local,0,1,Low
21,0,rain,Medium,highway,1,0,High
17,5,cloudy,Medium,highway,0,1,Low
19,1,clear,Medium,arterial,0,1,Low
20,4,cloudy,Low,local,0,1,Low
17,4,rain,Medium,local,0,1,Moderate
17,6,clear,Low,arterial,1,1,Moderate
3,4,rain,Low,highway,0,1,High
17,5,fog,Medium,highway,1,1,High
1,5,cloudy,Low,local,1,1,High
17,4,clear,Medium,arterial,0,1,Low
15,2,cloudy,Medium,highway,1,0,Moderate
18,2,clear,Heavy,local,1,0,Moderate
15,2,clear,Heavy,arterial,1,1,Moderate
8,2,clear,Low,arterial,1,1,Low
8,2,cloudy,Heavy,local,0,1,Low
14,2,cloudy,Low,arterial,1,1,Moderate
11,3,clear,Medium,local,0,1,Low
8,1,clear,Heavy,arterial,0,0,Low
11,2,clear,Low,arterial,1,1,Low
12,4,clear,Heavy,local,0,1,Low
5,2,clear,Low,arterial,1,1,Moderate
15,0,clear,Heavy,arterial,1,1,Moderate
7,0,clear,Medium,arterial,1,1,Low
6,5,clear,Low,local,1,1,Moderate
10,6,rain,Low,local,1,1,Low
2,4,clear,Medium,local,0,1,Moderate
14,0,rain,Medium,local,1,1,Moderate
17,3,clear,Medium,arterial,1,0,Low
22,1,clear,Medium,highway,1,1,High
6,2,clear,Medium,arterial,1,1,Low
12,6,clear,Medium,arterial,1,0,Low
12,5,clear,Low,local,1,0,Low
17,5,rain,Low,arterial,1,1,High
14,3,clear,Low,arterial,1,1,Moderate
19,4,clear,Heavy,arterial,0,1,Moderate
20,6,clear,Medium,highway,0,1,Low
2,4,clear,Low,arterial,0,1,Moderate
8,4,cloudy,Heavy,arterial,1,1,Moderate
15,0,clear,Medium,arterial,1,1,Low
13,6,clear,Low,local,0,1,Low
11,5,cloudy,Medium,arterial,1,1,Low
4,2,clear,Heavy,arterial,1,0,High
13,1,clear,Heavy,local,0,1,Low
17,6,cloudy,Medium,local,1,0,Low
0,6,clear,Heavy,local,0,1,High
14,2,rain,Medium,highway,0,1,Moderate
21,1,rain,Heavy,arterial,0,1,Moderate
13,5,clear,Heavy,highway,1,1,Low
22,4,clear,Low,highway,1,1,High
8,6,clear,Medium,local,0,1,Low
0,3,rain,Low,arterial,0,1,High
16,3,clear,Medium,arterial,1,0,Low
5,1,cloudy,Low,arterial,1,0,Low
0,4,clear,Medium,highway,0,1,Moderate
4,2,rain,Heavy,highway,1,1,High
22,1,fog,Medium,local,1,0,High
18,5,clear,Low,highway,0,1,Low
6,2,clear,Low,highway,1,0,Moderate
14,1,clear,Heavy,local,0,0,Low
8,6,cloudy,Heavy,local,1,1,Moderate
4,6,clear,Heavy,highway,1,1,High
23,3,cloudy,Medium,arterial,0,1,Moderate
19,2,cloudy,Medium,highway,1,1,Moderate
8,1,fog,Medium,highway,0,1,Moderate
8,4,cloudy,Heavy,arterial,1,0,Low
19,4,cloudy,Medium,local,1,1,Moderate
11,4,clear,Low,arterial,1,1,Low
9,5,clear,Medium,highway,0,0,Moderate
9,3,cloudy,Medium,arterial,1,0,Low
10,4,cloudy,Low,local,0,1,Low
12,4,rain,Medium,arterial,1,1,Moderate
0,5,clear,Low,arterial,0,1,High
11,5,clear,Heavy,highway,0,1,Low
10,0,clear,Medium,local,1,1,Low
6,4,clear,Medium,local,1,0,Low
8,6,clear,Medium,local,0,1,Low
10,3,clear,Heavy,highway,1,0,High
8,3,clear,Heavy,arterial,1,1,Moderate
21,4,clear,Low,highway,0,0,Moderate
12,3,clear,Low,highway,1,1,Moderate
12,2,fog,Heavy,arterial,1,1,Moderate
6,6,rain,Medium,arterial,0,1,Moderate
21,0,clear,Medium,local,0,1,Moderate
0,5,rain,Medium,local,0,0,High
13,1,clear,Heavy,highway,1,0,Moderate
4,1,rain,Heavy,highway,1,1,High
18,4,cloudy,Medium,local,1,1,Low
9,4,clear,Low,local,0,1,Low
7,6,clear,Heavy,highway,1,0,Moderate
1,2,fog,Medium,local,1,1,High
18,0,rain,Low,arterial,0,0,Low
9,1,clear,Heavy,local,1,1,Low
6,3,cloudy,Heavy,arterial,0,1,Moderate
20,2,clear,Medium,local,1,0,Moderate
0,1,rain,Heavy,arterial,1,0,High
11,6,clear,Low,arterial,1,1,Low
3,3,clear,Medium,highway,0,1,High
3,4,clear,Low,arterial,1,1,High
0,5,cloudy,Heavy,highway,1,1,High
4,2,clear,Low,local,1,1,Moderate
22,5,rain,Low,highway,1,1,High
10,6,fog,Low,arterial,1,1,High
23,5,clear,Medium,highway,1,0,High
6,2,rain,Low,local,1,1,Moderate
18,5,cloudy,Medium,arterial,0,1,Moderate
2,1,cloudy,Heavy,arterial,0,1,High
2,0,clear,Low,arterial,1,1,Moderate
0,3,clear,Heavy,highway,0,1,Moderate
21,3,fog,Heavy,local,0,0,Moderate
16,3,cloudy,Low,arterial,0,0,Low
17,1,cloudy,Low,local,1,1,Low
22,1,clear,Medium,local,1,1,Moderate
7,6,clear,Low,highway,1,1,Moderate
17,2,clear,Medium,local,1,1,Low
12,5,cloudy,Medium,highway,0,0,Low
13,1,rain,Medium,local,1,0,Moderate
15,0,clear,Heavy,arterial,1,0,Moderate
11,0,clear,Heavy,arterial,1,1,Low
0,1,clear,Medium,arterial,1,0,High
1,5,clear,Low,local,1,1,Moderate
12,3,clear,Low,arterial,0,1,Low
13,4,clear,Medium,local,1,1,Moderate
17,6,rain,Heavy,local,0,1,Moderate
13,0,clear,Heavy,local,0,1,Low
4,0,rain,Medium,highway,0,1,Moderate
8,6,fog,Medium,local,1,0,Moderate
10,3,clear,Heavy,arterial,1,1,Moderate
23,4,cloudy,Low,arterial,0,1,Moderate
12,2,clear,Low,highway,1,0,Low
15,5,clear,Heavy,local,1,1,Low
17,4,clear,Heavy,arterial,1,1,Low
8,1,clear,Low,local,1,1,Low
23,4,cloudy,Medium,highway,1,1,High
16,0,cloudy,Heavy,local,0,1,Low
20,1,cloudy,Low,local,1,1,High
17,1,cloudy,Low,arterial,1,0,Low
14,5,rain,Low,arterial,0,0,Low
0,5,rain,Medium,arterial,1,1,High
14,0,rain,Low,highway,0,1,Moderate
3,6,cloudy,Low,arterial,1,1,Moderate
14,5,clear,Low,local,0,1,Low
16,3,clear,Heavy,local,1,1,Low
13,1,clear,Heavy,local,0,1,Low
7,2,clear,Heavy,local,0,0,Low
1,4,rain,Low,arterial,1,1,High
16,4,rain,Heavy,local,1,0,Moderate
16,2,fog,Heavy,local,0,0,Moderate
11,0,clear,Low,arterial,1,0,Low
17,4,clear,Heavy,local,1,1,Low
18,4,clear,Medium,local,0,1,Low
12,1,rain,Low,local,1,0,Moderate
1,4,cloudy,Medium,local,1,1,Moderate
20,3,rain,Medium,highway,0,1,Moderate
11,3,rain,Heavy,arterial,0,1,Moderate
16,0,clear,Medium,highway,0,0,Low
21,2,clear,Heavy,highway,0,1,Moderate
8,2,rain,Heavy,local,0,1,Moderate
14,5,clear,Low,highway,0,1,Low
0,5,clear,Medium,arterial,1,0,High
21,6,clear,Medium,arterial,0,1,Moderate
1,3,cloudy,Low,highway,0,1,Moderate
12,2,fog,Medium,local,0,1,Moderate
8,3,clear,Heavy,local,0,1,Low
0,5,clear,Medium,highway,1,1,High
11,4,fog,Medium,arterial,1,1,Moderate
22,4,clear,Low,arterial,0,1,High
4,3,cloudy,Medium,arterial,0,1,Moderate
7,4,rain,Heavy,arterial,1,1,Moderate
4,6,clear,Heavy,highway,0,0,High
2,4,clear,Heavy,highway,0,1,Moderate
5,2,clear,Low,local,0,1,Low
13,5,clear,Heavy,arterial,0,1,Low
18,6,clear,Heavy,arterial,0,1,Low
16,5,clear,Low,arterial,1,0,Low
18,6,clear,Heavy,local,1,1,Low
17,1,rain,Low,local,0,1,Low
9,2,clear,Medium,highway,0,1,Low
21,1,clear,Low,local,1,0,Low
4,2,clear,Heavy,arterial,1,0,High
16,5,cloudy,Low,highway,0,0,Low
2,4,clear,Heavy,local,0,1,Moderate
18,0,clear,Low,local,1,1,Low
2,5,fog,Low,local,1,1,High
5,1,rain,Low,arterial,1,1,Moderate
9,1,cloudy,Medium,local,1,1,Low
16,3,cloudy,Medium,arterial,0,1,Low
1,1,clear,Medium,arterial,0,1,Moderate
6,6,clear,Medium,arterial,0,1,Low
8,1,clear,Heavy,local,0,0,Low
17,1,rain,Medium,highway,1,1,High
23,5,fog,Medium,highway,1,1,High
14,2,cloudy,Medium,arterial,1,1,Moderate
12,5,clear,Heavy,arterial,1,0,Low
8,4,cloudy,Low,arterial,1,1,Low
19,1,cloudy,Low,local,1,0,Moderate
2,4,clear,Medium,highway,0,1,Moderate
3,3,clear,Medium,local,1,1,Moderate
4,0,clear,Low,arterial,0,1,Moderate
6,5,clear,Heavy,highway,0,1,Low
11,6,rain,Low,highway,0,1,Low
22,6,clear,Medium,highway,0,1,High
15,0,cloudy,Low,local,0,1,Low
9,1,clear,Heavy,arterial,0,0,Low
5,5,clear,Medium,local,0,1,Low
15,2,cloudy,Low,arterial,0,0,Low
6,4,cloudy,Low,highway,1,0,Moderate
23,2,rain,Low,highway,0,0,High
11,1,cloudy,Medium,arterial,1,0,Low
13,4,rain,Low,local,0,1,Moderate
21,1,clear,Medium,arterial,1,1,Moderate
7,0,cloudy,Medium,local,1,0,Low
11,3,clear,Medium,arterial,1,1,Low
12,1,cloudy,Low,arterial,1,1,Low
6,1,cloudy,Medium,arterial,0,0,Low
1,5,clear,Heavy,arterial,0,1,High
6,3,clear,Medium,highway,1,1,Moderate
2,3,cloudy,Heavy,arterial,0,1,Moderate
16,1,clear,Low,arterial,1,1,Low
0,1,cloudy,Low,arterial,0,1,Moderate
7,2,rain,Heavy,arterial,1,1,High
21,2,clear,Medium,local,0,0,Low
13,3,cloudy,Medium,arterial,0,1,Low
16,0,rain,Medium,arterial,0,0,Low
16,6,clear,Heavy,local,1,1,Low
7,2,clear,Heavy,local,0,0,Low
15,5,cloudy,Low,highway,0,1,Low
5,2,cloudy,Low,arterial,0,1,Low
15,3,rain,Heavy,highway,1,1,High
16,0,cloudy,Low,arterial,1,1,Low
21,4,cloudy,Medium,arterial,0,1,Low
22,0,clear,Low,local,1,1,High
0,5,clear,Medium,local,0,0,Moderate
7,6,cloudy,Medium,highway,0,1,Low
13,2,clear,Low,local,1,1,Low
7,6,fog,Low,highway,1,0,Moderate
14,4,clear,Medium,arterial,0,1,Low
20,0,clear,Medium,local,1,0,Low
6,1,rain,Heavy,arterial,1,1,Moderate
21,4,clear,Heavy,highway,0,0,Moderate
21,4,clear,Low,highway,0,0,Low
21,0,rain,Medium,arterial,0,1,Moderate
1,4,rain,Heavy,local,1,1,Moderate
7,5,clear,Medium,highway,1,0,Moderate
2,0,clear,Heavy,highway,1,0,High
2,6,cloudy,Heavy,local,0,1,Moderate
1,3,clear,Low,arterial,0,1,Moderate
10,4,clear,Low,local,0,1,Low
2,0,clear,Low,arterial,0,1,Moderate
7,4,rain,Low,arterial,0,0,Low
23,3,clear,Medium,local,1,1,Moderate
21,2,rain,Low,local,0,1,Moderate
22,5,clear,Heavy,highway,1,1,High
0,1,cloudy,Medium,local,1,1,Moderate
15,0,clear,Heavy,arterial,0,1,Moderate
15,3,clear,Medium,highway,0,1,Low
3,5,cloudy,Low,highway,0,1,High
21,0,clear,Low,arterial,0,0,Low
9,6,rain,Heavy,highway,0,0,Moderate
23,4,cloudy,Low,local,1,0,High
2,6,clear,Heavy,highway,0,1,High
15,3,cloudy,Low,arterial,0,0,Low
3,0,rain,Medium,local,1,1,High
22,1,clear,Medium,arterial,1,1,High
14,3,clear,Medium,arterial,0,1,Low
1,4,rain,Heavy,arterial,1,1,High
5,5,clear,Low,highway,1,1,Moderate
8,5,cloudy,Heavy,arterial,1,1,Moderate
0,5,clear,Medium,local,1,1,High
0,4,cloudy,Medium,local,0,0,Moderate
22,0,clear,Heavy,arterial,1,0,High
23,3,clear,Heavy,local,1,0,High
12,5,rain,Low,local,1,1,Moderate
21,5,clear,Low,arterial,0,1,Low
15,5,clear,Heavy,local,1,1,Low
0,0,cloudy,Medium,arterial,0,0,Moderate
17,3,clear,Medium,local,0,1,Low
0,4,clear,Low,arterial,1,1,High
19,1,cloudy,Medium,highway,0,1,Moderate
8,2,fog,Low,highway,1,1,Moderate
3,0,clear,Low,arterial,0,1,High
6,1,rain,Medium,highway,0,0,Moderate
16,0,cloudy,Low,local,0,1,Low
20,6,clear,Medium,arterial,1,0,Moderate
13,6,cloudy,Medium,highway,1,1,Moderate
3,2,clear,Medium,arterial,1,1,Moderate
21,0,rain,Low,arterial,1,1,High
18,2,cloudy,Low,highway,1,1,Moderate
9,3,clear,Heavy,highway,0,1,Moderate
13,1,clear,Medium,local,0,0,Low
23,4,clear,Low,highway,0,1,High
9,6,clear,Heavy,highway,0,1,Low
0,5,fog,Medium,local,1,1,High
3,5,rain,Low,arterial,1,0,High
14,5,rain,Heavy,local,1,1,Moderate
23,0,clear,Medium,arterial,0,1,Moderate
17,3,clear,Medium,local,0,1,Low
14,3,cloudy,Heavy,arterial,1,1,Low
7,0,clear,Low,local,1,0,Low
10,1,clear,Medium,local,0,1,Low
0,3,clear,Low,arterial,0,1,Moderate
8,5,rain,Heavy,highway,0,0,Moderate
14,1,cloudy,Low,arterial,0,1,Low
21,3,clear,Heavy,local,0,1,Moderate
22,0,rain,Medium,arterial,0,0,High
19,0,rain,Heavy,local,0,0,High
0,4,cloudy,Heavy,arterial,1,0,High
19,3,clear,Low,highway,1,1,Low
5,5,clear,Medium,highway,0,0,Low
14,6,clear,Low,highway,0,1,Low
22,1,cloudy,Low,arterial,1,0,High
21,2,cloudy,Low,arterial,1,1,Moderate
15,5,clear,Heavy,highway,1,1,Moderate
7,0,clear,Low,highway,1,1,Low
12,5,clear,Medium,arterial,1,0,Low
16,6,rain,Heavy,local,0,0,Low
12,0,clear,Low,local,0,1,Low
9,0,cloudy,Low,arterial,1,0,Low
9,4,fog,Medium,local,1,0,Low
14,3,cloudy,Low,arterial,1,0,Low
0,6,clear,Low,local,1,1,High
23,3,cloudy,Low,local,0,1,Moderate
2,4,rain,Low,highway,1,1,High
23,1,rain,Medium,arterial,1,0,High
0,2,clear,Low,arterial,0,1,High
12,1,clear,Heavy,local,0,1,Low
10,1,clear,Heavy,highway,1,0,Moderate
13,0,clear,Heavy,arterial,0,0,Moderate
10,6,cloudy,Medium,highway,1,0,Low
21,0,clear,Low,local,1,1,Low
0,3,cloudy,Low,local,0,1,High
23,3,cloudy,Low,local,0,1,Moderate
16,0,clear,Heavy,local,1,1,Moderate
18,5,clear,Medium,local,0,0,Low
3,3,clear,Low,arterial,1,1,Moderate
1,0,clear,Medium,arterial,1,1,Moderate
9,0,rain,Low,highway,1,1,Moderate
7,4,clear,Medium,arterial,1,1,Low
18,4,clear,Low,highway,1,1,Moderate
21,2,clear,Low,local,1,0,Moderate
10,2,cloudy,Medium,highway,0,1,Moderate
18,0,cloudy,Heavy,local,0,1,Low
1,0,fog,Medium,local,1,0,High
17,3,clear,Medium,local,1,1,Low
2,2,clear,Medium,highway,0,0,High
16,1,rain,Medium,local,0,1,Moderate
9,2,clear,Low,arterial,1,1,Low
9,4,clear,Medium,highway,1,0,Moderate
6,2,rain,Low,local,0,1,Moderate
9,2,cloudy,Medium,highway,0,0,Low
20,1,clear,Low,local,1,1,Moderate
19,4,fog,Heavy,local,1,1,High
8,0,clear,Low,arterial,0,0,Low
7,6,clear,Low,arterial,1,0,Low
12,3,clear,Medium,local,0,0,Low
16,1,clear,Heavy,local,1,1,Moderate
4,5,clear,Heavy,highway,1,0,High
17,6,rain,Low,arterial,1,1,Moderate
22,0,fog,Low,arterial,0,1,High
20,1,cloudy,Medium,local,0,1,Moderate
13,1,rain,Low,local,0,1,Low
7,0,clear,Low,arterial,0,1,Low
7,5,clear,Low,highway,0,1,Low
17,1,clear,Low,arterial,0,0,Low
10,2,clear,Medium,arterial,0,0,Low
2,5,clear,Medium,arterial,0,0,High
16,4,clear,Low,local,0,1,Low
3,4,fog,Low,local,0,0,High
23,0,clear,Low,arterial,0,1,Moderate
10,6,cloudy,Heavy,local,0,1,Low
8,0,clear,Medium,highway,0,1,Low
1,4,clear,Heavy,highway,0,0,High
4,4,cloudy,Heavy,local,1,1,High
22,2,clear,Medium,arterial,1,1,Moderate
12,5,clear,Heavy,local,1,0,Low
21,6,cloudy,Low,highway,0,0,Moderate
22,0,cloudy,Low,arterial,0,1,High
1,6,clear,Medium,local,1,1,Moderate
9,1,clear,Low,arterial,0,0,Low
20,5,clear,Medium,arterial,1,1,Moderate
11,5,clear,Heavy,arterial,0,0,Moderate
12,3,rain,Heavy,arterial,0,1,Moderate
13,6,clear,Medium,arterial,0,0,Low
16,5,clear,Heavy,arterial,0,1,Low
22,3,cloudy,Medium,arterial,0,1,High
21,1,rain,Medium,arterial,1,0,High
15,3,clear,Medium,highway,1,1,Low
13,6,cloudy,Medium,highway,1,1,Low
8,1,cloudy,Low,arterial,1,1,Low
2,6,clear,Heavy,local,1,1,Moderate
17,1,clear,Low,local,1,0,Low
0,4,rain,Heavy,arterial,1,0,High
16,4,clear,Medium,arterial,1,0,Low
11,1,clear,Low,local,0,1,Low
18,3,cloudy,Heavy,local,0,1,Low
22,1,clear,Medium,local,0,1,Moderate
13,2,clear,Heavy,highway,1,0,Moderate
13,6,clear,Low,arterial,1,0,Low
11,0,clear,Low,local,0,1,Low
8,6,cloudy,Heavy,highway,0,1,Low
2,4,clear,Medium,arterial,1,1,High
0,5,clear,Low,highway,0,1,High
17,1,cloudy,Medium,arterial,1,0,Moderate
21,6,cloudy,Medium,arterial,1,1,Moderate
1,1,clear,Heavy,highway,1,1,High
7,3,clear,Low,arterial,1,1,Low
14,0,clear,Medium,highway,1,0,Moderate
16,6,fog,Low,local,0,0,Low
17,4,clear,Low,highway,0,1,Moderate
16,1,clear,Medium,arterial,0,0,Low
2,4,cloudy,Low,arterial,1,1,High
6,1,rain,Low,arterial,1,1,Moderate
11,3,rain,Medium,arterial,0,1,Moderate
1,3,clear,Medium,local,1,0,High
8,6,fog,Heavy,local,1,1,High
9,2,clear,Medium,highway,1,0,Low
23,0,rain,Low,local,0,1,High
7,3,clear,Low,arterial,1,0,Low
23,6,fog,Medium,highway,1,0,High
16,5,rain,Low,arterial,0,1,Low
16,0,rain,Low,highway,1,0,Moderate
19,0,cloudy,Heavy,arterial,1,0,Moderate
20,5,clear,Heavy,arterial,0,1,Moderate
5,5,clear,Low,highway,0,1,Low
10,3,clear,Low,local,0,1,Low
12,0,cloudy,Heavy,highway,1,1,Moderate
23,1,clear,Medium,local,0,0,Moderate
0,5,clear,Low,local,0,0,High
11,0,clear,Medium,highway,0,1,Low
5,1,rain,Heavy,arterial,1,1,High
4,3,clear,Low,highway,1,1,High
18,5,clear,Heavy,arterial,1,0,Moderate
4,5,clear,Heavy,local,1,1,High
19,4,clear,Medium,highway,0,1,Low
23,3,clear,Heavy,highway,1,0,High
18,2,clear,Low,local,1,0,Low
4,0,cloudy,Heavy,arterial,1,1,Moderate
3,1,clear,Medium,highway,0,0,High
10,1,fog,Medium,highway,0,1,Moderate
13,0,clear,Medium,highway,1,1,Low
18,5,clear,Medium,highway,0,0,Low
10,2,rain,Medium,arterial,0,0,Low
4,3,rain,Medium,highway,1,0,High
23,1,clear,Medium,arterial,0,1,Moderate
21,4,clear,Heavy,local,0,0,Moderate
15,0,clear,Heavy,highway,1,1,Moderate
16,4,cloudy,Medium,local,0,1,Low
22,5,clear,Medium,arterial,0,0,High
11,2,clear,Heavy,arterial,0,0,Low
3,1,clear,Heavy,local,1,1,Moderate
14,5,clear,Medium,arterial,0,1,Low
10,1,rain,Heavy,highway,1,1,High
19,1,clear,Low,local,1,1,Moderate
18,2,fog,Low,arterial,0,1,Moderate
11,6,clear,Low,local,1,1,Low
8,3,fog,Medium,highway,0,1,Low
10,1,rain,Heavy,arterial,1,0,Moderate
15,3,clear,Heavy,local,1,0,Low
15,2,clear,Heavy,arterial,0,1,Low
12,4,clear,Low,arterial,0,1,Low
12,3,cloudy,Heavy,arterial,1,1,Low
23,4,clear,Heavy,arterial,0,0,High
6,3,cloudy,Low,local,0,1,Moderate
4,3,rain,Low,highway,0,1,High
19,3,clear,Heavy,local,1,1,Low
22,2,cloudy,Low,highway,1,0,High
14,6,rain,Heavy,arterial,0,1,Moderate
9,1,rain,Medium,local,1,1,Moderate
8,5,clear,Medium,local,0,1,Low
11,4,clear,Heavy,arterial,1,1,Low
1,3,clear,Medium,local,1,1,Moderate
12,2,clear,Medium,highway,1,0,Moderate
6,3,clear,Low,arterial,1,1,Low
6,5,fog,Low,local,1,0,Moderate
13,1,clear,Medium,local,0,0,Low
23,4,clear,Medium,arterial,0,1,Moderate
4,5,clear,Low,local,0,1,Moderate
21,4,rain,Low,local,0,1,Moderate
12,1,clear,Medium,local,1,1,Low
23,3,clear,Heavy,arterial,1,0,High
9,1,cloudy,Low,highway,1,1,Low
23,6,clear,Heavy,local,1,0,High
15,2,clear,Heavy,local,1,0,Low
16,2,cloudy,Low,arterial,0,1,Low
13,6,cloudy,Medium,highway,0,1,Low
10,2,clear,Heavy,local,1,1,Low
12,1,clear,Low,arterial,1,1,Low
20,6,cloudy,Heavy,highway,0,0,Moderate
19,4,clear,Heavy,arterial,0,1,Moderate
0,4,fog,Medium,local,1,0,High
16,0,clear,Low,arterial,0,1,Low
20,3,clear,Low,local,0,1,Low
17,3,cloudy,Medium,local,0,1,Low
11,1,clear,Low,arterial,1,1,Moderate
8,3,clear,Heavy,local,0,1,Low
16,1,clear,Medium,highway,1,0,Low
15,3,fog,Medium,arterial,1,0,Moderate
8,5,clear,Medium,local,1,1,Low
9,5,clear,Low,arterial,0,1,Low
8,1,clear,Heavy,arterial,0,1,Low
1,1,clear,Heavy,highway,1,1,High
0,0,clear,Medium,local,0,1,Moderate
1,2,rain,Medium,arterial,0,0,High
10,0,fog,Low,arterial,0,1,Moderate
12,0,fog,Medium,arterial,0,0,Moderate
9,6,clear,Heavy,arterial,1,1,Low
22,5,clear,Heavy,highway,1,1,High
5,3,clear,Low,local,0,0,Low
9,5,clear,Low,arterial,1,1,Low
5,3,cloudy,Heavy,arterial,1,1,Moderate
7,4,clear,Medium,highway,0,1,Low
14,6,clear,Low,arterial,0,1,Low
7,0,rain,Medium,highway,1,1,Moderate
7,2,rain,Low,local,0,1,Moderate
16,0,rain,Heavy,arterial,1,1,Moderate
19,5,clear,Medium,arterial,0,1,Low
5,5,rain,Low,highway,0,1,Low
2,5,clear,Low,local,0,1,High
5,4,clear,Low,highway,1,0,Moderate
13,3,clear,Medium,local,1,1,Low
23,0,cloudy,Medium,local,1,0,Moderate
3,5,clear,Medium,highway,1,1,High
1,6,rain,Low,arterial,0,1,High
12,6,clear,Heavy,local,1,0,Moderate
23,2,rain,Heavy,highway,1,1,High
13,1,clear,Medium,highway,1,1,Moderate
22,4,cloudy,Medium,arterial,0,1,Moderate
15,0,rain,Low,highway,0,0,Moderate
0,0,cloudy,Heavy,local,0,0,High
10,5,rain,Low,local,0,1,Low
18,6,cloudy,Heavy,arterial,0,0,Low
12,2,clear,Medium,local,1,1,Low
4,3,cloudy,Low,highway,0,1,High
4,3,cloudy,Low,local,0,1,High
15,0,clear,Heavy,arterial,1,1,Low
11,1,clear,Medium,local,1,1,Low
13,2,clear,Medium,local,1,0,Low
8,5,clear,Heavy,arterial,1,1,Low
8,3,fog,Medium,highway,1,0,Moderate
15,5,fog,Heavy,arterial,1,0,Moderate
0,1,cloudy,Heavy,arterial,1,0,High
10,6,clear,Heavy,local,0,0,Low
8,6,clear,Low,local,0,1,Low
18,3,clear,Heavy,arterial,0,0,Moderate
17,1,clear,Medium,arterial,1,0,Low
10,6,rain,Medium,arterial,1,1,Low
6,5,clear,Heavy,local,0,1,Moderate
5,3,clear,Low,arterial,0,1,Low
5,1,clear,Low,local,1,1,Low
6,4,rain,Medium,local,0,1,Moderate
18,2,clear,Medium,local,1,1,Low
1,4,clear,Medium,highway,0,1,Moderate
0,5,clear,Medium,arterial,1,1,Moderate
12,3,clear,Heavy,highway,0,1,Moderate
5,0,cloudy,Low,arterial,0,1,Low
19,3,cloudy,Low,local,0,0,Low
18,6,cloudy,Low,arterial,1,0,Moderate
18,1,clear,Heavy,highway,1,1,Moderate
10,6,fog,Low,local,1,1,Moderate
10,2,cloudy,Medium,highway,0,1,Low
10,4,rain,Heavy,arterial,0,1,Low
4,4,clear,Medium,arterial,1,0,High
13,1,fog,Low,arterial,1,1,Moderate
20,0,cloudy,Heavy,highway,1,1,High
6,6,clear,Low,arterial,0,1,Low
1,4,clear,Medium,highway,0,0,High
13,4,clear,Low,highway,1,1,Moderate
9,2,rain,Medium,highway,1,1,High
19,0,clear,Low,local,0,1,Low
20,1,cloudy,Heavy,highway,0,1,Moderate
22,3,cloudy,Medium,arterial,0,1,Moderate
9,4,rain,Low,arterial,0,0,Moderate
21,2,clear,Heavy,highway,0,1,Moderate
2,1,rain,Heavy,arterial,0,0,High
8,1,clear,Medium,arterial,0,0,Low
6,6,rain,Medium,local,1,1,Moderate
22,4,clear,Medium,highway,1,0,High
14,6,clear,Medium,highway,1,1,Moderate
8,0,clear,Heavy,highway,0,1,Low
3,3,rain,Low,arterial,1,1,High
18,3,cloudy,Medium,highway,0,1,Low
15,2,clear,Heavy,arterial,0,1,Low
20,2,clear,Heavy,local,1,1,Moderate
10,0,cloudy,Low,arterial,1,1,Moderate
3,0,clear,Low,arterial,1,1,Moderate
8,5,clear,Heavy,arterial,0,1,Low
14,3,cloudy,Heavy,highway,0,0,High
5,1,clear,Heavy,local,1,1,Moderate
1,2,clear,Medium,arterial,0,1,Moderate
19,6,clear,Low,local,0,1,Low
12,3,cloudy,Heavy,local,1,1,Low
9,6,cloudy,Heavy,arterial,1,1,Moderate
13,1,clear,Medium,local,0,1,Low
17,0,clear,Heavy,local,1,1,Low
0,3,clear,Heavy,arterial,0,1,Moderate
10,4,clear,Low,local,1,0,Low
6,6,clear,Low,arterial,1,1,Moderate
2,3,clear,Low,arterial,0,0,High
0,1,cloudy,Heavy,arterial,1,1,Moderate
10,3,clear,Medium,local,0,1,Low
13,2,fog,Medium,arterial,1,0,Moderate
12,1,fog,Low,highway,0,1,Moderate
18,0,clear,Medium,local,0,1,Low
10,5,cloudy,Low,local,0,1,Low
14,4,cloudy,Heavy,local,0,0,Low
19,1,clear,Medium,highway,1,0,High
15,3,clear,Heavy,local,0,1,Low
21,6,fog,Low,arterial,0,1,Moderate
5,5,clear,Low,local,0,1,Low
18,3,cloudy,Low,arterial,1,1,Low
16,0,cloudy,Low,arterial,0,1,Low
13,4,clear,Medium,highway,0,1,Moderate
0,3,clear,Low,arterial,1,0,High
12,6,rain,Medium,local,1,0,Low
20,3,clear,Low,highway,0,1,Moderate
15,5,clear,Heavy,local,1,1,Moderate
0,3,clear,Low,arterial,0,1,Moderate
6,3,rain,Heavy,highway,0,0,Moderate
13,2,cloudy,Heavy,local,0,0,Low
19,2,clear,Heavy,highway,1,0,Moderate
10,2,rain,Medium,highway,0,1,Moderate
20,3,fog,Medium,highway,0,1,High
19,6,clear,Medium,arterial,0,1,Low
6,2,rain,Heavy,arterial,0,1,Moderate
4,3,clear,Heavy,local,1,0,High
21,6,clear,Medium,arterial,1,1,Moderate
14,1,clear,Heavy,arterial,1,1,Moderate
20,1,clear,Heavy,arterial,0,1,Low
22,3,rain,Low,local,0,1,High
10,2,clear,Medium,local,0,1,Low
1,2,cloudy,Low,highway,1,0,High
21,5,clear,Medium,local,0,1,Low
14,3,clear,Heavy,arterial,1,1,Moderate
2,2,fog,Medium,arterial,0,1,High
12,3,rain,Low,arterial,1,1,Moderate
0,6,clear,Heavy,local,0,1,High
6,6,clear,Low,arterial,0,1,Moderate
8,1,clear,Medium,local,1,0,Low
10,0,fog,Low,highway,1,0,Moderate
13,0,clear,Heavy,arterial,1,0,Low
20,3,clear,Medium,local,1,1,Moderate
8,4,cloudy,Heavy,arterial,0,1,Low
17,0,fog,Medium,local,0,1,Moderate
22,3,clear,Low,highway,0,0,High
17,2,rain,Low,highway,1,1,Moderate
6,6,clear,Medium,highway,1,0,Moderate
16,4,cloudy,Heavy,local,1,1,Moderate
6,2,clear,Medium,highway,1,0,Moderate
11,4,rain,Low,arterial,0,1,Low
15,0,cloudy,Medium,arterial,0,1,Low
7,3,fog,Medium,highway,1,1,Moderate
0,2,clear,Medium,local,1,0,Moderate
20,1,rain,Heavy,arterial,0,1,High
17,2,clear,Medium,local,1,0,Low
2,4,clear,Heavy,local,0,1,Moderate
9,4,clear,Medium,arterial,0,1,Low
6,6,rain,Low,highway,1,1,High
23,1,clear,Medium,arterial,0,1,High
22,4,cloudy,Heavy,arterial,1,1,High
16,3,cloudy,Low,highway,0,1,Moderate
10,6,rain,Low,arterial,0,1,Moderate
1,6,cloudy,Heavy,local,0,1,Moderate
5,4,cloudy,Medium,arterial,1,1,Low
2,2,clear,Low,local,1,1,Moderate
18,3,cloudy,Heavy,highway,0,1,Low
2,4,clear,Low,local,1,1,Moderate
16,5,rain,Heavy,highway,0,1,Moderate
22,1,rain,Low,local,0,1,Moderate
7,6,clear,Heavy,arterial,1,1,Moderate
16,5,clear,Heavy,highway,1,1,Moderate
21,0,clear,Low,highway,1,1,Moderate
10,1,rain,Heavy,local,0,1,Moderate
10,1,rain,Medium,local,0,1,Low
4,4,clear,Heavy,arterial,0,1,Moderate
10,1,fog,Low,local,1,1,Moderate
20,2,clear,Heavy,local,0,1,Moderate
15,1,rain,Heavy,highway,0,1,Moderate
4,0,fog,Heavy,arterial,0,1,High
12,3,clear,Heavy,arterial,1,1,High
16,2,fog,Medium,highway,1,1,Moderate
1,3,clear,Heavy,arterial,0,1,Moderate
18,1,clear,Medium,local,0,1,Low
4,2,rain,Low,local,1,0,High
7,6,clear,Medium,arterial,1,1,Low
9,5,clear,Medium,arterial,1,1,Moderate
12,1,clear,Heavy,arterial,1,1,Low
21,1,cloudy,Heavy,local,0,0,Low
5,6,cloudy,Heavy,local,0,1,Low
6,4,rain,Medium,arterial,0,1,Moderate
9,3,rain,Heavy,highway,1,1,High
20,4,rain,Medium,highway,1,1,Moderate
23,1,cloudy,Medium,local,1,0,High
10,2,rain,Low,local,1,0,Low
16,2,clear,Medium,arterial,0,1,Low
22,5,cloudy,Low,highway,1,0,High
20,1,clear,Heavy,local,0,1,Moderate
16,3,clear,Medium,arterial,0,0,Low
12,5,clear,Heavy,local,1,1,Low
23,1,clear,Heavy,local,0,1,Moderate
5,0,fog,Medium,local,1,0,High
8,5,clear,Low,highway,0,1,Low
17,6,rain,Medium,arterial,0,1,Low
0,3,clear,Heavy,local,1,0,High
12,0,cloudy,Medium,arterial,1,1,Moderate
20,3,clear,Medium,local,1,0,Moderate
4,2,fog,Heavy,arterial,1,1,High
19,4,clear,Low,arterial,0,1,Moderate
9,0,cloudy,Medium,local,0,1,Low
20,5,fog,Heavy,local,0,1,Moderate
15,4,rain,Medium,local,0,0,Low
3,4,rain,Heavy,local,0,1,High
17,3,clear,Medium,local,0,1,Low
1,1,clear,Medium,arterial,1,1,Moderate
5,6,clear,Heavy,local,1,1,Moderate
21,1,clear,Low,local,1,0,Low
21,2,clear,Low,local,0,0,Low
1,6,rain,Low,arterial,0,1,High
9,0,fog,Heavy,local,0,0,Moderate
2,0,cloudy,Low,highway,0,1,Moderate
6,5,rain,Low,highway,0,1,High
23,2,clear,Low,local,0,1,Moderate
4,4,clear,Medium,arterial,1,1,Moderate
15,4,cloudy,Low,arterial,1,0,Low
19,5,clear,Low,arterial,0,1,Low
21,4,clear,Medium,arterial,1,1,Low
8,2,rain,Medium,arterial,0,1,Moderate
16,3,clear,Medium,highway,1,1,Low
11,5,clear,Medium,local,0,1,Low
2,2,clear,Medium,arterial,0,0,High
5,1,cloudy,Heavy,arterial,1,1,Moderate
17,3,clear,Medium,highway,1,1,Moderate
16,6,cloudy,Heavy,arterial,0,1,Low
12,0,clear,Medium,arterial,0,0,Moderate
18,1,rain,Heavy,arterial,1,1,Moderate
16,6,rain,Heavy,local,1,1,Moderate
8,5,clear,Medium,local,0,1,Low
7,0,rain,Medium,local,1,1,Moderate
22,1,clear,Low,local,1,1,High
23,4,clear,Heavy,highway,0,1,High
0,5,clear,Low,arterial,1,1,High
18,5,clear,Medium,local,0,1,Low
3,6,fog,Low,arterial,1,1,High
20,3,rain,Low,local,1,1,High
14,6,rain,Medium,arterial,0,1,Moderate
16,4,clear,Medium,arterial,1,1,Low
16,3,cloudy,Low,highway,0,1,Moderate
14,4,cloudy,Low,highway,1,1,Moderate
6,3,clear,Medium,highway,1,1,Moderate
19,4,rain,Heavy,highway,0,1,High
13,5,rain,Medium,local,1,1,Moderate
13,6,rain,Heavy,highway,1,1,Moderate
7,4,fog,Low,highway,1,1,Moderate
0,0,clear,Medium,arterial,1,0,High
13,4,rain,Medium,local,0,0,Low
8,1,fog,Low,highway,1,1,High
15,1,cloudy,Heavy,arterial,1,1,Moderate
8,6,clear,Low,highway,0,1,Low
23,3,clear,Medium,local,1,1,High
16,5,clear,Low,arterial,1,1,Low
10,2,clear,Medium,arterial,1,1,Moderate
16,4,rain,Heavy,arterial,0,0,Moderate
15,4,fog,Heavy,local,1,0,High
14,6,rain,Heavy,arterial,0,1,Moderate
13,1,clear,Low,local,0,0,Low
22,3,cloudy,Low,arterial,0,0,High
7,2,clear,Heavy,local,0,1,Moderate
10,3,clear,Low,highway,0,0,Low
6,5,clear,Medium,highway,1,1,Moderate
13,0,fog,Heavy,arterial,1,1,Moderate
23,3,rain,Medium,arterial,1,0,High
14,2,rain,Medium,highway,1,1,High
4,6,clear,Heavy,highway,1,1,High
22,1,clear,Heavy,arterial,1,1,Moderate
18,1,cloudy,Low,arterial,0,1,Low
10,0,cloudy,Heavy,highway,1,0,Moderate
3,3,rain,Medium,local,1,0,High
9,0,clear,Heavy,arterial,0,1,Low
19,3,clear,Medium,local,1,0,Low
13,1,rain,Heavy,arterial,1,1,Moderate
4,2,clear,Heavy,local,0,0,High
3,4,clear,Medium,local,1,0,High
23,4,rain,Medium,arterial,0,1,High
10,0,cloudy,Low,arterial,1,0,Low
16,1,cloudy,Low,highway,0,1,Low
8,2,clear,Medium,local,1,1,Low
2,3,cloudy,Medium,local,0,1,Moderate
9,6,clear,Medium,arterial,0,1,Low
16,0,cloudy,Medium,arterial,0,1,Low
8,0,cloudy,Low,arterial,0,1,Low
14,4,clear,Low,arterial,1,1,Low
10,6,clear,Low,highway,0,1,Low
8,5,clear,Medium,arterial,1,1,Low
6,3,clear,Medium,local,1,0,Moderate
6,0,clear,Low,arterial,0,1,Moderate
6,4,rain,Low,arterial,1,1,Moderate
17,3,clear,Low,highway,0,0,Low
8,3,clear,Medium,arterial,0,0,Low
17,3,cloudy,Heavy,arterial,0,1,Low
7,3,cloudy,Heavy,highway,0,0,Moderate
7,5,clear,Medium,highway,1,1,Low
22,1,clear,Medium,arterial,0,1,Moderate
21,0,clear,Medium,local,0,1,Low
9,0,clear,Low,highway,0,0,Low
6,2,clear,Heavy,highway,0,0,Moderate
17,3,cloudy,Low,arterial,0,1,Low
1,5,clear,Medium,arterial,0,1,Moderate
10,3,clear,Heavy,arterial,0,0,Low
14,3,cloudy,Low,local,0,0,Low
16,6,clear,Medium,arterial,0,1,Low
2,5,rain,Heavy,local,1,1,High
0,4,cloudy,Low,local,1,0,Moderate
6,2,cloudy,Heavy,local,0,0,Moderate
2,1,clear,Low,arterial,0,1,Moderate
12,6,clear,Medium,local,0,1,Low
22,3,clear,Low,arterial,0,1,Moderate
6,0,fog,Medium,highway,0,1,Moderate
10,3,clear,Low,highway,1,1,Low
5,0,clear,Medium,highway,1,0,Moderate
1,6,rain,Medium,arterial,1,1,High
16,3,clear,Medium,arterial,1,1,Moderate
6,5,cloudy,Heavy,local,1,1,Moderate
13,3,rain,Heavy,local,1,0,Moderate
16,0,clear,Heavy,highway,0,1,Moderate
20,4,clear,Heavy,local,1,1,Moderate
4,4,rain,Low,local,1,1,High
13,1,clear,Low,arterial,1,1,Moderate
21,5,rain,Low,local,1,1,High
11,1,clear,Medium,local,1,1,Low
0,4,clear,Low,arterial,1,1,High
6,5,clear,Low,highway,0,1,Low
19,0,rain,Medium,local,0,1,Moderate
19,2,clear,Low,local,0,1,Low
7,1,clear,Low,highway,0,1,Low
4,5,clear,Heavy,local,1,0,High
7,1,clear,Low,highway,0,0,Low
5,4,clear,Medium,arterial,1,0,Moderate
17,2,rain,Heavy,arterial,0,1,Moderate
20,0,cloudy,Medium,highway,1,0,Low
1,6,clear,Low,highway,1,0,High
17,4,clear,Heavy,highway,1,1,Moderate
18,1,clear,Heavy,arterial,0,1,Low
14,6,clear,Medium,highway,1,0,Low
20,4,clear,Medium,local,1,1,Moderate
0,5,rain,Heavy,arterial,0,1,High
16,1,clear,Medium,arterial,0,0,Low
3,0,clear,Low,highway,1,1,High
21,0,cloudy,Medium,local,0,1,Low
11,3,clear,Low,local,0,1,Low
2,5,rain,Medium,local,1,1,High
17,6,cloudy,Heavy,arterial,1,1,Moderate
17,6,clear,Medium,highway,0,0,Low
11,4,rain,Low,local,0,0,Moderate
7,4,clear,Medium,arterial,1,1,Moderate
0,2,clear,Heavy,highway,1,1,High
21,0,cloudy,Low,local,1,0,Low
4,1,cloudy,Medium,highway,0,1,Moderate
20,0,clear,Low,arterial,0,0,Moderate
14,4,clear,Heavy,local,0,1,Low
16,3,rain,Low,highway,0,1,Moderate
16,5,cloudy,Medium,arterial,0,0,Low
20,1,clear,Medium,local,0,1,Low
0,6,clear,Medium,arterial,1,1,High
23,5,cloudy,Heavy,highway,1,1,High
1,6,cloudy,Heavy,highway,1,1,High
23,4,clear,Low,arterial,1,1,Moderate
6,2,clear,Low,local,1,0,Moderate
20,4,clear,Medium,arterial,1,1,Moderate
2,4,cloudy,Low,local,0,1,Moderate
11,1,cloudy,Low,local,0,1,Low
13,0,cloudy,Low,local,0,1,Low
22,4,cloudy,Low,arterial,0,0,High
2,0,clear,Medium,arterial,1,1,Moderate
0,0,rain,Low,arterial,1,0,High
15,0,rain,Low,highway,0,0,Moderate
1,4,rain,Heavy,highway,0,1,High
18,6,rain,Low,local,0,1,Low
0,3,rain,Low,arterial,1,1,High
23,1,clear,Medium,local,0,0,Moderate
12,3,clear,Heavy,highway,0,1,Moderate
22,3,clear,Heavy,arterial,0,0,High
3,4,clear,Low,highway,0,0,High
6,3,rain,Heavy,local,1,0,Moderate
10,3,clear,Medium,arterial,1,1,Low
0,2,clear,Medium,local,1,1,Low
2,6,clear,Medium,local,0,1,Moderate
7,3,clear,Low,highway,0,1,Low
17,2,clear,Heavy,arterial,0,1,Low
17,0,clear,Medium,arterial,0,0,Low
2,4,clear,Medium,local,0,0,Moderate
1,2,clear,Medium,local,1,1,High
15,1,cloudy,Medium,arterial,0,0,Low
8,3,cloudy,Heavy,local,1,1,Low
19,3,clear,Low,local,0,1,Low
7,5,fog,Low,arterial,1,0,Moderate
8,3,clear,Medium,highway,1,1,Low
5,4,cloudy,Low,highway,0,1,Low
6,4,rain,Low,arterial,1,1,Moderate
16,5,rain,Low,highway,0,0,Moderate
11,0,clear,Heavy,local,0,1,Low
15,2,clear,Heavy,arterial,1,1,Low
1,5,rain,Medium,local,1,1,High
12,0,cloudy,Heavy,local,0,1,Low
11,3,rain,Heavy,arterial,1,1,Moderate
21,2,clear,Heavy,local,0,1,Low
10,5,rain,Low,local,0,1,Moderate
2,6,rain,Low,arterial,1,1,High
16,0,cloudy,Medium,highway,0,1,Low
3,1,fog,Heavy,highway,1,0,High
21,5,clear,Heavy,local,0,1,Moderate
9,1,clear,Low,local,1,1,Low
18,3,cloudy,Heavy,arterial,1,0,Moderate
15,6,cloudy,Low,arterial,0,1,Low
11,6,clear,Medium,highway,1,1,Low
14,6,clear,Heavy,local,1,1,Moderate
4,0,cloudy,Medium,highway,0,1,Moderate
1,1,clear,Medium,highway,1,1,High
18,1,rain,Low,local,0,1,Low
23,5,rain,Heavy,arterial,0,1,High
20,1,clear,Low,arterial,0,1,Low
7,3,rain,Medium,arterial,1,0,Low
8,5,clear,Low,highway,0,1,Low
8,3,clear,Low,local,1,0,Low
16,6,rain,Low,local,1,1,Moderate
14,3,clear,Low,arterial,1,0,Low
19,2,clear,Low,arterial,1,1,High
22,6,fog,Low,local,0,1,High
9,3,clear,Heavy,arterial,1,0,Moderate
15,1,clear,Low,local,0,1,Low
12,4,clear,Medium,local,1,0,Low
22,5,clear,Medium,local,1,1,Moderate
8,5,clear,Heavy,local,1,1,Low
4,0,rain,Medium,local,1,1,High
9,0,clear,Low,local,1,1,Moderate
14,4,clear,Low,local,1,1,Low
22,5,cloudy,Low,arterial,1,1,High
19,4,clear,Medium,highway,1,1,Low
0,2,clear,Medium,local,1,1,Moderate
12,5,fog,Heavy,highway,1,1,High
3,4,rain,Heavy,arterial,0,1,High
8,6,cloudy,Heavy,local,1,0,Moderate
22,2,clear,Low,arterial,0,0,High
23,5,rain,Heavy,arterial,0,1,High
3,1,cloudy,Low,highway,0,1,High
3,5,clear,Heavy,highway,0,1,High
16,5,clear,Medium,local,0,1,Low
9,1,clear,Medium,arterial,1,1,Moderate
10,0,fog,Medium,arterial,0,1,Low
20,6,cloudy,Medium,highway,1,1,Moderate
22,0,clear,Medium,highway,0,1,Moderate
21,3,clear,Heavy,arterial,0,1,Moderate
18,0,rain,Low,highway,0,0,Moderate
23,2,clear,Heavy,arterial,0,0,Moderate
17,5,rain,Medium,local,0,1,Low
21,3,rain,Low,arterial,0,1,High
12,1,rain,Medium,highway,0,0,Moderate
1,2,clear,Low,local,0,1,Moderate
19,0,rain,Medium,highway,1,0,High
22,4,clear,Low,arterial,0,1,Moderate
7,0,fog,Heavy,arterial,1,1,Moderate
10,2,clear,Medium,local,1,1,Low
13,0,cloudy,Low,highway,0,1,Low
15,1,clear,Medium,arterial,1,0,Low
16,0,rain,Heavy,arterial,1,0,Moderate
9,6,clear,Low,arterial,1,1,Low
20,5,clear,Medium,arterial,0,1,Moderate
19,6,rain,Heavy,arterial,0,0,Moderate
22,4,clear,Low,local,0,1,Moderate
13,3,clear,Heavy,local,1,1,Moderate
1,1,clear,Heavy,arterial,0,0,High
20,6,rain,Medium,local,0,0,Moderate
1,6,cloudy,Medium,arterial,1,0,High
4,2,cloudy,Heavy,highway,1,1,High
6,1,rain,Low,highway,0,1,High
4,2,rain,Low,arterial,0,1,High
17,2,clear,Low,highway,0,1,Low
10,6,clear,Heavy,local,0,1,Low
5,0,cloudy,Medium,highway,0,1,Moderate
0,4,cloudy,Heavy,arterial,0,1,Moderate
5,5,clear,Low,arterial,0,0,Low
16,5,rain,Medium,local,0,1,Low
19,1,clear,Heavy,highway,0,0,Moderate
7,2,clear,Low,arterial,0,0,Low
1,2,clear,Heavy,arterial,0,1,Moderate
13,2,rain,Low,arterial,0,1,Moderate
18,0,clear,Low,highway,0,0,Low
1,0,clear,Low,highway,1,1,High
19,0,clear,Heavy,local,0,1,High
4,6,fog,Heavy,local,1,0,High
6,2,clear,Heavy,highway,1,0,High
14,1,clear,Medium,arterial,0,1,Low
1,5,fog,Heavy,arterial,0,0,High
7,3,cloudy,Medium,highway,0,0,Moderate
3,2,clear,Heavy,arterial,0,1,Moderate
5,0,clear,Heavy,highway,0,1,Moderate
18,2,cloudy,Medium,arterial,1,0,Low
5,4,clear,Low,highway,1,1,Moderate
1,4,clear,Heavy,arterial,0,0,High
5,2,clear,Medium,arterial,1,0,Low
2,4,fog,Heavy,highway,0,0,High
14,5,cloudy,Medium,arterial,1,1,Low
23,6,cloudy,Medium,arterial,0,0,High
4,3,clear,Medium,local,0,1,Moderate
17,1,clear,Medium,local,0,1,Low
8,0,fog,Medium,arterial,1,1,Moderate
1,1,cloudy,Heavy,arterial,1,0,High
16,0,clear,Medium,local,0,1,Low
5,3,cloudy,Medium,arterial,0,1,Low
12,1,clear,Low,arterial,0,1,Low
12,1,clear,Medium,arterial,1,1,Low
14,5,clear,Low,arterial,1,1,Low
3,2,rain,Heavy,arterial,1,1,High
6,5,cloudy,Heavy,highway,1,1,High
17,0,clear,Low,highway,1,1,Low
22,2,clear,Medium,local,1,1,Moderate
0,0,rain,Low,local,0,1,High
9,3,clear,Heavy,local,1,0,Low
21,0,clear,Low,arterial,1,1,Moderate
6,1,rain,Heavy,highway,0,1,High
10,5,rain,Heavy,arterial,0,0,High
21,6,clear,Heavy,local,1,1,Moderate
23,3,clear,Heavy,local,1,1,Moderate
15,6,cloudy,Medium,local,0,0,Low
16,5,clear,Medium,local,0,1,Low
14,5,cloudy,Medium,arterial,1,1,Low
6,6,cloudy,Low,arterial,0,0,Moderate
21,0,cloudy,Heavy,arterial,0,1,Low
0,1,clear,Medium,arterial,0,0,High
1,3,rain,Medium,arterial,0,1,Moderate
14,4,rain,Low,arterial,0,0,Moderate
20,6,cloudy,Medium,local,0,1,Moderate
19,0,clear,Low,highway,0,1,Moderate
16,1,fog,Low,highway,1,1,Moderate
9,2,clear,Medium,highway,0,0,Low
8,4,clear,Low,local,1,1,Low
10,6,clear,Medium,local,1,1,Low
6,6,clear,Medium,local,0,1,Low
10,5,clear,Medium,arterial,0,1,Low
2,5,rain,Heavy,arterial,0,1,High
7,2,clear,Medium,highway,1,0,Moderate
22,4,clear,Medium,arterial,0,1,Moderate
16,1,rain,Heavy,local,1,0,Moderate
3,3,clear,Low,local,1,1,High
6,2,cloudy,Heavy,arterial,0,1,Moderate
6,6,fog,Heavy,local,1,0,High
6,2,clear,Low,arterial,1,0,Moderate
16,2,clear,Medium,highway,0,1,Low
21,2,clear,Low,arterial,1,1,Moderate
17,6,cloudy,Low,local,1,1,Moderate
11,6,clear,Low,local,1,1,Low
3,3,fog,Heavy,local,0,1,Moderate
3,6,cloudy,Low,arterial,1,1,High
19,5,cloudy,Low,local,0,0,Low
16,5,rain,Low,arterial,0,1,Moderate
12,6,clear,Heavy,arterial,1,1,Low
13,2,rain,Low,local,1,1,Low
20,3,cloudy,Medium,arterial,1,0,Moderate
19,1,cloudy,Low,local,1,1,Low
2,2,cloudy,Low,arterial,0,1,High
9,3,clear,Heavy,local,0,1,Low
1,0,rain,Medium,local,1,1,High
9,1,cloudy,Medium,local,1,1,Low
15,5,rain,Heavy,highway,0,0,Moderate
5,1,rain,Heavy,arterial,0,0,Moderate
3,4,clear,Heavy,local,0,1,Low
11,5,fog,Low,local,1,1,Moderate
12,1,clear,Low,arterial,1,1,Low
17,3,clear,Heavy,arterial,1,1,Low
0,6,clear,Medium,highway,0,1,High
5,5,clear,Medium,local,0,1,Low
18,6,cloudy,Medium,arterial,1,0,Low
16,4,clear,Heavy,arterial,1,0,Low
21,6,cloudy,Medium,highway,0,1,Moderate
19,2,fog,Low,highway,0,1,High
20,4,rain,Low,local,1,1,Moderate
12,4,clear,Low,local,0,1,Low
23,6,fog,Heavy,arterial,1,1,High
9,2,rain,Medium,highway,1,0,High
21,6,rain,Heavy,arterial,0,1,High
9,3,clear,Medium,local,1,1,Low
10,0,cloudy,Heavy,arterial,0,1,Low
16,4,clear,Heavy,local,0,1,Low
9,6,clear,Medium,local,0,1,Low
3,3,clear,Medium,arterial,1,1,Moderate
21,3,cloudy,Heavy,local,0,1,Moderate
10,6,clear,Low,arterial,1,1,Low
22,6,clear,Low,highway,0,0,High
9,2,cloudy,Heavy,local,1,1,Moderate
23,5,clear,Heavy,local,1,1,High
14,4,clear,Low,highway,0,1,Low
18,4,rain,Medium,arterial,0,1,Moderate
18,5,rain,Heavy,local,0,1,Moderate
4,2,rain,Low,local,1,1,High
19,2,cloudy,Heavy,local,1,1,Moderate
22,0,clear,Low,local,1,1,Moderate
15,5,clear,Low,local,0,1,Low
22,1,clear,Low,arterial,1,1,High
20,4,rain,Low,highway,0,1,Moderate
15,4,clear,Low,local,1,1,Low
11,4,clear,Medium,local,0,0,Low
20,6,rain,Low,highway,1,1,High
4,6,cloudy,Heavy,local,0,0,High
13,0,clear,Low,highway,1,1,Moderate
19,5,rain,Medium,local,1,0,Moderate
22,1,cloudy,Medium,highway,0,1,High
6,4,rain,Low,local,0,1,Moderate
2,4,clear,Medium,local,1,1,Moderate
8,0,clear,Low,local,1,1,Low
20,1,clear,Heavy,highway,0,0,High
12,6,clear,Medium,highway,0,1,Low
1,0,clear,Low,arterial,0,1,Moderate
2,1,clear,Heavy,highway,0,1,High
8,0,clear,Low,arterial,1,1,Low
8,1,clear,Heavy,local,0,0,Low
3,4,clear,Medium,arterial,0,1,Moderate
11,5,clear,Medium,arterial,1,1,Low
11,4,clear,Low,local,0,1,Low
4,1,clear,Medium,local,0,1,Moderate
5,6,clear,Heavy,arterial,1,1,Moderate
15,2,fog,Medium,local,0,0,Low
22,2,clear,Medium,highway,0,0,Moderate
23,3,rain,Low,highway,1,1,High
13,0,clear,Heavy,arterial,1,1,Moderate
0,2,clear,Medium,arterial,0,0,High
21,5,clear,Medium,local,1,1,Low
22,4,clear,Low,local,0,0,High
6,6,rain,Low,highway,1,1,High
9,5,rain,Low,local,1,1,Moderate
0,2,clear,Heavy,local,0,0,High
19,5,clear,Medium,highway,1,0,High
18,6,cloudy,Low,arterial,0,1,Moderate
0,4,cloudy,Medium,arterial,1,1,Moderate
16,5,clear,Medium,highway,1,0,Moderate
9,3,clear,Low,arterial,0,0,Low
13,6,clear,Heavy,highway,0,0,Low
5,1,clear,Low,arterial,1,1,Moderate
19,2,clear,Medium,arterial,0,1,Moderate
9,1,clear,Heavy,arterial,1,1,Moderate
20,0,cloudy,Low,arterial,0,1,Low
3,4,clear,Medium,arterial,0,0,High
14,0,clear,Low,highway,1,0,Low
7,1,clear,Heavy,highway,1,1,Moderate
23,5,cloudy,Low,arterial,1,1,High
13,1,clear,Low,arterial,1,1,Low
17,6,clear,Low,highway,1,1,Low
2,0,clear,Medium,arterial,0,1,Moderate
16,3,clear,Low,local,0,0,Low
2,0,clear,Medium,arterial,0,1,Moderate
8,0,clear,Heavy,local,0,1,Low
5,5,clear,Low,local,1,1,Low
0,0,clear,Low,local,1,1,High
14,6,clear,Low,arterial,1,1,Low
5,4,clear,Medium,local,0,1,Low
12,3,clear,Medium,arterial,0,1,Low
18,6,fog,Heavy,arterial,0,0,High
4,2,cloudy,Heavy,arterial,0,1,High
17,2,cloudy,Medium,arterial,1,1,Low
7,2,clear,Low,local,1,1,Low
7,4,rain,Heavy,highway,0,1,Moderate
13,5,cloudy,Low,arterial,1,0,Low
15,3,clear,Heavy,arterial,0,1,Low
15,1,cloudy,Heavy,local,1,0,Low
4,6,clear,Low,arterial,0,1,High
13,4,fog,Low,arterial,0,0,Low
6,5,clear,Low,local,0,0,Low
6,3,rain,Heavy,highway,1,1,High
22,1,fog,Medium,arterial,0,0,High
2,6,clear,Medium,highway,1,1,High
9,4,rain,Medium,highway,1,1,High
10,2,clear,Heavy,arterial,1,1,Low
5,5,cloudy,Medium,local,1,1,Low
18,0,clear,Heavy,arterial,0,0,Low
11,6,clear,Heavy,arterial,1,1,Low
17,4,clear,Low,arterial,0,1,Low
9,4,cloudy,Low,arterial,0,1,Low
21,0,cloudy,Medium,arterial,0,1,Low
17,1,clear,Low,local,0,1,Low
7,5,clear,Medium,arterial,0,0,Low
23,3,clear,Heavy,local,1,1,High
20,0,cloudy,Medium,arterial,1,1,Low
14,4,clear,Low,arterial,0,1,Low
0,5,clear,Heavy,highway,1,1,High
14,1,fog,Medium,arterial,0,1,Moderate
16,4,fog,Low,local,0,1,Low
8,6,clear,Medium,arterial,1,1,Low
3,3,clear,Low,local,1,0,High
13,1,cloudy,Low,highway,0,1,Moderate
19,6,clear,Low,local,1,1,Moderate
7,6,clear,Medium,arterial,1,1,Low
10,3,fog,Medium,arterial,0,1,Low
0,2,clear,Heavy,arterial,0,1,Moderate
16,5,clear,Medium,local,1,1,Low
20,0,clear,Heavy,local,0,0,Low
18,2,rain,Heavy,arterial,1,1,Moderate
10,3,rain,Low,local,1,1,Moderate
1,4,clear,Low,local,0,1,Moderate
11,4,cloudy,Heavy,local,1,1,Low
22,2,rain,Low,highway,0,0,High
2,6,cloudy,Medium,local,1,1,High
5,4,clear,Low,highway,1,0,Moderate
20,3,clear,Medium,highway,0,1,Low
13,6,rain,Medium,local,1,1,Moderate
4,0,clear,Heavy,highway,1,1,High
0,4,clear,Medium,local,1,1,Moderate
9,6,cloudy,Medium,local,1,1,Low
14,4,cloudy,Medium,local,1,1,Low
20,3,clear,Medium,arterial,1,1,Low
21,2,clear,Low,local,0,1,Low
10,1,cloudy,Heavy,local,0,1,Low
10,3,clear,Medium,local,1,0,Low
22,6,clear,Medium,arterial,0,1,Moderate
18,3,clear,Low,local,0,1,Low
5,0,clear,Low,arterial,0,0,Low
16,3,clear,Medium,highway,0,1,Low
17,0,fog,Heavy,local,1,1,High
5,6,clear,Low,arterial,0,0,Low
23,3,clear,Heavy,highway,0,1,High
7,1,clear,Heavy,arterial,0,1,Low
13,4,clear,Medium,local,1,1,Low
11,3,clear,Medium,local,0,0,Low
16,3,rain,Medium,arterial,0,1,Low
21,4,cloudy,Low,local,0,0,Low
9,6,clear,Low,arterial,0,1,Low
9,5,clear,Heavy,arterial,0,1,Low
18,1,clear,Medium,highway,0,1,Low
22,1,clear,Heavy,arterial,0,1,High
21,6,clear,Medium,local,0,1,Moderate
18,4,clear,Low,arterial,0,1,Low
16,0,clear,Low,local,1,1,Low
18,3,clear,Low,arterial,0,1,Low
22,0,rain,Heavy,highway,1,1,High
0,0,clear,Low,local,1,1,Moderate
14,1,rain,Heavy,arterial,0,0,Moderate
0,1,clear,Medium,arterial,0,1,Moderate
13,0,cloudy,Low,highway,1,1,Low
9,5,cloudy,Medium,arterial,0,1,Low
7,3,rain,Heavy,local,1,1,Moderate
21,3,cloudy,Low,arterial,1,1,Moderate
17,6,clear,Medium,arterial,1,1,Low
13,5,clear,Medium,highway,1,1,Moderate
21,5,fog,Heavy,local,0,1,High
2,1,clear,Heavy,local,1,1,Moderate
15,5,rain,Heavy,arterial,1,1,High
3,6,rain,Medium,arterial,1,1,High
5,0,clear,Heavy,highway,1,1,Moderate
4,6,rain,Medium,local,0,0,High
13,6,clear,Medium,arterial,0,0,Low
15,5,clear,Heavy,highway,0,0,Low
18,2,cloudy,Low,local,0,1,Low
10,1,rain,Heavy,local,1,0,Moderate
22,5,clear,Medium,highway,0,1,Moderate
8,4,clear,Heavy,arterial,0,1,Low
3,5,cloudy,Medium,arterial,0,0,High
0,1,cloudy,Low,arterial,1,1,Moderate
3,1,cloudy,Heavy,local,0,1,Moderate
10,6,clear,Low,local,1,0,Low
9,3,clear,Low,local,0,0,Low
20,5,clear,Low,arterial,1,1,Moderate
3,6,clear,Heavy,local,1,0,High
6,3,rain,Heavy,highway,0,0,Moderate
23,1,clear,Medium,arterial,1,1,High
0,6,clear,Low,arterial,0,1,High
10,5,rain,Medium,arterial,1,1,Low
4,4,clear,Low,highway,0,1,Low
12,6,rain,Low,arterial,0,0,Moderate
23,1,clear,Heavy,highway,0,0,High
5,2,clear,Low,highway,0,1,Low
8,0,cloudy,Low,arterial,1,0,Low
10,2,rain,Low,local,0,1,Moderate
19,3,cloudy,Heavy,highway,1,1,Moderate
23,3,clear,Medium,arterial,1,1,Moderate
2,1,clear,Medium,arterial,0,1,Moderate
11,5,rain,Low,highway,1,1,Moderate
18,3,cloudy,Medium,highway,0,0,Low
0,3,clear,Heavy,highway,0,1,High
19,6,clear,Low,local,0,0,Moderate
5,3,clear,Low,highway,0,0,Moderate
12,6,clear,Low,local,0,0,Low
23,1,rain,Heavy,highway,0,1,High
15,5,clear,Medium,local,0,1,Low
23,6,clear,Heavy,local,0,0,High
14,5,rain,Medium,local,1,0,Low
5,6,fog,Medium,local,1,1,Moderate
16,5,rain,Medium,local,0,1,Low
14,4,cloudy,Low,highway,0,1,Low
7,5,fog,Medium,arterial,1,1,Moderate
1,6,clear,Low,local,0,0,Moderate
15,4,rain,Low,highway,1,0,Moderate
13,4,clear,Heavy,highway,1,1,Moderate
18,0,clear,Heavy,arterial,1,1,Moderate
3,6,clear,Heavy,local,0,0,Moderate
12,5,clear,Low,local,1,1,Low
19,1,rain,Low,local,0,0,Moderate
21,2,rain,Low,arterial,0,0,Moderate
22,1,clear,Heavy,local,1,1,Moderate
5,2,rain,Low,highway,1,1,Moderate
4,6,rain,Low,local,1,0,High
13,3,clear,Medium,arterial,1,1,Low
11,2,cloudy,Medium,local,1,1,Low
5,5,clear,Medium,local,1,1,Low
2,2,clear,Medium,arterial,0,0,High
3,6,clear,Medium,arterial,0,1,High
8,5,rain,Heavy,arterial,1,1,Moderate
17,1,clear,Low,highway,0,0,Low
1,4,clear,Low,local,0,1,Moderate
2,3,cloudy,Medium,local,0,0,High
6,2,cloudy,Medium,local,0,1,Low
20,6,rain,Medium,local,1,1,Moderate
23,2,clear,Medium,highway,0,1,Moderate
10,0,rain,Medium,highway,0,0,Moderate
1,2,cloudy,Medium,arterial,0,1,Moderate
0,3,clear,Heavy,arterial,1,1,Moderate
20,0,cloudy,Low,local,0,1,Low
10,5,clear,Heavy,local,1,1,Low
1,1,cloudy,Medium,highway,0,0,High
20,0,clear,Low,arterial,0,0,Low
12,3,clear,Low,arterial,0,1,Low
8,1,fog,Medium,arterial,0,0,Low
10,5,rain,Medium,local,0,1,Low
5,0,clear,Medium,local,1,0,Moderate
22,2,rain,Medium,arterial,0,1,High
18,0,fog,Low,highway,1,0,High
4,2,clear,Medium,arterial,0,0,High
17,6,cloudy,Heavy,local,1,1,Low
4,4,clear,Medium,arterial,1,1,Moderate
10,3,rain,Medium,local,1,0,Moderate
17,1,clear,Low,arterial,0,0,Low
0,2,rain,Medium,arterial,1,0,High
17,2,clear,Heavy,arterial,1,1,Moderate
5,4,clear,Heavy,local,1,1,Moderate
16,1,rain,Medium,local,1,0,Moderate
11,6,clear,Medium,arterial,0,1,Low
0,4,rain,Low,local,1,1,High
18,2,clear,Low,local,0,0,Low
6,0,clear,Medium,local,0,1,Low
22,4,cloudy,Heavy,local,0,0,High
20,3,clear,Low,highway,0,0,Moderate
4,4,cloudy,Heavy,highway,1,1,High
14,4,clear,Heavy,highway,1,0,Moderate
8,4,cloudy,Low,arterial,0,1,Low
14,5,cloudy,Low,local,1,1,Low
13,3,clear,Low,highway,0,1,Moderate
7,5,clear,Heavy,arterial,1,1,Low
15,2,clear,Medium,arterial,1,0,Low
6,6,fog,Low,arterial,1,1,High
21,2,clear,Heavy,arterial,0,1,Moderate
22,4,clear,Low,highway,1,1,High
3,6,clear,Heavy,highway,1,0,High
17,2,rain,Heavy,highway,1,0,High
22,0,clear,Medium,highway,1,0,High
3,1,clear,Heavy,arterial,0,0,High
17,1,rain,Heavy,local,0,1,Moderate
22,0,fog,Medium,arterial,0,1,High
5,3,rain,Heavy,local,1,1,High
13,1,cloudy,Medium,highway,0,1,Low
19,0,clear,Heavy,arterial,0,1,Low
8,0,clear,Heavy,highway,1,1,Moderate
5,1,clear,Heavy,arterial,0,0,Low
9,2,cloudy,Heavy,local,0,1,Low
8,6,clear,Heavy,arterial,1,1,Moderate
17,4,clear,Low,arterial,1,1,Moderate
8,5,cloudy,Low,arterial,1,0,Moderate
9,4,cloudy,Medium,arterial,0,1,Low
22,5,clear,Low,local,0,0,High
13,2,rain,Heavy,local,0,1,Moderate
22,0,clear,Low,highway,1,0,High
17,3,cloudy,Medium,local,1,1,Low
21,0,fog,Medium,highway,1,0,High
4,1,clear,Heavy,arterial,0,1,Moderate
22,5,rain,Low,arterial,0,1,High
22,3,rain,Heavy,arterial,0,0,High
0,4,fog,Low,local,1,1,High
8,3,clear,Low,arterial,1,1,Low
9,3,clear,Low,arterial,0,1,Low
10,2,clear,Heavy,arterial,0,0,Low
18,1,rain,Low,arterial,0,0,Moderate
16,1,clear,Low,highway,0,0,Low
5,5,clear,Low,arterial,1,1,Low
14,6,fog,Medium,local,0,0,Low
23,0,clear,Medium,highway,1,0,High
10,3,clear,Low,local,1,1,Low
22,3,rain,Medium,local,1,0,High
15,3,clear,Medium,local,1,0,Low
22,1,clear,Medium,arterial,1,1,Moderate
21,0,clear,Medium,local,1,0,Low
0,1,clear,Heavy,arterial,0,1,Moderate
19,1,clear,Heavy,arterial,0,0,Moderate
4,0,rain,Heavy,arterial,0,1,High
19,2,clear,Low,local,1,1,Moderate
19,4,clear,Medium,highway,0,1,Moderate
6,6,fog,Low,arterial,0,1,Moderate
1,4,rain,Medium,local,1,0,High
10,1,cloudy,Low,local,0,1,Low
7,2,fog,Medium,arterial,0,1,Moderate
13,2,clear,Medium,highway,1,1,Moderate
1,1,cloudy,Medium,local,0,1,Moderate
1,6,rain,Low,local,1,0,High
10,4,cloudy,Low,local,1,0,Low
18,3,clear,Medium,arterial,1,1,Low
7,3,rain,Medium,highway,0,1,Moderate
7,2,clear,Low,local,1,1,Low
3,2,clear,Heavy,local,0,1,Moderate
6,4,cloudy,Medium,local,1,1,Moderate
7,6,clear,Low,highway,1,0,Low
6,3,clear,Low,arterial,1,1,Moderate
8,1,clear,Medium,highway,1,1,Low
6,6,clear,Medium,arterial,0,1,Low
16,2,clear,Low,local,1,1,Low
8,0,cloudy,Low,local,0,1,Low
18,3,cloudy,Heavy,arterial,0,1,Low
14,5,cloudy,Medium,arterial,0,1,Low
15,1,clear,Low,arterial,0,1,Low
14,1,clear,Heavy,arterial,0,1,Moderate
22,2,fog,Low,highway,0,1,High
6,5,clear,Low,arterial,1,1,Moderate
23,6,clear,Heavy,arterial,1,1,High
4,5,fog,Heavy,highway,0,1,High
3,1,clear,Medium,highway,1,0,High
19,5,clear,Medium,arterial,0,1,Low
21,2,clear,Medium,arterial,0,1,Low
2,6,cloudy,Medium,highway,0,1,High
14,6,clear,Heavy,local,1,0,Low
12,5,cloudy,Heavy,local,1,1,Moderate
5,6,rain,Low,highway,1,0,High
12,0,cloudy,Low,local,0,1,Low
16,4,clear,Heavy,arterial,1,1,Moderate
13,0,clear,Medium,arterial,0,1,Low
12,4,rain,Heavy,local,0,1,Moderate
21,2,rain,Low,arterial,0,1,Moderate
5,6,clear,Heavy,arterial,1,1,Moderate
14,3,clear,Low,highway,0,1,Low
7,5,cloudy,Low,local,1,1,Low
23,2,rain,Heavy,arterial,0,1,High
6,0,rain,Medium,arterial,0,1,Moderate
20,5,cloudy,Low,local,1,1,Moderate
15,1,clear,Medium,highway,0,1,Low
5,5,rain,Medium,local,1,0,Moderate
18,3,rain,Heavy,arterial,1,1,Moderate
5,6,clear,Heavy,arterial,0,0,Low
6,2,clear,Medium,local,0,1,Low
8,2,clear,Low,arterial,1,0,Low
16,5,clear,Low,arterial,1,1,Low
9,5,rain,Heavy,highway,0,0,Moderate
13,0,clear,Low,arterial,1,1,Low
13,5,rain,Low,local,1,1,Low
4,3,clear,Medium,highway,1,1,High
5,6,clear,Heavy,local,1,1,Low
7,4,cloudy,Medium,arterial,1,1,Low
5,5,clear,Medium,local,1,0,Low
22,2,cloudy,Heavy,local,0,1,Moderate
9,1,clear,Low,highway,0,0,Low
9,5,cloudy,Low,local,0,0,Low
16,0,fog,Low,local,0,1,Low
18,4,clear,Medium,local,0,0,Low
16,6,clear,Heavy,arterial,0,1,Moderate
13,6,rain,Medium,arterial,1,1,Moderate
23,5,clear,Medium,arterial,0,1,High
21,3,clear,Medium,highway,0,0,High
4,5,rain,Medium,highway,1,1,High
3,0,clear,Low,local,0,1,Moderate
9,5,cloudy,Low,arterial,1,1,Low
20,1,clear,Low,highway,0,1,Moderate
23,5,cloudy,Low,local,1,1,High
16,2,cloudy,Low,highway,1,1,Low
16,5,clear,Low,local,1,0,Low
5,4,cloudy,Medium,local,1,1,Low
14,6,clear,Medium,local,0,1,Low
4,5,clear,Low,arterial,0,1,High
12,6,rain,Low,arterial,0,1,Moderate
4,1,rain,Low,highway,1,1,High
1,2,rain,Medium,local,0,1,Moderate
23,3,cloudy,Medium,arterial,1,1,High
21,0,clear,Medium,arterial,1,1,Moderate
16,0,cloudy,Medium,highway,1,1,Moderate
15,0,cloudy,Low,highway,0,0,Low
5,5,clear,Heavy,local,0,0,Low
13,3,clear,Low,arterial,0,1,Low
17,5,clear,Medium,arterial,1,0,Low
12,5,clear,Medium,arterial,1,1,Low
6,0,cloudy,Medium,local,0,1,Low
9,5,clear,Medium,local,0,0,Low
20,1,cloudy,Heavy,arterial,0,0,Moderate
6,2,fog,Medium,local,1,1,High
23,6,rain,Heavy,arterial,1,1,High
18,2,rain,Low,local,1,1,Moderate
21,6,rain,Medium,highway,1,0,High
12,3,clear,Low,arterial,1,1,Low
5,0,cloudy,Medium,arterial,1,1,Low
0,5,cloudy,Medium,highway,0,1,High
12,0,fog,Medium,arterial,1,0,High
9,4,cloudy,Heavy,local,1,0,Moderate
2,3,clear,Medium,highway,1,1,High
22,0,rain,Medium,arterial,0,1,High
23,3,cloudy,Heavy,local,0,0,High
8,2,clear,Heavy,arterial,1,1,Low
16,0,cloudy,Low,local,0,1,Low
9,3,cloudy,Medium,local,0,1,Low
11,0,cloudy,Heavy,highway,1,0,Moderate
14,3,fog,Low,local,1,1,High
9,1,cloudy,Medium,local,0,0,Low
19,5,rain,Low,local,0,1,Moderate
4,6,clear,Heavy,highway,0,0,High
16,6,clear,Heavy,highway,1,0,Moderate
23,6,clear,Heavy,highway,0,1,Moderate
20,0,clear,Medium,arterial,1,0,Moderate
1,3,rain,Medium,arterial,1,1,High
2,1,cloudy,Medium,arterial,0,1,Moderate
15,0,clear,Heavy,highway,0,0,Low
22,2,clear,Heavy,local,0,1,Moderate
20,3,fog,Low,local,0,0,Moderate
21,2,clear,Low,highway,0,1,Moderate
3,0,clear,Medium,highway,1,0,High
12,2,cloudy,Low,highway,1,1,Low
17,1,cloudy,Medium,local,0,1,Low
14,0,clear,Heavy,arterial,0,1,Low
18,3,clear,Medium,arterial,1,0,Moderate
5,0,clear,Low,arterial,0,0,Low
10,6,clear,Heavy,local,0,0,Low
10,5,clear,Medium,local,0,1,Low
22,6,clear,Heavy,arterial,1,1,High
4,0,clear,Low,arterial,1,0,High
7,3,clear,Low,local,1,1,Low
0,5,rain,Low,local,1,1,High
3,4,clear,Medium,highway,0,0,High
23,2,clear,Heavy,arterial,1,1,High
20,5,clear,Medium,highway,0,1,Moderate
6,2,clear,Low,arterial,0,1,Low
16,6,cloudy,Low,local,0,0,Low
14,0,clear,Heavy,highway,0,0,Low
21,4,fog,Low,arterial,1,0,Moderate
7,0,cloudy,Low,arterial,0,1,Low
23,6,clear,Medium,arterial,1,0,High
8,2,rain,Low,highway,1,0,Moderate
17,0,clear,Medium,arterial,0,1,Low
9,5,clear,Medium,arterial,1,1,Low
16,6,clear,Low,arterial,1,0,Low
8,6,cloudy,Low,local,0,1,Low
20,3,cloudy,Medium,local,1,1,Low
15,0,cloudy,Low,arterial,1,1,Moderate
6,1,rain,Heavy,highway,0,0,Low
23,0,fog,Low,highway,1,1,High
17,0,clear,Heavy,local,1,0,Low
10,1,rain,Low,local,1,1,Moderate
3,3,clear,Low,highway,0,1,High
23,5,fog,Medium,local,1,1,High
18,4,clear,Heavy,local,1,1,Low
16,1,clear,Low,highway,0,1,Low
19,4,clear,Low,local,0,1,Low
14,1,clear,Heavy,local,1,1,High
5,3,rain,Medium,local,0,1,Moderate
5,6,clear,Heavy,local,0,1,Moderate
1,0,clear,Low,highway,1,0,High
1,6,rain,Heavy,arterial,1,1,High
17,1,cloudy,Medium,highway,0,1,Low
20,4,cloudy,Low,arterial,0,1,Low
3,1,fog,Low,arterial,0,0,High
13,1,clear,Heavy,arterial,0,0,Low
2,3,clear,Low,local,0,1,Moderate
9,2,clear,Low,highway,1,0,Low
18,3,clear,Low,arterial,0,1,Low
19,1,clear,Medium,local,1,1,Moderate
22,6,cloudy,Medium,arterial,1,1,Moderate
7,4,clear,Medium,arterial,0,1,Low
22,5,cloudy,Heavy,arterial,1,1,High
18,5,cloudy,Low,highway,1,1,Moderate
8,5,clear,Heavy,arterial,1,1,Low
7,0,clear,Heavy,arterial,1,1,Low
2,4,clear,Low,highway,1,1,High
22,6,rain,Heavy,arterial,0,1,High
4,0,clear,Low,highway,0,1,High
6,3,rain,Medium,local,1,0,Moderate
9,1,clear,Low,highway,0,0,Low
3,5,cloudy,Low,local,0,1,High
19,6,clear,Low,local,1,1,Low
16,0,clear,Low,arterial,1,0,Low
3,5,clear,Low,local,1,1,High
3,2,cloudy,Heavy,arterial,1,0,High
0,6,clear,Heavy,highway,1,0,High
22,0,rain,Medium,highway,1,1,High
10,1,clear,Low,local,1,0,Low
15,5,rain,Heavy,local,1,0,Moderate
3,5,rain,Heavy,local,0,1,High
5,0,clear,Heavy,arterial,1,1,Low
12,1,clear,Medium,highway,1,1,Low
5,2,cloudy,Low,arterial,1,1,Low
14,0,clear,Heavy,local,0,1,Low
22,5,clear,Medium,highway,0,1,Moderate
7,4,clear,Medium,arterial,1,0,Moderate
14,5,cloudy,Low,local,0,1,Low
21,3,clear,Low,local,0,1,Low
21,4,fog,Heavy,arterial,0,1,Moderate
0,4,clear,Medium,arterial,1,1,High
2,4,clear,Medium,arterial,0,0,High
23,3,clear,Low,arterial,0,1,Moderate
22,4,rain,Medium,arterial,0,1,High
7,4,rain,Low,highway,1,1,Moderate
12,4,clear,Heavy,arterial,1,1,Moderate
13,6,cloudy,Medium,highway,0,0,Low
16,2,clear,Medium,highway,0,0,Low
18,6,clear,Low,local,0,0,Low
8,0,clear,Medium,local,0,1,Low
21,3,rain,Medium,local,1,1,Moderate
1,3,clear,Heavy,local,1,1,Moderate
0,6,cloudy,Heavy,local,1,1,Moderate
22,0,clear,Medium,arterial,0,1,Moderate
4,1,rain,Medium,arterial,0,1,High
23,3,fog,Heavy,highway,0,0,High
6,5,clear,Medium,local,1,0,Low
8,3,cloudy,Medium,arterial,1,0,Low
0,4,cloudy,Low,arterial,0,0,High
22,1,fog,Medium,local,0,0,High
8,6,clear,Low,local,1,1,Low
4,5,clear,Low,arterial,0,1,Moderate
11,0,clear,Low,arterial,0,0,Low
3,4,cloudy,Medium,arterial,1,1,Moderate
18,0,clear,Low,local,1,1,Low
1,3,clear,Heavy,local,0,1,Moderate
11,4,rain,Medium,local,1,0,Moderate
9,6,rain,Low,local,0,0,Low
0,0,clear,Medium,local,0,1,Low
1,2,clear,Low,local,1,1,High
12,4,clear,Low,arterial,1,1,Moderate
9,1,clear,Low,arterial,0,1,Low
3,4,clear,Heavy,local,0,1,Moderate
3,1,clear,Medium,local,1,0,High
19,1,clear,Low,arterial,1,1,Low
17,3,fog,Medium,arterial,0,1,Low
14,4,clear,Low,local,0,1,Low
20,1,clear,Heavy,arterial,0,0,Low
1,6,clear,Heavy,local,0,0,High
16,6,rain,Low,highway,1,1,Moderate
18,0,clear,Low,arterial,1,1,Low
4,2,clear,Heavy,arterial,1,1,High
12,3,clear,Medium,arterial,1,1,Low
18,3,clear,Heavy,arterial,0,1,Moderate
14,1,clear,Medium,local,1,1,Low
5,3,cloudy,Low,highway,1,0,Moderate
15,6,clear,Heavy,local,1,1,Low
18,2,cloudy,Low,arterial,1,1,Low
0,1,clear,Low,arterial,1,1,High
13,5,cloudy,Heavy,local,1,1,Low
12,3,fog,Medium,local,1,1,Moderate
8,4,clear,Low,arterial,0,0,Low
1,4,rain,Low,arterial,1,1,High
2,5,clear,Low,local,1,0,High
18,5,cloudy,Medium,local,0,1,Low
19,4,clear,Heavy,local,0,1,Moderate
10,3,fog,Medium,arterial,0,0,Moderate
22,3,clear,Heavy,local,1,1,High
22,1,clear,Medium,highway,1,1,High
15,3,clear,Low,local,0,1,Low
13,4,clear,Medium,arterial,1,0,Low
23,5,cloudy,Low,arterial,1,1,Moderate
14,5,cloudy,Low,highway,0,1,Low
22,2,clear,Low,arterial,0,1,Moderate
23,5,cloudy,Heavy,highway,0,1,High
4,3,clear,Low,arterial,0,1,Moderate
15,2,rain,Medium,arterial,0,1,Low
17,1,clear,Heavy,local,0,0,Low
19,1,clear,Medium,highway,0,1,Low
8,4,clear,Low,arterial,1,1,Low
20,1,clear,Medium,highway,1,1,Moderate
11,0,cloudy,Heavy,arterial,0,1,Low
9,1,fog,Medium,arterial,1,1,Moderate
3,6,clear,Low,highway,1,1,High
7,1,clear,Medium,local,1,1,Low
23,1,clear,Medium,highway,0,0,High
17,2,cloudy,Medium,arterial,0,1,Low
17,2,clear,Low,highway,0,0,Low
21,6,rain,Heavy,local,0,1,High
6,1,cloudy,Heavy,highway,0,1,Moderate
15,2,clear,Low,local,1,1,Low
8,2,fog,Low,highway,1,1,High
20,1,clear,Low,local,0,0,Low
10,2,cloudy,Medium,highway,1,1,Moderate
20,1,clear,Low,arterial,0,1,Moderate
17,5,clear,Medium,local,1,1,Low
18,5,clear,Heavy,arterial,0,0,Low
22,1,cloudy,Low,arterial,1,0,High
18,3,clear,Low,arterial,0,1,Low
7,1,rain,Low,arterial,0,0,Moderate
12,6,clear,Low,highway,1,1,Low
11,0,clear,Heavy,arterial,0,0,Low
1,2,cloudy,Low,local,1,1,High
14,2,clear,Medium,arterial,0,1,Low
10,2,clear,Medium,arterial,1,0,Low
9,6,clear,Low,arterial,0,1,Low
2,3,clear,Low,local,0,0,High
12,2,clear,Heavy,highway,0,0,Low
13,5,clear,Heavy,arterial,1,1,Moderate
2,5,cloudy,Low,highway,0,0,High
15,1,rain,Medium,arterial,1,1,Low
4,3,clear,Medium,local,1,1,Moderate
3,2,rain,Low,highway,0,1,High
9,3,clear,Low,arterial,1,1,Moderate
9,2,clear,Low,arterial,1,1,Moderate
21,5,clear,Heavy,arterial,1,0,Moderate
1,6,clear,Medium,arterial,0,0,High
8,0,clear,Heavy,local,1,1,Low
17,5,clear,Heavy,arterial,0,1,Low
5,6,clear,Medium,arterial,1,0,Moderate
23,2,clear,Medium,highway,0,1,High
17,3,clear,Heavy,highway,1,1,Moderate
22,0,clear,Low,local,0,0,High
22,2,clear,Low,local,1,1,Moderate
2,1,cloudy,Medium,highway,1,0,High
11,6,clear,Medium,local,0,0,Low
17,0,clear,Heavy,local,0,0,Low
0,2,clear,Medium,local,1,1,High
10,3,cloudy,Medium,arterial,0,1,Low
16,6,cloudy,Medium,highway,1,1,Low
19,5,rain,Medium,local,0,0,Low
9,6,clear,Heavy,arterial,1,1,Low
20,2,cloudy,Medium,highway,1,1,Moderate
16,1,clear,Heavy,arterial,1,1,Moderate
1,3,rain,Low,local,1,1,High
6,2,cloudy,Heavy,local,1,1,Moderate
22,0,clear,Heavy,local,1,1,High
0,5,fog,Heavy,arterial,0,1,High
2,0,clear,Heavy,local,0,1,Moderate
8,1,fog,Medium,local,0,1,Low
23,6,clear,Medium,local,1,0,High
16,5,clear,Low,arterial,1,1,Low
3,4,cloudy,Low,arterial,0,1,Moderate
9,0,clear,Heavy,local,0,1,Low
22,1,cloudy,Medium,arterial,0,1,Moderate
5,1,clear,Medium,highway,1,0,Moderate
13,4,clear,Medium,arterial,1,0,Low
11,3,clear,Medium,local,1,1,Low
18,2,fog,Medium,highway,0,1,Moderate
18,5,fog,Heavy,arterial,0,1,Moderate
19,5,clear,Low,local,0,1,Low
2,5,clear,Heavy,arterial,1,0,High
10,0,clear,Low,arterial,0,1,Low
16,4,clear,Heavy,local,0,1,Low
10,1,fog,Heavy,arterial,1,0,High
16,1,rain,Heavy,arterial,0,1,Moderate
15,6,cloudy,Low,highway,1,1,Moderate
8,2,clear,Heavy,local,0,1,Low
2,5,rain,Low,highway,1,0,High
23,1,fog,Low,local,0,1,High
19,6,fog,Low,local,1,1,High
21,1,cloudy,Heavy,highway,1,1,Moderate
7,1,clear,Heavy,highway,0,0,Moderate
7,2,fog,Medium,arterial,1,1,Moderate
7,1,clear,Low,highway,1,1,Moderate
0,4,clear,Medium,local,0,1,Moderate
4,1,clear,Low,local,0,1,Moderate
7,1,cloudy,Low,local,1,0,Moderate
23,4,rain,Heavy,local,1,1,High
4,0,fog,Low,highway,0,0,High
12,3,fog,Medium,local,0,0,Moderate
13,4,cloudy,Medium,arterial,1,1,Low
8,3,fog,Low,highway,0,0,Moderate
22,0,clear,Low,arterial,1,1,High
2,1,clear,Low,highway,0,1,High
20,6,clear,Medium,local,1,1,Low
17,5,rain,Medium,local,0,1,Low
7,2,rain,Heavy,local,1,1,Moderate
18,6,rain,Low,highway,0,0,Moderate
10,0,fog,Low,highway,1,0,High
23,0,clear,Medium,arterial,0,1,Low
0,6,rain,Heavy,local,0,1,High
0,4,clear,Medium,arterial,1,0,High
13,4,rain,Heavy,local,0,1,High
22,2,rain,Low,highway,1,1,High
1,5,clear,Heavy,arterial,0,1,High
18,4,clear,Medium,arterial,0,0,Low
22,3,clear,Low,local,1,1,High
11,2,rain,Low,local,1,1,Moderate
20,2,cloudy,Medium,highway,1,1,Moderate
18,4,clear,Low,arterial,0,1,Low
5,4,fog,Low,local,0,0,Low
20,5,clear,Heavy,local,1,0,Moderate
16,2,clear,Low,arterial,1,1,Low
0,1,rain,Heavy,local,0,1,High
13,3,clear,Medium,arterial,0,1,Low
15,4,clear,Low,highway,1,1,Moderate
19,1,cloudy,Medium,local,1,0,Moderate
18,0,clear,Medium,local,0,1,Low
11,2,clear,Low,arterial,0,1,Moderate
7,0,clear,Medium,local,0,1,Low
4,0,rain,Low,arterial,0,1,High
2,6,clear,Low,arterial,1,1,High
15,5,rain,Medium,local,1,1,Low
23,0,cloudy,Medium,local,1,1,High
1,2,clear,Heavy,highway,1,1,High
16,1,clear,Medium,local,0,0,Low
14,6,clear,Medium,highway,0,1,Low
4,3,cloudy,Medium,arterial,0,0,Moderate
5,1,clear,Heavy,local,1,1,Moderate
6,4,cloudy,Low,highway,0,1,Moderate
16,3,rain,Medium,arterial,1,1,Moderate
7,1,clear,Low,local,0,0,Low
19,2,rain,Low,arterial,0,1,Moderate
8,0,clear,Heavy,highway,1,1,Moderate
2,4,cloudy,Medium,arterial,0,0,High
2,6,clear,Low,arterial,0,0,High
9,5,clear,Medium,local,1,0,Low
9,2,cloudy,Medium,arterial,0,1,Low
17,3,clear,Heavy,highway,0,1,Moderate
11,0,rain,Heavy,local,0,0,Low
3,2,cloudy,Low,arterial,0,1,Moderate
5,0,cloudy,Heavy,highway,1,0,Moderate
13,5,clear,Medium,local,1,1,Low
8,6,rain,Medium,local,1,1,Moderate
16,1,fog,Low,local,0,1,Moderate
22,4,clear,Heavy,arterial,1,0,High
8,4,clear,Medium,arterial,0,1,Low
13,2,rain,Heavy,local,0,1,Moderate
19,5,clear,Heavy,highway,1,1,Moderate
5,4,clear,Medium,local,0,1,Low
12,1,fog,Heavy,local,0,1,Moderate
7,5,clear,Low,local,1,1,Low
15,4,fog,Heavy,arterial,0,0,Moderate
17,2,clear,Low,local,1,1,Low
3,5,clear,Low,highway,1,1,High
4,4,clear,Heavy,highway,1,1,High
0,0,clear,Low,local,1,1,High
0,1,rain,Heavy,local,0,1,High
1,2,cloudy,Low,highway,1,1,High
16,0,fog,Medium,arterial,1,0,Low
21,2,clear,Medium,local,1,1,Low
9,3,fog,Low,local,0,1,Low
21,5,cloudy,Heavy,arterial,0,0,Moderate
17,1,clear,Low,local,0,1,Low
19,3,clear,Heavy,arterial,0,1,Moderate
17,4,clear,Heavy,arterial,1,1,Moderate
4,3,clear,Medium,arterial,0,1,Moderate
12,6,rain,Heavy,arterial,0,1,High
12,2,fog,Medium,local,0,0,Low
15,2,clear,Heavy,arterial,1,0,Low
19,0,clear,Heavy,arterial,0,1,Moderate
2,2,clear,Medium,local,0,1,Moderate
16,0,rain,Heavy,local,0,1,Moderate
19,6,cloudy,Medium,highway,1,0,Moderate
2,1,cloudy,Medium,local,0,1,Moderate
9,5,cloudy,Heavy,local,0,0,Low
21,0,fog,Medium,local,1,1,Moderate
0,1,clear,Low,highway,1,0,High
3,0,clear,Low,local,0,1,Moderate
19,2,cloudy,Medium,local,1,1,Moderate
4,4,fog,Low,highway,0,1,High
16,2,cloudy,Medium,local,0,1,Low
21,4,rain,Low,arterial,0,1,High
11,5,rain,Low,local,1,0,Moderate
11,0,clear,Heavy,arterial,0,1,Low
10,2,cloudy,Low,highway,0,1,Low
8,4,rain,Heavy,local,0,0,Moderate
9,3,clear,Medium,arterial,1,0,Low
13,1,cloudy,Heavy,local,1,1,Moderate
21,1,clear,Heavy,arterial,1,1,Low
23,2,rain,Medium,highway,0,1,High
20,4,clear,Low,highway,1,1,Moderate
2,6,clear,Heavy,arterial,0,1,High
7,2,cloudy,Heavy,highway,0,0,Moderate
18,3,cloudy,Low,local,0,1,Low
13,2,clear,Heavy,arterial,1,1,Moderate
8,0,clear,Medium,highway,1,1,Moderate
7,2,rain,Low,local,1,0,Low
2,2,fog,Low,local,1,1,High
7,1,cloudy,Heavy,arterial,0,1,Low
10,4,clear,Medium,local,0,1,Low
9,1,cloudy,Heavy,arterial,0,0,Low
13,1,cloudy,Medium,highway,0,1,Low
6,2,clear,Low,arterial,0,1,Low
4,6,clear,Low,arterial,0,1,High
21,4,clear,Heavy,local,1,1,Moderate
9,2,clear,Low,local,0,1,Low
6,5,cloudy,Heavy,arterial,1,1,Moderate
15,0,clear,Low,arterial,0,0,Low
13,2,clear,Heavy,arterial,0,0,Low
13,3,clear,Low,local,0,1,Low
5,3,cloudy,Medium,local,1,1,Low
17,4,cloudy,Low,arterial,0,1,Low
4,4,clear,Low,arterial,1,0,High
20,3,clear,Heavy,local,0,0,Moderate
10,6,clear,Low,local,0,1,Low
9,6,cloudy,Heavy,highway,0,0,Low
9,3,clear,Medium,arterial,0,0,Low
10,6,clear,Heavy,local,0,1,Low
15,4,clear,Medium,local,0,0,Low
11,0,clear,Heavy,highway,0,1,Moderate
3,0,clear,Heavy,arterial,0,1,High
13,0,cloudy,Heavy,highway,0,1,Low
6,1,clear,Low,arterial,1,1,Low
2,2,cloudy,Low,highway,1,0,High
20,0,clear,Heavy,arterial,0,1,Low
7,4,rain,Medium,highway,0,1,Moderate
14,2,clear,Medium,local,0,0,Low
4,4,cloudy,Medium,highway,1,1,High
8,3,clear,Medium,arterial,1,1,Low
9,1,clear,Medium,highway,0,1,Low
3,4,rain,Medium,highway,0,1,High
23,6,clear,Medium,highway,1,1,High
7,2,clear,Low,highway,0,1,Low
13,2,clear,Medium,arterial,1,1,Low
13,3,fog,Low,arterial,1,1,High
10,5,rain,Low,arterial,1,0,Moderate
14,3,cloudy,Medium,local,1,1,Low
13,5,clear,Heavy,arterial,0,1,Moderate
1,0,clear,Low,local,0,0,High
16,0,rain,Heavy,arterial,1,1,High
2,2,clear,Medium,highway,0,0,High
10,1,clear,Heavy,highway,0,1,Low
8,0,rain,Medium,highway,1,0,High
10,1,clear,Medium,local,0,1,Low
1,1,rain,Medium,local,0,1,Moderate
16,6,rain,Heavy,highway,1,1,Moderate
10,5,rain,Low,local,0,1,Low
1,2,cloudy,Low,local,0,0,High
0,6,clear,Heavy,highway,1,1,High
12,5,cloudy,Low,arterial,1,1,Moderate
15,1,rain,Heavy,local,0,0,Low
13,3,cloudy,Low,local,1,1,Low
17,6,rain,Low,arterial,1,1,Moderate
18,3,fog,Low,local,0,1,Moderate
20,2,cloudy,Heavy,local,0,1,Low
23,6,rain,Medium,local,0,1,High
21,4,clear,Heavy,local,1,1,Moderate
19,3,fog,Medium,arterial,1,1,High
10,6,rain,Medium,arterial,0,0,Moderate
12,5,clear,Medium,local,1,0,Low
14,2,cloudy,Medium,arterial,0,1,Low
4,2,clear,Medium,local,1,1,Moderate
16,0,rain,Heavy,arterial,0,1,Moderate
14,0,clear,Heavy,arterial,1,1,Low
12,6,clear,Low,local,1,0,Low
20,0,clear,Medium,local,0,0,Moderate
16,5,clear,Medium,arterial,1,1,Low
22,1,fog,Heavy,local,0,1,High
23,3,clear,Low,arterial,0,0,High
19,5,clear,Heavy,arterial,0,1,Moderate
7,6,rain,Medium,arterial,1,1,Moderate
4,2,clear,Low,local,1,1,Moderate
7,6,clear,Heavy,local,1,1,Low
17,3,clear,Medium,arterial,0,1,Low
20,6,fog,Heavy,local,1,1,High
21,0,rain,Low,highway,0,0,Moderate
16,1,cloudy,Low,arterial,0,0,Low
16,4,clear,Heavy,arterial,1,0,Moderate
22,4,clear,Medium,arterial,0,1,Moderate
16,5,cloudy,Low,highway,0,1,Moderate
3,2,clear,Heavy,arterial,0,0,Moderate
12,4,clear,Heavy,arterial,1,1,Moderate
8,4,clear,Heavy,local,0,1,Low
15,6,rain,Heavy,local,1,1,High
15,0,cloudy,Low,arterial,0,1,Low
7,0,clear,Heavy,local,0,1,Low
7,4,fog,Low,arterial,0,1,Moderate
2,0,clear,Medium,arterial,0,1,Moderate
7,1,cloudy,Low,local,0,0,Low
19,3,clear,Medium,local,1,1,Low
15,1,fog,Low,arterial,1,1,High
22,1,clear,Heavy,highway,0,1,High
22,2,fog,Heavy,local,1,1,High
20,4,cloudy,Low,local,1,1,Moderate
4,2,clear,Low,highway,1,1,High
8,5,clear,Low,highway,1,1,Low
1,1,rain,Medium,local,0,1,High
2,0,clear,Heavy,arterial,0,1,Moderate
5,1,clear,Heavy,highway,0,1,Low
6,6,cloudy,Medium,arterial,1,1,Moderate
0,1,clear,Heavy,highway,1,0,High
20,0,clear,Medium,arterial,1,1,Moderate
12,2,cloudy,Heavy,arterial,0,1,Low
15,4,clear,Medium,local,0,0,Low
15,2,clear,Medium,arterial,1,1,Low
23,2,clear,Medium,arterial,1,1,Moderate
3,0,fog,Low,local,0,1,High
8,4,clear,Medium,highway,1,1,Moderate
7,1,cloudy,Low,local,0,0,Low
13,0,cloudy,Medium,highway,1,1,Low
12,5,rain,Medium,highway,1,1,Moderate
18,6,clear,Medium,arterial,0,1,Low
13,4,clear,Low,local,0,0,Low
5,6,clear,Heavy,highway,0,1,Moderate
13,2,cloudy,Low,arterial,0,1,Low
23,3,rain,Low,local,1,1,High
13,2,clear,Low,local,1,0,Low
14,3,rain,Low,arterial,0,1,Moderate
4,6,clear,Medium,arterial,0,1,Moderate
0,4,clear,Heavy,arterial,0,1,High
5,0,cloudy,Heavy,arterial,0,1,Low
0,4,clear,Medium,highway,0,1,High
10,2,fog,Low,highway,0,1,Moderate
21,3,cloudy,Heavy,local,1,1,Moderate
10,3,clear,Heavy,arterial,0,0,Moderate
15,4,clear,Low,local,0,1,Low
20,6,rain,Medium,arterial,0,1,Moderate
18,6,rain,Heavy,highway,0,1,Moderate
15,6,clear,Heavy,arterial,1,1,Moderate
18,4,clear,Medium,arterial,1,1,Low
6,1,cloudy,Medium,highway,0,1,Low
10,1,clear,Medium,local,1,1,Low
9,5,clear,Heavy,local,1,1,Low
19,6,clear,Heavy,local,1,1,Low
9,0,clear,Medium,arterial,1,1,Low
22,1,clear,Low,local,1,1,Moderate
4,4,clear,Heavy,highway,1,1,High
4,1,clear,Heavy,local,0,1,Low
17,0,clear,Heavy,local,1,1,Moderate
18,6,fog,Low,highway,1,1,High
16,0,clear,Heavy,arterial,1,1,Low
7,1,clear,Low,highway,0,1,Low
0,6,rain,Heavy,arterial,0,0,High
7,0,fog,Heavy,local,0,1,Moderate
11,5,rain,Low,highway,0,0,Moderate
9,3,clear,Low,arterial,1,1,Low
22,3,cloudy,Low,highway,0,1,Moderate
20,5,cloudy,Low,local,0,1,Low
18,0,rain,Low,highway,1,1,Moderate
0,0,clear,Heavy,local,0,1,Moderate
3,1,clear,Low,arterial,1,1,High
10,3,clear,Heavy,highway,1,0,Low
14,6,cloudy,Low,local,0,1,Low
16,0,clear,Medium,arterial,1,1,Low
7,2,clear,Medium,arterial,0,1,Low
2,3,cloudy,Low,local,0,0,High
7,1,rain,Medium,local,0,1,Moderate
19,2,rain,Heavy,local,1,0,High
23,1,cloudy,Low,arterial,0,0,High
22,0,clear,Medium,arterial,1,1,Moderate
14,3,rain,Heavy,arterial,0,1,Moderate
2,6,clear,Low,arterial,1,1,High
23,2,clear,Low,arterial,1,0,High
3,4,clear,Low,highway,1,0,High
6,4,cloudy,Medium,arterial,1,1,Moderate
23,5,clear,Heavy,local,1,1,High
12,5,clear,Low,arterial,1,0,Low
4,6,clear,Medium,arterial,1,0,High
12,5,cloudy,Low,arterial,1,0,Moderate
1,6,cloudy,Heavy,arterial,0,1,Moderate
7,6,clear,Heavy,local,0,1,Low
22,5,clear,Medium,highway,1,1,High
7,3,rain,Low,local,0,1,Low
21,2,clear,Medium,local,1,1,Moderate
13,3,clear,Medium,local,1,1,Low
15,5,cloudy,Medium,highway,0,1,Low
16,5,cloudy,Low,local,0,0,Low
13,3,rain,Low,local,0,1,Low
0,0,clear,Low,local,1,1,Moderate
22,1,rain,Heavy,local,1,1,High
11,4,clear,Medium,arterial,1,0,Low
15,2,rain,Low,arterial,0,1,Low
13,3,clear,Heavy,highway,0,1,Moderate
15,2,clear,Heavy,highway,0,0,Moderate
8,0,clear,Heavy,local,1,1,Moderate
20,3,clear,Medium,local,1,1,Moderate
5,3,clear,Medium,highway,0,0,Low
15,5,rain,Medium,arterial,0,0,Low
13,0,rain,Low,arterial,1,1,High
12,3,clear,Heavy,arterial,1,1,Low
0,5,rain,Medium,local,0,1,High
9,1,rain,Medium,local,0,1,Low
1,2,fog,Medium,arterial,0,0,High
12,0,clear,Medium,local,0,1,Low
16,4,clear,Heavy,highway,1,1,Moderate
12,5,fog,Low,local,0,1,Moderate
18,3,cloudy,Heavy,highway,0,1,Moderate
8,2,clear,Heavy,arterial,1,1,Moderate
7,5,clear,Medium,arterial,0,0,Low
10,3,clear,Medium,highway,0,1,Low
5,2,clear,Low,highway,0,1,Low
19,5,clear,Heavy,arterial,0,1,Low
19,1,cloudy,Low,arterial,1,1,Low
9,5,clear,Heavy,highway,1,1,Moderate
19,1,clear,Medium,arterial,0,1,Moderate
0,3,clear,Heavy,highway,1,1,High
3,1,clear,Medium,highway,1,0,High
6,4,clear,Medium,arterial,1,0,Moderate
9,3,clear,Low,highway,0,1,Low
5,1,rain,Heavy,local,1,1,Low
12,5,clear,Medium,highway,0,1,Low
19,6,clear,Medium,highway,0,0,Moderate
10,0,clear,Low,arterial,1,1,Low
10,3,cloudy,Medium,highway,1,1,Moderate
1,5,clear,Medium,highway,1,1,High
6,5,cloudy,Medium,local,0,1,Low
19,1,clear,Medium,highway,1,1,Moderate
19,0,clear,Medium,arterial,0,1,Low
2,3,clear,Heavy,arterial,0,0,High
0,4,cloudy,Low,arterial,1,1,High
19,2,cloudy,Heavy,highway,0,1,High
4,2,rain,Low,highway,1,1,High
13,3,clear,Medium,arterial,1,1,Low
19,3,clear,Medium,arterial,1,1,Moderate
18,3,cloudy,Heavy,arterial,0,1,Moderate
13,4,clear,Medium,highway,0,1,Low
9,6,cloudy,Medium,arterial,0,1,Low
18,5,clear,Heavy,highway,1,0,Moderate
16,0,clear,Heavy,arterial,0,1,Moderate
20,2,cloudy,Heavy,local,0,1,Moderate
12,0,clear,Low,arterial,0,1,Low
22,6,rain,Heavy,highway,0,1,High
18,4,cloudy,Heavy,arterial,0,1,Low
1,1,clear,Medium,arterial,1,0,High
7,5,clear,Medium,local,0,1,Low
19,3,clear,Low,highway,1,0,Moderate
2,0,clear,Low,highway,0,1,High
17,1,clear,Low,arterial,0,0,Low
8,5,clear,Low,arterial,1,1,Low
4,2,cloudy,Medium,local,1,0,High
12,3,clear,Heavy,arterial,1,1,Low
22,6,clear,Low,highway,0,1,High
21,2,clear,Low,local,0,1,Low
9,0,rain,Low,highway,1,1,Low
0,0,clear,Heavy,local,1,0,High
21,6,rain,Medium,arterial,1,1,Moderate
21,4,rain,Heavy,local,1,1,High
14,2,rain,Low,highway,1,0,Moderate
15,0,cloudy,Medium,arterial,1,0,Moderate
12,4,rain,Heavy,local,1,1,Moderate
0,0,clear,Heavy,highway,1,1,High
3,0,cloudy,Medium,arterial,1,1,Moderate
3,4,clear,Heavy,local,1,1,Moderate
21,4,clear,Low,arterial,1,1,Low
1,3,fog,Medium,highway,0,0,High
13,6,clear,Medium,highway,0,1,Low
8,1,clear,Heavy,highway,1,1,Low
0,3,clear,Medium,highway,0,1,Moderate
22,2,clear,Medium,arterial,1,1,Moderate
0,2,rain,Heavy,highway,0,0,High
20,1,rain,Low,arterial,1,0,High
18,5,clear,Low,highway,0,1,Low
19,4,clear,Low,local,1,1,Low
3,4,clear,Low,arterial,0,0,High
21,0,cloudy,Medium,local,0,1,Low
14,0,clear,Low,local,1,1,Low
9,5,cloudy,Low,local,1,0,Low
16,4,cloudy,Low,highway,1,0,Moderate
8,0,clear,Low,local,0,0,Low
6,4,clear,Medium,local,1,0,Moderate
6,6,clear,Medium,arterial,0,0,Moderate
13,5,cloudy,Low,local,0,0,Low
14,1,cloudy,Heavy,local,0,0,Low
5,2,fog,Low,local,1,1,Moderate
5,5,clear,Low,arterial,1,1,Low
22,2,fog,Low,arterial,0,0,High
12,5,clear,Low,arterial,1,0,Low
20,6,clear,Heavy,local,1,0,Moderate
7,2,clear,Heavy,local,1,1,Low
6,4,clear,Low,arterial,1,0,Moderate
6,3,clear,Heavy,arterial,1,0,Moderate
12,3,clear,Medium,local,0,0,Low
18,0,cloudy,Heavy,highway,0,1,Moderate
12,6,rain,Low,arterial,1,1,Moderate
7,3,cloudy,Low,arterial,0,1,Low
23,1,rain,Medium,arterial,1,1,High
13,4,cloudy,Medium,arterial,1,1,Moderate
9,2,fog,Heavy,arterial,1,0,Moderate
0,5,clear,Low,arterial,1,1,High
13,5,fog,Low,arterial,0,1,Moderate
14,2,clear,Medium,local,0,1,Low
22,4,clear,Medium,local,1,1,Moderate
5,0,cloudy,Medium,local,1,0,Moderate
3,6,clear,Medium,arterial,1,1,Moderate
23,3,clear,Medium,local,0,1,Moderate
13,4,clear,Low,local,0,1,Low
0,4,rain,Heavy,arterial,1,1,High
2,2,rain,Medium,highway,0,1,High
11,4,clear,Heavy,arterial,1,1,Moderate
14,2,clear,Medium,arterial,0,1,Low
5,4,cloudy,Heavy,local,0,0,Moderate
8,0,clear,Heavy,local,1,0,Low
17,1,clear,Medium,arterial,1,1,Low
23,6,clear,Heavy,arterial,1,0,High
11,5,cloudy,Low,local,1,1,Low
9,0,clear,Low,local,1,0,Low
8,1,clear,Heavy,highway,0,1,Low
3,3,clear,Low,arterial,0,1,Moderate
1,0,clear,Heavy,highway,1,1,High
20,2,clear,Low,local,0,0,Low
0,2,cloudy,Low,arterial,0,0,High
19,0,rain,Medium,highway,1,0,Moderate
5,2,clear,Heavy,arterial,0,0,Moderate
16,2,clear,Heavy,arterial,0,1,Low
22,0,clear,Heavy,arterial,1,0,High
17,4,fog,Heavy,highway,1,1,High
17,1,clear,Heavy,local,1,1,Low
6,0,rain,Low,highway,0,1,Moderate
14,0,rain,Heavy,local,1,1,Moderate
15,6,fog,Medium,local,1,0,Moderate
10,0,rain,Medium,arterial,1,0,Low
0,6,clear,Heavy,arterial,0,1,High
21,1,cloudy,Heavy,highway,1,1,Moderate
4,0,fog,Medium,highway,1,1,High
23,3,cloudy,Medium,local,0,1,Moderate
22,6,rain,Medium,local,1,1,High
0,0,rain,Low,arterial,1,1,High
17,2,cloudy,Medium,local,0,1,Low
15,5,cloudy,Medium,local,1,1,Low
5,0,cloudy,Medium,arterial,0,1,Moderate
19,1,clear,Low,arterial,0,1,Low
2,2,clear,Medium,local,0,1,Moderate
5,5,cloudy,Low,highway,1,1,Moderate
22,5,fog,Medium,local,1,0,High
17,4,rain,Heavy,highway,0,0,Moderate
2,4,clear,Low,arterial,1,0,Moderate
3,0,rain,Heavy,highway,1,1,High
6,1,clear,Heavy,arterial,1,1,Moderate
1,6,cloudy,Low,arterial,1,1,High
4,5,fog,Low,arterial,1,0,High
13,1,fog,Low,arterial,1,1,Moderate
0,4,cloudy,Heavy,arterial,0,1,Moderate
6,5,cloudy,Low,arterial,0,1,Low
7,5,clear,Medium,arterial,1,0,Low
23,6,cloudy,Heavy,local,0,1,High
23,3,clear,Low,local,1,1,Moderate
20,0,clear,Medium,arterial,1,1,Moderate
8,5,rain,Low,arterial,0,1,Moderate
12,0,clear,Heavy,highway,0,0,Moderate
12,4,cloudy,Heavy,highway,0,1,Moderate
20,5,clear,Heavy,arterial,0,1,Moderate
17,0,clear,Low,local,0,0,Low
21,5,clear,Medium,local,0,1,Low
13,5,clear,Medium,local,1,1,Low
22,4,clear,Heavy,arterial,0,1,Moderate
17,2,cloudy,Medium,local,1,1,Low
17,1,cloudy,Medium,local,0,1,Low
15,4,clear,Medium,highway,0,1,Low
8,1,rain,Heavy,arterial,1,1,Moderate
14,4,rain,Medium,local,0,1,Low
8,1,cloudy,Low,arterial,1,1,Low
15,2,cloudy,Heavy,arterial,1,1,Moderate
6,3,cloudy,Medium,local,0,1,Low
19,1,clear,Low,arterial,1,0,Moderate
13,5,clear,Medium,arterial,0,0,Low
17,4,clear,Low,arterial,0,1,Low
5,0,cloudy,Medium,arterial,0,1,Moderate
19,5,clear,Medium,arterial,1,0,Moderate
19,5,fog,Heavy,local,0,0,High
3,5,clear,Low,local,0,1,High
8,4,clear,Medium,local,0,0,Low
16,4,clear,Low,arterial,1,1,Moderate
20,2,rain,Low,arterial,0,1,Moderate
17,1,clear,Heavy,local,0,1,Moderate
11,1,cloudy,Heavy,highway,1,1,Moderate
7,2,cloudy,Heavy,arterial,1,1,Moderate
21,2,clear,Medium,arterial,1,1,Low
20,5,rain,Low,highway,0,0,High
21,3,rain,Medium,arterial,0,0,High
7,2,cloudy,Medium,arterial,0,1,Moderate
10,5,clear,Medium,local,1,1,Moderate
5,5,cloudy,Low,arterial,1,1,Moderate
22,6,cloudy,Heavy,arterial,0,1,High
20,2,rain,Heavy,local,1,1,High
4,1,clear,Heavy,highway,1,1,High
5,0,rain,Low,highway,1,1,High
13,1,rain,Low,arterial,1,1,Moderate
9,4,clear,Heavy,highway,0,0,Moderate
11,5,cloudy,Low,arterial,1,1,Low
8,4,clear,Medium,highway,0,1,Low
16,6,clear,Medium,highway,1,1,Moderate
21,4,cloudy,Low,highway,0,1,Moderate
22,6,clear,Low,highway,1,1,High
10,1,clear,Low,arterial,1,1,Moderate
19,2,cloudy,Low,highway,0,1,Moderate
16,5,fog,Medium,arterial,0,1,Moderate
4,4,clear,Heavy,local,0,1,Moderate
19,3,clear,Low,local,0,0,Low
8,6,clear,Medium,arterial,1,0,Low
15,5,clear,Low,arterial,1,1,Low
17,2,rain,Medium,arterial,0,0,Moderate
22,4,clear,Low,arterial,1,1,Moderate
22,2,cloudy,Low,highway,0,1,High
19,2,clear,Heavy,arterial,0,0,Moderate
12,5,fog,Heavy,local,0,1,Moderate
9,4,clear,Medium,arterial,1,1,Low
10,0,fog,Low,arterial,0,0,Moderate
22,4,cloudy,Heavy,highway,0,1,Moderate
4,4,fog,Medium,highway,1,1,High
12,3,clear,Medium,local,1,0,Low
16,2,rain,Heavy,arterial,0,1,Moderate
0,4,clear,Medium,local,1,0,Moderate
15,6,cloudy,Heavy,local,1,1,Moderate
6,0,cloudy,Heavy,arterial,1,1,Moderate
6,4,clear,Heavy,arterial,0,1,Low
14,6,clear,Low,arterial,1,1,Low
0,2,clear,Low,arterial,1,1,High
3,2,rain,Medium,highway,0,0,High
10,1,clear,Heavy,arterial,1,1,Low
14,1,clear,Low,arterial,0,1,Low
2,2,cloudy,Low,arterial,1,1,High
8,5,cloudy,Low,highway,0,1,Low
7,1,clear,Low,arterial,0,1,Low
12,1,clear,Heavy,highway,0,0,Low
7,6,cloudy,Heavy,local,0,0,Low
0,6,rain,Low,arterial,1,1,High
12,1,clear,Low,local,1,1,Low
20,2,clear,Heavy,highway,1,0,Moderate
14,2,cloudy,Medium,arterial,1,0,Moderate
8,2,clear,Medium,highway,0,1,Low
11,1,rain,Medium,arterial,0,1,Moderate
3,0,rain,Medium,arterial,0,1,High
5,4,rain,Low,arterial,0,1,Moderate
10,0,clear,Medium,highway,0,1,Low
14,4,clear,Heavy,local,1,0,Moderate
11,0,cloudy,Heavy,arterial,1,0,Moderate
23,1,clear,Heavy,local,0,1,Moderate
15,0,clear,Medium,arterial,0,1,Low
0,2,clear,Heavy,local,1,1,Moderate
12,2,clear,Medium,local,1,1,Low
13,2,clear,Medium,local,0,1,Low
1,2,clear,Low,local,0,0,High
9,6,clear,Heavy,arterial,1,1,Low
20,3,cloudy,Heavy,highway,1,0,Moderate
8,5,clear,Medium,arterial,1,1,Low
10,1,cloudy,Low,local,0,0,Low
5,3,cloudy,Medium,arterial,1,1,Low
1,0,cloudy,Medium,arterial,0,1,High
7,1,rain,Low,arterial,0,1,Moderate
18,0,fog,Medium,arterial,0,1,Low
23,0,clear,Low,arterial,1,1,Moderate
15,1,clear,Heavy,local,1,1,Low
19,1,rain,Medium,arterial,0,0,Moderate
15,2,rain,Medium,arterial,1,0,Moderate
15,5,clear,Heavy,local,0,1,Low
10,1,fog,Medium,highway,0,0,Moderate
1,4,rain,Medium,arterial,1,1,High
9,2,rain,Low,arterial,0,0,Low
20,2,clear,Heavy,arterial,1,1,Moderate
12,6,clear,Medium,local,0,1,Low
18,3,clear,Medium,highway,1,1,Low
1,1,clear,Medium,local,0,1,Moderate
4,1,clear,Medium,arterial,0,1,Moderate
7,1,clear,Medium,local,1,1,Low
8,5,rain,Medium,arterial,0,1,Moderate
23,4,clear,Medium,highway,0,0,High
11,1,cloudy,Medium,arterial,1,1,Low
15,3,clear,Heavy,local,0,1,Low
15,3,fog,Medium,highway,0,1,High
10,0,fog,Heavy,local,0,1,Moderate
23,6,cloudy,Medium,arterial,0,1,Moderate
5,5,clear,Heavy,local,1,1,Low
0,3,clear,Medium,local,0,1,Moderate
17,5,cloudy,Low,highway,1,0,Moderate
15,0,rain,Medium,arterial,0,1,Low
6,6,fog,Medium,arterial,0,1,Moderate
20,4,clear,Low,local,1,0,Moderate
3,6,clear,Heavy,arterial,1,0,High
6,6,clear,Medium,local,0,1,Low
3,4,clear,Medium,highway,1,1,High
4,2,cloudy,Low,arterial,1,1,High
17,4,clear,Medium,arterial,0,1,Low
16,3,rain,Medium,arterial,1,0,Low
15,2,clear,Medium,highway,1,1,Moderate
20,4,clear,Medium,arterial,0,1,Low
1,6,clear,Low,highway,0,0,High
14,1,rain,Low,arterial,1,1,Moderate
2,3,rain,Medium,arterial,0,1,High
22,5,rain,Low,local,1,1,High
15,2,clear,Low,highway,1,1,Moderate
18,2,clear,Heavy,arterial,0,1,Low
13,0,cloudy,Low,local,1,1,Moderate
9,2,fog,Medium,local,1,1,Moderate
16,4,clear,Medium,highway,0,0,Low
20,6,clear,Low,local,0,0,Low
4,3,clear,Low,arterial,1,1,High
20,2,cloudy,Low,arterial,1,1,Moderate
17,5,clear,Low,arterial,0,1,Low
2,1,clear,Medium,highway,1,0,High
22,1,clear,Heavy,local,0,1,Moderate
4,3,cloudy,Medium,local,0,0,Moderate
14,5,clear,Medium,arterial,1,1,Low
3,1,clear,Low,local,0,1,Moderate
4,0,cloudy,Heavy,highway,0,1,High
15,5,clear,Low,highway,1,0,Moderate
16,4,clear,Low,highway,0,1,Low
16,4,clear,Medium,arterial,0,1,Low
8,2,clear,Heavy,arterial,0,0,Moderate
19,0,clear,Medium,arterial,0,0,Low
1,2,clear,Low,local,1,1,Moderate
20,3,clear,Low,highway,0,1,Low
7,3,cloudy,Heavy,local,0,1,Low
14,6,rain,Heavy,arterial,1,1,Moderate
21,1,clear,Low,arterial,1,1,Low
6,2,cloudy,Low,arterial,1,1,Moderate
9,1,clear,Low,local,0,1,Low
19,3,rain,Low,highway,1,1,High
20,5,clear,Low,arterial,1,0,Moderate
5,6,clear,Medium,local,1,1,Low
12,1,clear,Low,arterial,1,1,Low
7,3,clear,Heavy,arterial,0,1,Low
12,5,clear,Medium,arterial,1,1,Moderate
9,0,clear,Medium,highway,0,0,Low
0,4,cloudy,Heavy,arterial,1,1,High
22,0,clear,Low,arterial,1,1,High
15,0,clear,Low,arterial,0,1,Low
11,0,rain,Medium,highway,1,1,Moderate
2,6,clear,Medium,arterial,1,1,Moderate
1,4,clear,Medium,local,0,1,Low
11,5,clear,Medium,local,0,1,Low
15,4,clear,Low,highway,1,0,Low
6,5,rain,Medium,arterial,0,0,Moderate
17,3,clear,Heavy,local,1,0,Low
9,5,clear,Medium,local,1,1,Low
0,0,rain,Medium,local,0,0,High
12,4,rain,Heavy,highway,1,1,High
4,5,cloudy,Medium,local,0,0,Moderate
0,6,clear,Low,arterial,1,1,High
3,2,clear,Medium,highway,1,0,High
6,1,fog,Medium,arterial,0,1,Moderate
12,5,clear,Heavy,arterial,0,1,Low
23,0,fog,Heavy,local,1,0,High
5,5,cloudy,Heavy,local,1,0,Low
1,4,rain,Medium,local,0,1,Moderate
4,4,clear,Low,local,1,0,High
7,2,rain,Medium,highway,0,1,Moderate
4,0,rain,Low,local,1,1,High
7,4,rain,Heavy,arterial,1,0,High
23,2,fog,Low,arterial,0,1,High
9,2,rain,Medium,arterial,1,0,Moderate
15,1,cloudy,Medium,local,1,1,Moderate
16,2,cloudy,Heavy,highway,0,0,Low
3,5,rain,Medium,local,1,1,High
5,6,cloudy,Low,arterial,1,1,Moderate
9,2,cloudy,Medium,highway,0,0,Moderate
11,0,cloudy,Medium,local,1,1,Low
0,0,rain,Medium,local,1,0,High
15,1,clear,Low,local,0,0,Low
7,0,cloudy,Medium,arterial,1,1,Low
7,4,cloudy,Medium,highway,0,0,Low
14,4,rain,Low,arterial,0,1,Moderate
22,5,clear,Medium,arterial,0,1,High
20,2,clear,Heavy,arterial,1,0,Moderate
23,5,clear,Low,arterial,0,1,Moderate
9,1,cloudy,Low,arterial,0,1,Low
2,1,rain,Low,local,0,0,High
5,6,cloudy,Medium,highway,1,1,High
8,6,cloudy,Heavy,highway,0,1,Low
7,4,clear,Medium,arterial,0,0,Low
4,4,cloudy,Medium,arterial,0,1,Low
3,4,rain,Heavy,arterial,0,0,High
4,5,cloudy,Low,local,0,1,High
15,1,clear,Heavy,highway,0,1,Low
11,0,clear,Heavy,local,1,0,Low
0,1,cloudy,Low,highway,1,1,High
13,2,clear,Low,arterial,0,1,Low
20,1,cloudy,Heavy,arterial,0,1,Moderate
10,3,rain,Medium,highway,1,1,Moderate
7,0,rain,Medium,arterial,0,1,Moderate
6,4,clear,Low,arterial,1,1,Moderate
9,4,clear,Heavy,highway,0,0,Low
6,0,cloudy,Medium,arterial,1,1,Low
22,2,rain,Medium,arterial,1,1,High
23,3,clear,Low,arterial,0,1,Moderate
8,0,clear,Low,arterial,1,1,Low
22,4,cloudy,Heavy,local,1,1,Moderate
20,5,clear,Medium,local,0,1,Moderate
1,2,clear,Heavy,local,1,1,Moderate
11,0,fog,Low,local,1,1,Moderate
15,3,clear,Low,arterial,0,1,Low
10,6,clear,Heavy,arterial,1,0,Moderate
10,2,clear,Medium,arterial,1,1,Low
11,5,clear,Medium,local,1,1,Low
16,6,clear,Low,local,1,1,Low
7,1,clear,Medium,local,0,1,Low
14,4,clear,Heavy,highway,1,0,Moderate
5,0,cloudy,Low,highway,0,1,Low
21,3,clear,Low,arterial,0,1,Low
2,6,cloudy,Low,arterial,0,0,High
1,6,fog,Heavy,arterial,1,0,High
0,1,fog,Heavy,local,0,0,High
8,4,clear,Low,local,1,1,Low
14,0,clear,Heavy,arterial,1,1,Low
23,1,cloudy,Medium,local,0,1,Moderate
10,5,clear,Heavy,arterial,1,0,Moderate
4,4,rain,Medium,highway,0,1,Moderate
8,2,cloudy,Low,local,0,1,Low
3,6,clear,Heavy,local,0,1,High
11,5,clear,Heavy,local,0,1,Low
17,0,rain,Medium,highway,1,1,High
0,0,cloudy,Medium,arterial,0,0,High
18,4,cloudy,Heavy,local,1,0,Low
5,6,cloudy,Low,highway,0,1,Low
16,1,clear,Heavy,local,0,1,Low
19,3,clear,Heavy,highway,1,1,High
18,5,cloudy,Low,highway,0,1,Low
16,6,clear,Low,arterial,0,0,Moderate
16,4,cloudy,Low,arterial,1,1,Low
4,6,clear,Heavy,arterial,1,0,High
3,6,rain,Heavy,arterial,0,0,High
9,5,cloudy,Medium,local,0,1,Low
14,4,clear,Heavy,local,1,1,Low
14,6,rain,Heavy,local,1,1,High
18,0,cloudy,Heavy,arterial,0,1,Low
7,0,cloudy,Medium,arterial,0,1,Low
20,3,clear,Heavy,arterial,0,1,Moderate
10,4,clear,Low,local,1,1,Low
5,6,cloudy,Low,local,0,1,Low
17,4,clear,Medium,highway,1,1,Low
3,1,cloudy,Low,local,1,1,High
9,6,clear,Low,highway,0,0,Low
18,0,rain,Low,arterial,0,1,Low
18,0,fog,Medium,local,0,0,Low
6,5,clear,Medium,local,0,1,Low
3,6,clear,Heavy,highway,1,1,High
0,3,clear,Medium,arterial,0,0,Moderate
2,0,rain,Medium,highway,1,1,High
19,0,clear,Heavy,local,1,0,Low
18,6,rain,Heavy,highway,0,1,Moderate
12,1,rain,Low,highway,1,1,Moderate
13,4,clear,Heavy,highway,1,1,Moderate
7,2,rain,Heavy,local,0,1,Low
4,1,clear,Heavy,highway,1,1,High
0,4,clear,Low,arterial,1,1,Moderate
16,5,rain,Heavy,highway,1,1,Moderate
0,3,clear,Heavy,arterial,1,0,High
2,3,clear,Low,highway,0,1,High
19,3,cloudy,Medium,highway,1,1,High
13,4,cloudy,Low,local,0,1,Low
11,5,cloudy,Low,highway,1,1,Low
5,4,clear,Low,highway,1,1,Low
3,1,cloudy,Low,local,1,0,High
11,1,clear,Low,highway,1,0,Moderate
8,4,clear,Heavy,highway,0,1,Moderate
12,4,clear,Low,highway,0,1,Low
3,2,cloudy,Low,arterial,1,1,High
5,5,rain,Heavy,arterial,0,1,High
2,2,clear,Medium,local,0,1,Moderate
10,2,clear,Medium,highway,1,1,Moderate
6,3,rain,Heavy,local,1,1,High
5,1,clear,Medium,highway,1,1,Low
13,4,clear,Medium,highway,0,1,Low
11,6,cloudy,Medium,highway,1,0,Moderate
5,6,clear,Medium,local,1,1,Low
16,3,clear,Heavy,arterial,0,0,Low
8,1,rain,Medium,highway,0,1,Moderate
8,3,clear,Low,arterial,1,1,Low
11,0,rain,Medium,highway,0,1,Moderate
3,4,rain,Medium,arterial,0,1,Moderate
10,3,clear,Low,arterial,1,1,Low
13,0,rain,Heavy,highway,0,1,High
3,3,cloudy,Heavy,local,1,0,High
13,5,fog,Low,highway,1,0,Moderate
0,1,cloudy,Medium,highway,1,1,High
14,2,clear,Low,arterial,0,1,Low
0,6,cloudy,Medium,local,1,0,High
4,4,cloudy,Low,arterial,1,1,Moderate
8,5,cloudy,Heavy,local,1,1,Moderate
14,3,clear,Low,highway,1,1,Low
17,3,rain,Heavy,arterial,0,1,Moderate
11,3,clear,Low,arterial,1,1,Low
3,3,fog,Heavy,local,1,1,High
9,1,clear,Low,highway,0,1,Low
18,0,clear,Heavy,arterial,1,0,Moderate
2,5,clear,Heavy,local,0,1,Moderate
17,3,rain,Heavy,highway,0,1,Moderate
9,3,rain,Heavy,highway,1,0,Moderate
0,4,clear,Medium,arterial,1,1,Moderate
16,2,rain,Medium,arterial,0,1,Moderate
0,6,clear,Heavy,arterial,0,1,High
8,3,clear,Heavy,local,0,1,Low
4,3,clear,Medium,highway,0,1,Moderate
14,3,clear,Medium,local,0,1,Low
1,1,clear,Low,local,0,1,Moderate
2,1,clear,Medium,arterial,1,1,Moderate
12,1,clear,Medium,local,0,1,Low
23,1,clear,Heavy,arterial,1,1,High
0,1,clear,Low,arterial,1,1,High
11,1,cloudy,Low,arterial,1,1,Low
19,6,clear,Low,highway,0,1,Low
6,2,clear,Low,local,1,1,Low
11,5,clear,Heavy,highway,0,1,Low
20,2,cloudy,Low,arterial,1,1,Moderate
17,5,rain,Heavy,arterial,1,1,Moderate
7,5,clear,Low,arterial,0,1,Low
18,5,cloudy,Heavy,arterial,0,1,Moderate
16,2,fog,Low,arterial,1,1,Moderate
12,0,rain,Medium,local,1,1,Moderate
10,2,clear,Heavy,arterial,1,1,Moderate
22,4,rain,Low,local,1,1,High
20,4,clear,Medium,highway,0,0,Moderate
23,4,clear,Heavy,local,1,1,High
16,6,cloudy,Low,arterial,0,1,Low
8,1,clear,Medium,arterial,1,1,Low
2,3,rain,Medium,local,1,0,High
3,3,clear,Heavy,local,1,1,Moderate
22,1,clear,Medium,arterial,1,1,Moderate
8,4,clear,Medium,arterial,0,0,Low
2,0,cloudy,Heavy,highway,1,0,High
5,6,clear,Heavy,arterial,1,1,Low
0,0,clear,Low,arterial,1,1,High
12,0,rain,Low,arterial,1,0,Moderate
14,1,clear,Medium,arterial,1,0,Low
9,6,clear,Medium,local,0,1,Low
17,6,cloudy,Low,arterial,1,1,Moderate
11,6,clear,Medium,arterial,1,1,Low
23,5,clear,Heavy,highway,0,1,High
18,6,clear,Heavy,local,0,1,Low
1,3,clear,Low,highway,0,0,High
6,0,clear,Medium,arterial,0,1,Moderate
18,3,rain,Medium,local,1,1,Low
12,1,clear,Low,arterial,0,0,Low
18,1,clear,Low,arterial,1,0,Low
8,4,clear,Heavy,local,0,0,Low
0,1,fog,Heavy,local,0,1,High
18,2,rain,Heavy,highway,0,1,Moderate
18,2,clear,Heavy,arterial,1,1,Low
15,0,cloudy,Medium,arterial,0,1,Low
9,4,clear,Heavy,highway,1,1,Moderate
0,5,clear,Medium,arterial,1,0,High
17,3,clear,Low,local,1,1,Low
15,0,cloudy,Low,local,1,1,Low
16,5,clear,Medium,local,1,1,Low
4,3,clear,Low,highway,0,1,Moderate
17,1,cloudy,Heavy,arterial,1,1,Moderate
17,6,rain,Medium,local,1,1,Moderate
20,6,rain,Heavy,arterial,1,1,Moderate
13,3,cloudy,Medium,local,1,1,Low
17,3,cloudy,Medium,arterial,0,0,Low
9,6,clear,Low,arterial,0,0,Low
16,1,clear,Low,arterial,1,1,Low
16,2,cloudy,Medium,local,0,1,Low
18,3,clear,Low,arterial,0,0,Low
20,2,rain,Heavy,arterial,0,1,High
0,2,clear,Low,local,1,1,Moderate
18,0,clear,Heavy,arterial,0,0,Low
19,1,clear,Medium,arterial,0,1,Low
13,2,rain,Medium,local,0,0,Low
12,5,clear,Heavy,arterial,0,1,Low
17,2,cloudy,Heavy,arterial,1,0,Moderate
10,1,clear,Low,highway,1,1,Low
9,5,cloudy,Low,local,0,0,Low
19,2,cloudy,Low,local,1,1,Low
18,6,fog,Medium,local,0,1,Moderate
4,0,clear,Medium,local,0,1,Moderate
19,0,clear,Heavy,local,0,1,Moderate
7,6,clear,Low,highway,0,1,Low
3,0,clear,Low,arterial,0,0,Moderate
21,0,rain,Low,highway,1,1,Moderate
5,4,clear,Heavy,arterial,0,0,Moderate
4,2,fog,Heavy,local,1,0,High
6,3,clear,Medium,arterial,0,1,Low
11,2,rain,Medium,arterial,1,1,Moderate
3,2,cloudy,Heavy,arterial,1,1,High
3,3,rain,Medium,arterial,1,1,High
9,1,clear,Heavy,local,0,1,Low
5,1,cloudy,Heavy,arterial,0,1,Moderate
4,1,clear,Heavy,local,0,0,Moderate
21,0,clear,Medium,arterial,1,0,High
14,3,rain,Low,arterial,1,1,Moderate
0,3,clear,Low,highway,0,1,High
2,0,rain,Heavy,highway,1,1,High
19,3,clear,Low,local,1,0,Moderate
6,5,clear,Low,local,1,0,Moderate
3,0,cloudy,Heavy,highway,1,0,High
15,2,clear,Low,arterial,0,1,Low
20,6,cloudy,Heavy,arterial,1,0,High
9,2,rain,Medium,local,1,0,Low
17,0,clear,Low,highway,0,0,Moderate
10,3,clear,Low,highway,0,1,Low
2,2,clear,Low,arterial,1,0,High
19,1,clear,Low,highway,0,0,Moderate
22,0,cloudy,Low,highway,0,1,High
23,6,rain,Heavy,local,1,0,High
2,5,clear,Heavy,local,0,1,High
13,4,clear,Low,local,1,1,Low
14,0,clear,Medium,local,1,1,Low
1,6,clear,Medium,arterial,0,0,High
22,3,clear,Medium,arterial,1,0,High
2,3,rain,Heavy,local,1,1,High
6,6,clear,Low,local,0,1,Moderate
23,3,rain,Heavy,arterial,1,1,High
13,1,clear,Low,local,1,1,Low
16,1,rain,Medium,highway,0,0,Moderate
11,6,rain,Heavy,highway,1,0,High
18,3,rain,Medium,arterial,1,1,Low
1,4,clear,Heavy,arterial,0,1,High
16,4,clear,Low,highway,0,1,Low
1,1,clear,Medium,local,0,1,Moderate
4,2,clear,Low,arterial,1,1,Moderate
12,6,cloudy,Medium,arterial,0,0,Low
10,1,fog,Low,local,0,1,Moderate
3,6,cloudy,Medium,local,0,1,Moderate
19,1,clear,Medium,local,0,1,Low
7,2,clear,Low,arterial,1,0,Low
20,0,cloudy,Heavy,arterial,0,1,Moderate
0,4,clear,Low,arterial,0,1,Moderate
5,2,clear,Medium,local,1,0,Low
7,3,clear,Heavy,arterial,1,0,Moderate
14,4,rain,Medium,highway,0,1,Low
9,4,clear,Medium,arterial,1,1,Low
3,6,fog,Heavy,highway,0,1,High
13,3,clear,Medium,arterial,1,1,Low
22,1,cloudy,Heavy,arterial,0,1,Moderate
3,4,rain,Low,arterial,0,1,High
6,0,rain,Medium,local,0,0,Moderate
11,5,clear,Heavy,arterial,0,1,Low
17,2,clear,Medium,arterial,0,1,Low
3,5,clear,Low,local,0,1,High
5,1,clear,Low,arterial,1,1,Low
5,2,clear,Heavy,highway,0,1,Moderate
14,4,cloudy,Heavy,arterial,1,1,Moderate
1,4,clear,Medium,local,1,0,High
15,0,fog,Heavy,local,0,0,Low
10,0,rain,Medium,highway,0,0,Moderate
7,6,cloudy,Heavy,arterial,1,0,Low
20,3,cloudy,Low,arterial,0,0,Moderate
19,5,clear,Heavy,local,0,0,Moderate
19,0,clear,Heavy,local,0,1,Low
21,3,clear,Heavy,arterial,0,1,Moderate
5,4,rain,Heavy,local,0,0,Moderate
20,6,clear,Heavy,highway,1,0,High
4,4,clear,Low,local,0,1,Moderate
7,4,rain,Heavy,highway,1,0,High
13,2,clear,Low,highway,0,1,Low
17,6,rain,Heavy,arterial,1,1,Moderate
13,2,fog,Medium,local,1,1,Moderate
13,1,clear,Low,highway,0,1,Moderate
9,5,cloudy,Low,arterial,1,1,Low
14,6,clear,Low,arterial,0,1,Low
11,5,clear,Heavy,arterial,1,1,Moderate
11,1,rain,Heavy,highway,1,0,High
14,5,clear,Medium,arterial,0,1,Low
14,2,fog,Medium,highway,1,0,High
7,1,fog,Low,arterial,0,1,Low
3,6,cloudy,Medium,local,0,1,High
7,6,clear,Medium,arterial,1,1,Low
9,2,clear,Medium,local,0,1,Low
3,0,clear,Low,highway,0,1,High
4,1,clear,Heavy,local,1,0,High
22,3,clear,Heavy,highway,0,1,Moderate
6,0,clear,Heavy,local,0,1,Low
17,1,cloudy,Low,local,1,0,Low
3,1,clear,Heavy,local,1,1,High
23,6,clear,Low,highway,1,1,High
5,2,cloudy,Low,arterial,0,1,Low
9,2,clear,Low,highway,1,1,Low
18,2,clear,Medium,arterial,0,1,Low
4,0,clear,Heavy,highway,0,1,Moderate
13,3,clear,Heavy,highway,0,1,Moderate
18,6,clear,Medium,highway,1,0,Low
0,5,clear,Medium,local,1,0,High
0,1,clear,Low,highway,0,1,High
18,0,clear,Heavy,local,1,1,Moderate
6,5,clear,Low,arterial,0,1,Low
21,5,cloudy,Low,arterial,1,1,Moderate
22,6,cloudy,Heavy,arterial,0,1,High
21,4,clear,Low,arterial,0,0,Low
23,3,fog,Low,highway,0,1,High
19,5,rain,Heavy,arterial,0,0,Moderate
9,4,cloudy,Low,highway,1,1,Low
23,5,clear,Low,arterial,1,1,High
8,1,clear,Medium,arterial,0,1,Low
14,6,clear,Low,highway,1,0,Low
0,0,clear,Heavy,arterial,1,0,High
23,0,fog,Heavy,local,1,1,High
14,4,fog,Medium,highway,1,1,High
22,4,clear,Low,arterial,1,0,High
8,3,fog,Low,local,1,1,Moderate
7,6,rain,Heavy,local,0,1,Moderate
12,6,cloudy,Low,arterial,0,1,Low
20,5,rain,Low,highway,0,0,Moderate
13,1,clear,Low,highway,1,1,Moderate
19,0,clear,Heavy,arterial,0,1,Low
5,0,rain,Heavy,local,1,1,High
18,4,clear,Low,highway,1,1,Low
17,4,cloudy,Low,arterial,0,1,Low
21,5,rain,Heavy,local,1,1,High
1,0,rain,Low,highway,0,1,Moderate
9,1,clear,Medium,highway,0,0,Low
2,2,cloudy,Medium,highway,1,1,High
9,4,clear,Medium,arterial,1,1,Moderate
18,0,rain,Low,arterial,1,1,Moderate
15,5,clear,Heavy,arterial,0,1,Low
18,0,cloudy,Low,local,1,0,Low
17,3,rain,Medium,arterial,0,1,Low
23,6,clear,Medium,arterial,0,1,Moderate
21,1,clear,Heavy,local,0,1,Low
14,4,clear,Medium,local,0,0,Low
21,3,cloudy,Medium,arterial,0,0,Low
1,5,cloudy,Low,local,1,0,High
17,4,rain,Medium,highway,0,1,Moderate
12,5,clear,Medium,highway,1,1,Moderate
22,2,clear,Medium,local,1,1,Moderate
12,1,clear,Medium,local,0,1,Low
4,4,clear,Heavy,arterial,1,0,High
17,6,rain,Low,local,0,1,Low
22,3,clear,Heavy,arterial,1,1,High
0,5,clear,Medium,highway,1,1,High
1,6,cloudy,Low,local,0,1,Moderate
15,4,clear,Medium,arterial,0,0,Low
13,5,cloudy,Heavy,highway,1,0,Moderate
13,3,clear,Heavy,arterial,1,0,Low
2,5,clear,Medium,arterial,0,0,High
13,2,clear,Medium,arterial,0,1,Low
13,3,clear,Medium,highway,1,1,Moderate
20,0,cloudy,Medium,local,0,1,Low
9,1,cloudy,Low,local,1,0,Moderate
8,4,clear,Heavy,local,1,0,Low
1,5,cloudy,Low,local,0,0,Moderate
13,0,clear,Medium,local,1,1,Low
15,0,rain,Medium,local,0,0,Moderate
6,0,clear,Heavy,arterial,1,1,Moderate
17,3,cloudy,Medium,arterial,0,0,Low
22,2,cloudy,Low,arterial,0,0,High
4,0,cloudy,Low,arterial,0,1,High
13,5,clear,Medium,highway,0,1,Low
16,3,clear,Medium,local,1,1,Low
0,0,clear,Medium,arterial,1,0,High
4,4,rain,Heavy,highway,1,0,High
9,6,cloudy,Medium,local,1,1,Low
3,2,cloudy,Heavy,local,0,1,Moderate
8,6,clear,Low,arterial,0,0,Low
3,2,clear,Heavy,local,1,1,High
21,0,clear,Low,local,0,0,Low
14,0,cloudy,Heavy,highway,1,1,Moderate
7,0,clear,Low,local,0,1,Low
18,2,rain,Medium,highway,0,1,Moderate
0,2,clear,Medium,local,0,1,Moderate
14,3,cloudy,Medium,arterial,1,1,Low
16,3,clear,Heavy,arterial,1,0,Low
19,6,rain,Medium,local,0,1,Moderate
5,0,rain,Low,highway,1,0,High
14,6,clear,Medium,local,0,1,Low
18,1,clear,Low,highway,0,1,Low
19,6,fog,Low,highway,1,1,High
4,0,cloudy,Low,highway,1,1,High
23,0,clear,Medium,local,0,1,Moderate
6,0,rain,Heavy,arterial,1,0,High
9,2,clear,Low,arterial,1,1,Moderate
4,6,clear,Heavy,local,0,0,High
3,3,rain,Heavy,arterial,1,1,High
6,1,fog,Medium,local,1,0,High
3,4,clear,Medium,highway,0,0,High
17,3,clear,Heavy,highway,1,0,Moderate
14,4,clear,Medium,local,0,1,Low
9,5,rain,Heavy,local,0,0,Moderate
13,5,rain,Medium,local,0,1,Low
14,1,rain,Low,arterial,1,1,Moderate
4,3,clear,Heavy,local,0,1,Moderate
7,4,clear,Low,highway,0,1,Low
21,3,cloudy,Low,arterial,0,1,Moderate
0,6,clear,Low,local,1,0,High
22,6,clear,Medium,arterial,1,1,Moderate
23,5,clear,Low,local,1,1,High
6,1,cloudy,Low,arterial,0,1,Low
7,3,cloudy,Low,local,1,1,Low
4,5,rain,Medium,highway,0,1,High
13,1,clear,Low,arterial,1,1,Low
5,4,rain,Heavy,local,1,1,Moderate
18,1,clear,Heavy,arterial,1,1,Low
9,0,clear,Heavy,arterial,0,1,Low
23,1,cloudy,Low,local,1,1,Moderate
20,6,rain,Medium,highway,1,1,High
9,6,clear,Low,highway,1,1,Low
14,5,rain,Heavy,arterial,1,1,High
0,1,cloudy,Low,local,0,1,Moderate
1,5,cloudy,Low,local,0,1,High
12,1,rain,Low,local,1,0,Moderate
11,0,cloudy,Heavy,local,1,1,Low
9,1,cloudy,Low,highway,0,0,Moderate
2,0,clear,Low,arterial,1,1,High
20,4,clear,Low,local,1,1,Moderate
9,4,rain,Heavy,arterial,0,1,Moderate
11,0,fog,Medium,local,1,1,Moderate
9,0,rain,Heavy,local,1,0,High
11,3,rain,Heavy,local,0,1,Low
15,0,cloudy,Heavy,highway,0,0,Moderate
18,5,rain,Low,highway,0,1,Moderate
13,2,clear,Heavy,highway,0,1,Moderate
3,2,clear,Medium,arterial,1,0,High
20,0,cloudy,Medium,local,1,0,Moderate
6,4,clear,Medium,arterial,0,0,Low
0,5,cloudy,Heavy,arterial,1,1,High
0,5,fog,Heavy,local,1,1,High
18,3,rain,Heavy,arterial,1,0,Moderate
9,1,rain,Medium,local,0,0,Low
0,0,rain,Low,highway,1,1,High
19,2,rain,Heavy,arterial,0,0,High
7,3,cloudy,Low,local,1,1,Low
23,0,clear,Medium,local,0,0,Moderate
21,0,rain,Low,highway,0,1,High
1,1,clear,Medium,highway,0,1,High
16,0,cloudy,Medium,local,1,1,Low
14,0,clear,Heavy,local,0,1,Low
4,3,clear,Heavy,local,1,1,Moderate
8,5,clear,Heavy,highway,0,1,Low
11,3,cloudy,Medium,local,0,0,Low
3,0,rain,Low,arterial,0,0,High
17,2,clear,Medium,arterial,0,1,Low
6,0,clear,Medium,arterial,0,1,Low
22,4,rain,Medium,local,0,1,High
19,1,clear,Heavy,arterial,0,0,Moderate
15,2,cloudy,Medium,highway,1,0,Low
2,6,rain,Low,arterial,0,1,High
0,4,cloudy,Medium,arterial,1,0,High
3,5,clear,Low,local,0,1,Moderate
11,2,cloudy,Low,arterial,1,1,Low
18,6,fog,Heavy,arterial,1,1,Moderate
3,5,clear,Low,local,0,1,High
16,3,cloudy,Medium,arterial,1,1,Moderate
1,4,clear,Heavy,highway,1,0,High
6,4,fog,Low,local,1,0,Moderate
14,1,clear,Medium,local,0,1,Low
19,1,clear,Medium,local,1,1,Moderate
18,4,clear,Medium,highway,1,1,Moderate
12,3,fog,Heavy,arterial,0,0,Moderate
0,5,cloudy,Heavy,highway,0,1,High
7,3,clear,Low,local,1,1,Low
18,0,clear,Medium,highway,0,1,Low
1,4,rain,Low,arterial,1,0,High
16,4,clear,Low,arterial,0,1,Low
16,2,cloudy,Medium,arterial,0,1,Low
18,5,cloudy,Low,highway,0,1,Low
5,2,rain,Medium,arterial,1,1,Moderate
5,0,cloudy,Medium,arterial,0,1,Low
4,0,rain,Medium,highway,1,0,High
9,6,clear,Heavy,local,0,0,Low
12,2,clear,Heavy,local,0,1,Low
2,2,clear,Heavy,local,0,0,High
13,2,clear,Medium,local,0,0,Low
5,5,cloudy,Low,local,1,1,Moderate
13,4,cloudy,Low,local,0,1,Low
7,6,rain,Low,local,0,0,Moderate
22,6,rain,Heavy,arterial,1,1,High
7,6,clear,Medium,highway,1,1,Low
20,2,cloudy,Medium,local,0,1,Low
4,4,cloudy,Medium,arterial,0,1,Moderate
2,2,fog,Medium,local,1,1,High
4,4,clear,Heavy,local,0,1,Moderate
10,5,cloudy,Low,arterial,0,0,Low
21,1,clear,Heavy,local,1,1,Moderate
4,6,clear,Medium,highway,0,1,Moderate
18,2,cloudy,Low,arterial,1,1,Low
16,6,clear,Medium,arterial,1,1,Low
8,5,clear,Medium,local,0,1,Moderate
8,0,rain,Low,local,1,0,Moderate
22,2,clear,Low,arterial,0,1,High
17,2,clear,Medium,arterial,1,1,Moderate
5,5,cloudy,Heavy,arterial,0,1,Low
21,5,cloudy,Medium,local,0,0,Low
9,0,cloudy,Medium,local,0,1,Low
1,5,fog,Medium,arterial,0,1,High
19,1,clear,Heavy,highway,0,1,Moderate
20,2,clear,Heavy,highway,0,1,Moderate
10,1,clear,Low,local,1,1,Low
16,1,clear,Low,local,1,1,Moderate
5,3,clear,Medium,highway,0,1,Low
20,0,rain,Low,local,1,1,Moderate
8,0,clear,Heavy,arterial,0,1,Moderate
6,5,clear,Low,arterial,0,1,Low
12,2,rain,Low,arterial,0,1,Moderate
6,4,rain,Heavy,local,1,0,Moderate
14,6,cloudy,Low,arterial,1,0,Low
17,0,clear,Low,local,1,1,Low
9,5,clear,Heavy,local,1,1,Moderate
18,0,cloudy,Low,highway,1,0,Moderate
10,5,clear,Medium,local,0,1,Low
23,2,clear,Medium,arterial,0,1,Low
6,0,rain,Low,arterial,1,1,High
16,1,clear,Low,highway,0,1,Low
12,2,clear,Low,arterial,0,1,Low
22,5,clear,Medium,local,0,1,Moderate
5,4,rain,Heavy,highway,0,0,Moderate
4,5,clear,Heavy,arterial,1,1,High
20,0,clear,Heavy,arterial,0,1,Moderate
21,6,rain,Medium,highway,1,1,High
17,3,clear,Heavy,local,0,1,Low
11,0,cloudy,Medium,local,0,1,Low
9,6,clear,Heavy,local,1,1,Low
15,5,cloudy,Medium,arterial,0,1,Low
17,0,clear,Medium,highway,1,1,Moderate
6,3,clear,Low,local,0,0,Low
0,6,clear,Heavy,highway,1,1,High
1,4,rain,Medium,local,1,0,High
8,1,clear,Heavy,highway,0,0,Low
16,4,rain,Heavy,local,0,1,Moderate
10,1,cloudy,Low,arterial,1,1,Low
14,2,rain,Medium,arterial,1,0,Moderate
11,1,cloudy,Heavy,local,0,1,Low
6,4,clear,Low,local,1,0,Moderate
17,6,cloudy,Heavy,highway,0,0,Moderate
17,0,clear,Low,local,0,0,Low
23,4,rain,Medium,highway,1,1,High
19,1,rain,Heavy,arterial,0,1,Moderate
9,5,clear,Medium,local,1,1,Low
16,0,rain,Medium,arterial,1,0,Moderate
8,2,clear,Medium,local,1,0,Low
20,1,cloudy,Low,arterial,0,0,Low
14,6,rain,Low,arterial,1,1,Moderate
20,0,clear,Medium,local,0,1,Moderate
6,4,clear,Heavy,local,0,0,Moderate
0,0,rain,Medium,local,1,1,High
3,4,clear,Medium,highway,0,1,High
12,5,clear,Low,highway,0,1,Low
23,5,rain,Low,arterial,0,0,High
15,0,clear,Low,local,0,0,Low
19,5,clear,Heavy,local,0,1,Moderate
11,2,fog,Medium,arterial,1,1,Moderate
23,4,cloudy,Heavy,local,1,1,High
22,6,cloudy,Low,local,0,0,High
5,0,clear,Medium,arterial,0,1,Low
20,2,fog,Low,highway,0,1,High
0,6,clear,Heavy,arterial,0,1,High
14,0,clear,Low,arterial,0,1,Low
10,1,clear,Low,arterial,1,1,Low
7,3,cloudy,Low,local,1,1,Low
22,6,clear,Low,local,1,1,High
15,2,clear,Low,local,0,0,Low
3,2,clear,Heavy,arterial,1,1,Moderate
3,5,cloudy,Heavy,arterial,1,1,High
2,0,clear,Medium,highway,0,1,Moderate
7,2,cloudy,Heavy,highway,0,0,Moderate
1,2,clear,Medium,highway,0,1,High
6,2,clear,Heavy,local,1,0,Moderate
18,4,clear,Low,highway,1,1,Moderate
20,1,fog,Medium,highway,0,1,Moderate
18,2,cloudy,Low,local,1,1,Low
11,6,clear,Heavy,local,0,0,Low
16,5,clear,Low,arterial,0,1,Low
22,6,clear,Low,arterial,0,0,High
1,4,clear,Low,local,1,1,Moderate
21,4,cloudy,Medium,arterial,0,1,Moderate
17,1,clear,Medium,highway,1,1,Moderate
9,1,rain,Medium,arterial,0,0,Moderate
10,3,clear,Heavy,arterial,1,1,Low
10,2,clear,Heavy,local,1,0,Moderate
3,5,clear,Medium,arterial,0,1,High
5,0,clear,Medium,local,1,0,Low
7,6,rain,Heavy,local,0,0,Moderate
0,1,clear,Medium,highway,0,1,Moderate
12,2,rain,Low,local,1,1,Moderate
11,2,clear,Medium,arterial,0,1,Low
7,6,clear,Medium,local,0,1,Low
4,5,clear,Heavy,arterial,0,1,High
23,0,clear,Medium,arterial,0,1,Moderate
16,5,clear,Medium,arterial,0,1,Low
11,4,clear,Medium,highway,0,1,Moderate
17,0,fog,Heavy,local,0,1,Moderate
8,5,cloudy,Low,highway,1,1,Low
5,0,clear,Heavy,highway,1,1,Moderate
16,2,rain,Low,arterial,1,1,Moderate
18,1,clear,Low,highway,1,0,Low
15,0,rain,Medium,arterial,0,0,Low
13,3,fog,Low,arterial,0,0,Low
0,4,clear,Low,arterial,0,1,Moderate
15,3,fog,Heavy,local,1,0,High
14,2,clear,Medium,highway,1,1,Moderate
9,3,clear,Heavy,highway,1,0,Moderate
5,1,cloudy,Low,highway,1,1,Moderate
23,0,cloudy,Low,highway,1,1,High
9,1,clear,Low,highway,0,1,Low
6,0,clear,Low,local,0,0,Low
16,5,clear,Medium,arterial,0,1,Low
11,4,clear,Heavy,highway,1,1,Low
13,1,clear,Medium,arterial,1,1,Low
15,3,clear,Heavy,local,1,1,Low
8,3,fog,Medium,arterial,0,1,Moderate
3,0,rain,Low,local,0,0,High
4,6,fog,Low,highway,1,1,High
22,6,clear,Medium,arterial,1,0,High
12,5,clear,Low,arterial,0,1,Low
10,5,clear,Medium,arterial,0,1,Low
7,3,cloudy,Medium,arterial,0,0,Low
17,5,cloudy,Low,arterial,1,1,Low
21,3,clear,Low,local,1,1,Moderate
18,1,rain,Heavy,arterial,1,0,Moderate
12,1,clear,Medium,local,1,0,Low
11,5,clear,Medium,highway,0,1,Low
20,3,clear,Low,arterial,1,1,Moderate
20,5,clear,Heavy,arterial,1,1,Moderate
9,1,clear,Medium,local,1,1,Low
23,3,fog,Heavy,local,1,0,High
19,0,cloudy,Heavy,local,1,1,Moderate
20,1,clear,Medium,local,0,0,Low
1,0,clear,Medium,arterial,0,0,Moderate
3,1,clear,Low,highway,1,0,High
7,4,rain,Medium,local,0,1,Moderate
18,0,rain,Medium,arterial,1,0,Moderate
1,1,clear,Medium,local,1,1,High
1,4,fog,Heavy,local,1,1,High
0,1,clear,Medium,highway,1,1,Moderate
4,3,rain,Low,highway,0,1,High
22,6,clear,Low,arterial,0,1,Moderate
17,5,rain,Low,highway,1,1,Moderate
17,0,rain,Heavy,highway,1,1,High
7,1,clear,Low,arterial,0,1,Low
15,4,clear,Heavy,local,0,1,Moderate
18,2,clear,Medium,highway,1,1,Low
12,2,clear,Heavy,local,1,1,Low
20,3,clear,Medium,arterial,1,1,Moderate
13,4,clear,Heavy,local,0,1,Low
7,3,clear,Medium,highway,0,1,Moderate
15,0,clear,Low,highway,0,1,Low
22,0,rain,Medium,arterial,1,0,High
19,0,clear,Low,local,0,1,Low
11,1,clear,Low,local,1,1,Low
14,5,clear,Low,arterial,1,1,Low
23,6,fog,Low,arterial,1,0,High
17,3,clear,Medium,arterial,0,1,Low
12,0,clear,Medium,arterial,0,1,Low
6,0,clear,Heavy,local,1,1,Moderate
21,5,clear,Medium,local,0,1,Low
23,2,fog,Heavy,arterial,0,1,High
1,6,clear,Medium,highway,1,1,High
0,3,clear,Medium,highway,0,1,Moderate
2,6,clear,Medium,arterial,1,1,High
9,0,clear,Heavy,local,1,1,Moderate
3,6,clear,Low,arterial,0,1,Moderate
21,3,clear,Low,local,0,1,Low
21,3,cloudy,Heavy,local,1,1,Moderate
4,3,clear,Low,local,1,1,High
19,2,clear,Low,arterial,0,0,Low
3,4,cloudy,Low,local,1,0,High
18,5,cloudy,Low,arterial,1,1,Low
8,5,clear,Low,highway,1,0,Low
0,6,rain,Low,local,1,1,High
10,2,rain,Heavy,arterial,1,1,High
19,5,rain,Heavy,highway,1,1,High
22,6,clear,Low,arterial,1,1,High
2,0,rain,Low,arterial,0,0,High
20,3,cloudy,Heavy,highway,1,0,Moderate
7,4,cloudy,Medium,arterial,0,1,Low
11,3,cloudy,Medium,highway,0,0,Low
2,0,clear,Medium,highway,1,1,High
23,4,cloudy,Low,local,1,1,High
18,2,rain,Low,arterial,0,0,Low
15,4,fog,Medium,arterial,0,1,Moderate
17,0,clear,Medium,highway,0,1,Low
20,0,fog,Heavy,local,0,1,High
3,4,clear,Low,highway,1,1,High
5,6,fog,Low,highway,0,1,Moderate
0,4,cloudy,Heavy,arterial,1,1,Moderate
11,6,cloudy,Heavy,highway,1,1,Moderate
11,5,cloudy,Low,highway,1,1,Low
0,1,fog,Low,arterial,1,0,High
15,0,clear,Medium,arterial,1,0,Moderate
0,3,clear,Low,local,0,1,Moderate
19,4,rain,Heavy,arterial,0,0,Moderate
16,5,clear,Low,local,1,1,Low
19,3,cloudy,Low,local,1,1,Moderate
2,6,clear,Medium,local,0,1,Moderate
20,5,rain,Heavy,local,0,1,Moderate
13,4,rain,Heavy,local,0,0,Moderate
20,3,clear,Medium,highway,0,1,Moderate
16,0,cloudy,Low,highway,0,0,Low
15,5,clear,Medium,arterial,0,0,Moderate
0,4,cloudy,Low,local,1,1,High
16,6,clear,Low,arterial,0,1,Low
10,0,clear,Low,arterial,0,1,Low
20,1,clear,Low,local,1,1,Moderate
16,4,clear,Medium,highway,1,0,Moderate
1,3,cloudy,Heavy,local,1,1,High
21,4,clear,Low,arterial,1,1,Moderate
1,3,fog,Medium,arterial,1,1,High
7,4,rain,Low,arterial,0,1,Moderate
5,4,cloudy,Medium,highway,1,1,High
23,1,rain,Medium,arterial,1,0,High
3,5,fog,Low,local,1,0,High
20,3,rain,Heavy,local,0,1,Moderate
5,4,cloudy,Medium,local,1,1,Low
15,4,clear,Heavy,arterial,1,1,Moderate
2,5,rain,Heavy,arterial,0,1,High
9,2,cloudy,Low,arterial,1,0,Moderate
14,0,clear,Heavy,highway,1,0,Moderate
17,1,clear,Heavy,arterial,1,1,Moderate
20,6,clear,Medium,highway,0,1,Moderate
19,1,rain,Heavy,local,1,0,Moderate
12,1,rain,Medium,local,1,1,Moderate
7,6,clear,Medium,local,1,1,Low
6,1,clear,Medium,arterial,0,0,Low
23,3,fog,Heavy,arterial,0,1,High
14,2,clear,Heavy,local,0,0,Moderate
21,4,cloudy,Low,arterial,1,0,High
10,4,clear,Medium,highway,1,1,Low
11,3,clear,Low,arterial,0,0,Low
19,3,clear,Heavy,arterial,1,0,Moderate
17,5,clear,Low,local,1,1,Low
4,4,cloudy,Low,local,0,1,Moderate
12,3,clear,Heavy,local,0,1,Low
5,6,rain,Medium,highway,0,1,Moderate
18,0,fog,Medium,arterial,0,1,Low
0,5,rain,Medium,local,1,1,High
19,1,clear,Heavy,highway,1,1,High
22,2,clear,Low,local,0,1,Moderate
0,0,clear,Low,highway,1,1,High
15,3,cloudy,Medium,local,1,1,Low
1,5,clear,Medium,local,1,0,High
8,2,rain,Medium,local,1,1,Moderate
8,4,cloudy,Medium,arterial,0,1,Low
12,2,clear,Medium,local,1,1,Low
22,5,clear,Low,arterial,0,0,High
11,6,cloudy,Low,highway,1,0,Moderate
9,5,rain,Medium,arterial,1,1,Moderate
2,2,clear,Low,local,1,1,Moderate
21,5,cloudy,Heavy,highway,0,1,High
7,0,clear,Heavy,arterial,1,1,Moderate
11,6,rain,Medium,arterial,0,0,Moderate
2,5,cloudy,Low,local,0,0,High
6,4,rain,Low,highway,0,0,Moderate
13,4,clear,Medium,highway,0,0,Low
21,1,fog,Heavy,highway,1,0,High
7,3,cloudy,Low,arterial,0,1,Low
13,0,clear,Low,arterial,0,0,Low
21,2,cloudy,Medium,arterial,1,1,Moderate
8,4,clear,Medium,arterial,0,1,Low
7,2,rain,Medium,arterial,1,0,Low
1,5,rain,Heavy,highway,1,1,High
21,5,clear,Heavy,highway,1,0,High
2,3,clear,Medium,arterial,0,0,Moderate
5,2,rain,Low,local,0,1,Low
3,2,rain,Medium,arterial,1,0,High
16,3,clear,Medium,arterial,0,1,Low
8,5,cloudy,Low,local,0,1,Low
16,0,clear,Heavy,arterial,1,0,Low
14,3,clear,Heavy,highway,0,0,Moderate
0,3,fog,Medium,arterial,1,1,High
7,2,cloudy,Heavy,highway,0,1,Low
0,1,clear,Medium,local,1,1,Moderate
1,5,clear,Heavy,local,1,1,High
11,3,clear,Heavy,highway,0,1,Moderate
6,4,clear,Heavy,arterial,0,0,Moderate
2,0,fog,Low,highway,0,1,High
9,1,clear,Medium,highway,0,1,Low
10,1,clear,Medium,highway,1,1,Moderate
23,2,rain,Heavy,highway,1,1,High
15,5,clear,Heavy,local,0,1,Low
9,4,clear,Low,arterial,1,1,Low
11,6,cloudy,Heavy,local,1,1,Low
2,2,clear,Low,local,0,1,Low
9,5,clear,Heavy,local,0,0,Low
13,1,cloudy,Low,highway,1,1,Low
0,5,fog,Medium,arterial,0,1,High
22,4,rain,Medium,local,1,1,High
12,0,clear,Heavy,local,1,0,Moderate
18,4,cloudy,Medium,local,0,1,Low
6,3,cloudy,Low,arterial,0,1,Low
20,0,clear,Medium,arterial,1,1,Moderate
8,5,clear,Medium,arterial,1,1,Low
22,3,cloudy,Medium,arterial,0,0,Moderate
12,4,clear,Low,arterial,1,1,Low
15,4,rain,Heavy,local,1,1,Moderate
4,0,clear,Low,local,0,1,Moderate
23,2,clear,Low,arterial,0,0,High
4,4,rain,Medium,local,0,1,Moderate
0,2,rain,Low,local,0,0,High
10,6,clear,Medium,arterial,0,0,Low
20,2,rain,Low,local,1,1,Moderate
22,3,rain,Medium,highway,0,1,High
20,3,clear,Medium,arterial,1,1,Moderate
13,0,cloudy,Medium,highway,0,1,Low
22,5,cloudy,Low,local,1,1,High
11,0,clear,Medium,arterial,0,1,Low
11,3,fog,Medium,highway,0,0,High
4,6,fog,Heavy,local,1,0,High
18,6,clear,Low,local,0,0,Low
7,1,clear,Medium,local,1,0,Low
4,2,rain,Medium,arterial,1,1,High
8,3,clear,Low,local,0,1,Low
14,4,clear,Medium,arterial,1,1,Moderate
6,1,cloudy,Medium,highway,1,1,Moderate
8,3,cloudy,Heavy,highway,0,1,Moderate
7,5,clear,Low,highway,0,0,Low
14,5,clear,Medium,arterial,1,0,Low
17,5,rain,Heavy,local,0,1,Low
16,6,fog,Medium,arterial,0,0,Low
3,6,clear,Heavy,arterial,1,0,High
8,3,clear,Medium,arterial,0,0,Low
15,6,clear,Heavy,local,1,0,Low
5,3,clear,Heavy,arterial,1,1,Moderate
1,4,clear,Low,arterial,1,1,High
7,6,cloudy,Heavy,local,1,1,Low
16,0,clear,Low,arterial,0,1,Low
15,6,rain,Heavy,highway,0,0,High
3,5,rain,Medium,arterial,0,0,High
16,6,rain,Medium,local,1,1,Moderate
4,5,clear,Low,highway,1,1,High
17,1,cloudy,Low,highway,0,1,Moderate
13,2,clear,Low,arterial,0,1,Low
3,0,clear,Medium,arterial,1,0,High
8,4,cloudy,Low,local,1,0,Low
19,3,rain,Low,arterial,1,1,Moderate
10,3,rain,Heavy,local,0,0,Low
16,5,clear,Heavy,arterial,0,1,Low
17,5,cloudy,Medium,arterial,1,1,Low
0,0,clear,Heavy,arterial,1,1,Moderate
22,6,cloudy,Low,highway,1,1,High
8,2,clear,Heavy,highway,1,1,Moderate
19,5,rain,Medium,arterial,0,0,Moderate
11,4,fog,Low,highway,1,1,Moderate
13,3,clear,Medium,local,1,1,Low
8,1,rain,Heavy,local,1,1,Moderate
20,1,cloudy,Low,arterial,0,0,Low
2,5,cloudy,Low,highway,0,0,High
21,2,clear,Heavy,highway,1,1,High
4,1,clear,Low,arterial,0,0,High
21,0,clear,Medium,arterial,0,1,Low
0,5,clear,Low,local,0,0,High
0,2,cloudy,Low,local,1,0,High
2,2,clear,Heavy,local,0,1,High
13,2,clear,Heavy,local,1,1,Low
6,4,rain,Medium,local,1,0,Moderate
14,3,cloudy,Heavy,local,1,1,Low
19,3,clear,Low,arterial,1,0,Moderate
0,1,cloudy,Low,arterial,0,0,High
12,2,clear,Low,arterial,1,1,Low
17,6,rain,Low,arterial,1,1,Moderate
10,3,clear,Medium,arterial,0,1,Low
22,6,clear,Heavy,highway,0,1,High
15,5,fog,Low,local,1,1,Moderate
0,4,clear,Heavy,highway,0,1,High
12,3,clear,Medium,arterial,1,1,Moderate
9,5,clear,Low,local,1,1,Low
3,0,clear,Medium,local,0,1,Low
22,3,rain,Medium,local,0,1,High
5,4,clear,Heavy,local,0,1,Low
2,0,clear,Heavy,highway,1,0,High
5,1,rain,Medium,arterial,0,1,Moderate
19,0,clear,Medium,highway,1,1,High
14,3,clear,Medium,arterial,1,1,Low
19,3,clear,Low,local,0,1,Low
11,3,rain,Heavy,local,0,1,Moderate
2,0,clear,Low,local,1,1,Moderate
9,3,cloudy,Medium,arterial,1,1,Low
4,6,cloudy,Heavy,arterial,1,0,High
13,0,clear,Low,arterial,0,1,Low
6,5,rain,Medium,arterial,0,1,High
23,1,rain,Low,highway,0,1,High
9,0,cloudy,Low,arterial,1,1,Moderate
7,0,rain,Medium,highway,1,0,Moderate
23,0,clear,Heavy,highway,1,1,Moderate
12,2,clear,Low,local,0,0,Low
4,3,cloudy,Heavy,arterial,0,1,Moderate
11,4,clear,Medium,arterial,0,1,Low
6,0,clear,Heavy,local,0,0,Low
17,4,clear,Heavy,arterial,1,1,Low
13,5,clear,Medium,local,0,0,Low
17,0,rain,Medium,local,0,1,Low
22,4,clear,Medium,arterial,1,0,High
17,0,cloudy,Medium,arterial,0,1,Low
8,3,clear,Heavy,highway,0,0,Moderate
4,4,cloudy,Medium,local,0,1,Moderate
12,6,clear,Heavy,highway,0,1,Moderate
10,3,clear,Medium,local,0,1,Low
7,3,clear,Heavy,local,0,1,Low
19,5,clear,Medium,local,1,1,Moderate
21,1,clear,Low,arterial,1,0,Low
9,1,cloudy,Medium,arterial,1,1,Low
16,3,fog,Heavy,arterial,0,0,Low
23,0,cloudy,Medium,highway,1,0,High
0,0,clear,Medium,highway,1,1,High
8,2,cloudy,Heavy,local,0,1,Low
17,1,clear,Heavy,arterial,1,0,Moderate
11,4,cloudy,Low,local,1,0,Low
19,3,cloudy,Low,arterial,0,0,Moderate
11,3,clear,Heavy,arterial,1,0,Low
1,3,rain,Low,arterial,1,1,High
10,0,clear,Heavy,highway,0,1,Low
9,2,clear,Medium,local,0,0,Low
20,0,cloudy,Medium,highway,1,1,Moderate
3,2,rain,Heavy,arterial,1,0,High
3,4,rain,Heavy,highway,0,1,High
3,6,clear,Low,arterial,1,1,High
13,2,cloudy,Low,arterial,1,0,Low
23,1,fog,Heavy,arterial,1,0,High
14,4,clear,Medium,local,1,1,Low
19,6,clear,Low,local,1,1,Low
20,2,clear,Low,arterial,1,1,Moderate
14,5,rain,Medium,local,0,1,Low
14,2,clear,Medium,local,1,0,Low
5,4,cloudy,Heavy,local,1,1,Moderate
23,1,clear,Heavy,highway,1,1,High
18,1,clear,Medium,local,1,1,Low
20,6,clear,Medium,highway,0,1,Low
23,2,clear,Medium,highway,0,1,High
8,0,rain,Medium,local,0,0,Low
3,5,clear,Heavy,arterial,0,1,High
20,0,clear,Low,local,1,1,Low
11,0,rain,Medium,arterial,0,0,Moderate
23,5,clear,Low,highway,1,1,High
16,2,cloudy,Heavy,arterial,1,1,Low
6,0,clear,Heavy,arterial,1,1,Moderate
8,6,rain,Low,arterial,1,0,Moderate
14,1,clear,Heavy,arterial,0,1,Low
9,4,clear,Medium,arterial,0,0,Low
6,1,cloudy,Heavy,highway,0,1,Low
5,4,clear,Heavy,local,1,1,Moderate
15,4,clear,Heavy,arterial,1,1,Low
0,5,clear,Low,highway,1,1,High
2,2,clear,Heavy,arterial,1,0,High
1,4,cloudy,Heavy,arterial,0,0,High
17,5,clear,Heavy,local,1,1,Low
0,5,rain,Heavy,arterial,0,1,High
10,5,clear,Heavy,highway,1,1,Moderate
2,2,cloudy,Medium,local,0,1,Moderate
14,3,clear,Low,arterial,0,0,Low
0,6,clear,Medium,local,1,0,High
0,1,cloudy,Low,highway,0,1,High
9,4,cloudy,Low,highway,0,0,Low
16,5,rain,Low,local,0,1,Low
2,3,clear,Medium,local,1,1,High
11,6,rain,Heavy,highway,1,1,High
19,2,fog,Heavy,arterial,0,1,Moderate
15,5,fog,Heavy,local,1,1,Moderate
18,4,clear,Low,arterial,0,0,Low
7,0,clear,Heavy,local,1,1,Low
22,5,cloudy,Heavy,arterial,1,1,High
3,4,clear,Heavy,local,1,1,Moderate
14,1,rain,Low,local,1,0,Moderate
10,4,clear,Heavy,local,1,1,Moderate
0,3,rain,Medium,arterial,1,1,High
22,6,clear,Medium,local,0,0,High
16,2,rain,Low,arterial,0,1,Low
5,1,cloudy,Heavy,highway,1,0,Moderate
1,0,clear,Heavy,local,1,0,High
16,5,clear,Heavy,highway,1,1,Low
13,6,clear,Low,highway,1,1,Low
1,4,rain,Low,local,0,1,High
23,2,clear,Heavy,local,0,0,High
17,6,cloudy,Heavy,arterial,1,1,Low
11,1,clear,Heavy,highway,1,0,Moderate
5,4,cloudy,Heavy,highway,0,1,Moderate
6,4,clear,Low,arterial,1,0,Moderate
10,5,fog,Medium,local,1,1,Low
1,6,cloudy,Low,highway,1,1,High
8,2,rain,Medium,local,1,0,Low
5,0,rain,Low,local,1,1,Moderate
2,1,clear,Medium,local,0,0,Moderate
3,5,clear,Medium,arterial,1,1,Moderate
8,2,clear,Heavy,arterial,0,1,Low
9,0,clear,Low,arterial,1,1,Low
8,5,clear,Heavy,arterial,1,0,Low
16,4,rain,Low,local,1,0,Low
12,0,clear,Heavy,local,0,1,Low
4,4,cloudy,Medium,arterial,1,1,High
23,4,clear,Low,highway,0,1,High
17,6,clear,Heavy,arterial,1,1,Low
11,6,clear,Low,highway,1,1,Moderate
1,6,clear,Medium,local,0,1,Moderate
21,6,rain,Heavy,local,0,1,Moderate
17,5,cloudy,Medium,local,0,0,Low
11,4,clear,Medium,arterial,0,1,Low
3,3,cloudy,Medium,local,0,1,Moderate
2,5,clear,Low,arterial,0,1,High
6,6,clear,Medium,arterial,0,1,Low
5,0,clear,Heavy,local,1,1,Moderate
5,0,clear,Low,arterial,0,1,Low
9,3,rain,Low,local,0,0,Low
1,2,rain,Low,arterial,0,1,High
7,3,cloudy,Medium,local,0,1,Low
20,2,clear,Heavy,local,0,1,Low
20,5,clear,Heavy,arterial,0,1,Moderate
0,6,clear,Heavy,highway,0,0,High
16,1,clear,Medium,arterial,1,1,Low
23,5,cloudy,Medium,local,0,1,High
13,0,clear,Medium,highway,0,1,Low
9,5,clear,Low,local,0,0,Low
11,4,cloudy,Medium,arterial,1,1,Low
5,4,clear,Medium,local,1,1,Low
9,3,cloudy,Heavy,local,0,0,Low
22,0,rain,Heavy,local,0,0,High
14,5,cloudy,Medium,highway,0,0,Low
10,0,fog,Medium,local,1,1,Moderate
2,3,cloudy,Heavy,local,1,1,High
21,1,rain,Low,arterial,1,0,High
3,5,cloudy,Medium,local,0,1,Moderate
17,4,rain,Heavy,arterial,0,1,Moderate
7,3,clear,Heavy,arterial,0,1,Low
6,2,clear,Heavy,arterial,1,1,Moderate
4,5,clear,Heavy,local,1,1,High
9,1,cloudy,Heavy,local,1,1,Low
16,5,clear,Low,arterial,0,1,Low
9,6,fog,Medium,arterial,1,1,Moderate
0,1,cloudy,Medium,arterial,1,1,High
6,4,clear,Medium,local,1,1,Moderate
3,2,clear,Heavy,highway,1,1,High
9,6,rain,Medium,local,0,1,Moderate
21,6,rain,Low,local,1,1,Moderate
23,2,cloudy,Low,arterial,0,1,Moderate
23,1,clear,Heavy,local,0,0,High
2,0,rain,Medium,local,0,1,High
11,4,rain,Low,local,0,1,Moderate
1,6,rain,Medium,arterial,0,1,High
11,1,cloudy,Low,local,1,1,Low
13,5,clear,Low,arterial,0,1,Low
18,5,fog,Low,arterial,0,0,Moderate
8,3,clear,Heavy,highway,1,1,Moderate
0,1,clear,Low,arterial,0,1,High
10,4,cloudy,Low,highway,1,1,Low
10,4,clear,Low,local,1,0,Low
14,5,rain,Heavy,arterial,0,1,Moderate
2,3,cloudy,Low,arterial,0,0,High
14,0,clear,Medium,local,0,0,Low
9,1,cloudy,Low,arterial,0,1,Low
17,2,rain,Heavy,highway,1,0,High
23,3,rain,Low,arterial,1,1,High
5,2,clear,Medium,local,1,1,Low
18,6,clear,Low,local,1,1,Low
3,1,clear,Medium,local,0,0,Moderate
23,4,rain,Low,local,0,1,High
11,2,cloudy,Low,arterial,0,1,Low
17,6,clear,Medium,arterial,0,1,Low
18,6,clear,Heavy,arterial,1,1,Low
14,5,rain,Heavy,arterial,0,1,Moderate
9,5,rain,Heavy,local,1,1,Moderate
18,4,clear,Medium,local,1,1,Low
11,4,clear,Medium,local,0,1,Low
15,3,clear,Heavy,arterial,0,1,Low
14,0,rain,Low,highway,0,0,Moderate
11,6,cloudy,Low,local,1,1,Low
2,6,rain,Low,highway,0,1,High
7,3,clear,Heavy,arterial,0,0,Low
22,6,clear,Heavy,highway,0,1,High
12,2,clear,Low,highway,0,1,Low
15,0,clear,Heavy,arterial,1,0,Moderate
6,5,clear,Heavy,highway,0,0,Moderate
16,3,clear,Medium,arterial,1,0,Low
11,6,clear,Low,arterial,0,0,Low
5,1,rain,Heavy,arterial,1,1,High
3,3,clear,Low,local,0,0,Moderate
9,4,clear,Low,arterial,1,0,Low
13,0,clear,Medium,highway,0,0,Low
6,6,clear,Low,local,0,1,Low
5,4,cloudy,Heavy,local,1,1,Moderate
6,1,cloudy,Low,arterial,1,1,Low
7,5,cloudy,Heavy,highway,0,0,Low
17,6,rain,Medium,local,0,1,Moderate
11,2,clear,Medium,arterial,0,0,Low
11,4,clear,Low,arterial,1,1,Low
3,5,clear,Low,highway,1,1,High
13,1,clear,Low,arterial,1,1,Low
23,3,clear,Low,arterial,1,1,High
17,3,cloudy,Low,local,0,0,Low
10,2,rain,Medium,arterial,0,1,Moderate
7,2,clear,Medium,arterial,1,1,Low
8,4,clear,Heavy,local,0,1,Low
0,5,rain,Medium,arterial,1,1,High
0,2,rain,Medium,local,1,1,High
18,1,cloudy,Heavy,highway,1,1,Moderate
20,5,clear,Medium,arterial,0,0,Moderate
23,1,clear,Low,local,1,0,High
15,0,cloudy,Low,local,0,0,Low
22,2,clear,Low,arterial,0,0,High
9,5,clear,Medium,local,0,1,Low
6,5,clear,Low,highway,0,1,Low
5,2,cloudy,Medium,highway,1,1,Moderate
5,3,cloudy,Low,arterial,0,1,Low
17,6,clear,Medium,local,0,1,Low
0,5,clear,Medium,arterial,0,0,High
22,5,clear,Low,highway,1,0,High
18,0,rain,Low,arterial,0,1,Moderate
9,1,rain,Heavy,local,1,0,Low
16,0,clear,Heavy,arterial,0,0,Low
3,6,clear,Heavy,arterial,0,1,Moderate
10,2,rain,Low,local,1,1,Low
2,3,rain,Medium,local,1,0,High
2,3,rain,Low,arterial,0,0,High
0,3,clear,Medium,local,1,1,Moderate
19,0,clear,Heavy,arterial,0,1,Moderate
17,6,fog,Low,highway,1,0,Moderate
21,2,clear,Medium,arterial,1,0,Low
23,6,clear,Low,local,0,0,High
23,5,rain,Low,local,1,1,High
23,4,cloudy,Heavy,local,1,1,High
0,4,clear,Low,local,0,1,Moderate
18,6,fog,Medium,local,1,1,Low
17,2,cloudy,Medium,local,1,1,Low
3,2,clear,Medium,highway,0,1,Moderate
3,4,clear,Low,local,1,0,High
23,1,cloudy,Low,highway,0,1,High
21,5,cloudy,Medium,arterial,0,1,Moderate
7,0,clear,Heavy,arterial,1,1,Low
1,6,clear,Heavy,local,0,1,High
8,2,clear,Medium,local,1,1,Low
0,0,clear,Medium,highway,1,0,High
16,4,fog,Medium,local,1,0,Moderate
9,1,clear,Heavy,local,1,1,Low
1,2,rain,Medium,arterial,0,1,High
23,3,clear,Heavy,local,1,1,High
19,4,clear,Low,highway,1,0,Moderate
21,0,clear,Heavy,highway,1,0,Moderate
23,0,fog,Medium,highway,0,1,High
0,3,clear,Medium,arterial,1,1,Moderate
18,2,clear,Low,arterial,0,1,Low
18,4,clear,Low,highway,1,1,Low
18,5,cloudy,Medium,local,0,0,Low
6,4,clear,Heavy,arterial,0,1,Low
9,0,clear,Medium,local,0,0,Low
22,6,clear,Medium,highway,1,1,High
1,5,rain,Low,arterial,0,0,High
15,0,rain,Low,local,1,0,Moderate
19,5,fog,Medium,local,1,0,Moderate
19,6,clear,Heavy,local,0,1,Moderate
14,3,clear,Medium,arterial,1,1,Low
18,5,clear,Low,local,0,1,Low
21,6,rain,Medium,highway,1,1,High
18,6,cloudy,Medium,highway,0,1,Low
2,6,cloudy,Heavy,local,1,0,High
5,1,clear,Medium,arterial,1,1,Low
7,0,clear,Heavy,highway,0,1,Moderate
8,4,clear,Medium,local,1,1,Moderate
8,4,clear,Low,highway,1,1,Low
5,3,clear,Low,local,1,1,Low
16,1,clear,Medium,arterial,0,1,Low
2,6,clear,Heavy,arterial,1,1,High
18,2,clear,Medium,arterial,0,0,Low
15,5,fog,Heavy,arterial,0,1,Moderate
23,4,fog,Low,highway,1,1,High
0,6,rain,Low,local,0,0,High
7,4,rain,Low,arterial,0,1,Low
21,4,clear,Medium,arterial,0,0,Low
11,5,clear,Medium,arterial,0,0,Low
13,0,clear,Heavy,arterial,1,0,Low
0,4,clear,Medium,highway,1,1,Moderate
18,4,cloudy,Medium,highway,0,1,Low
6,5,clear,Medium,local,1,1,Low
23,1,fog,Heavy,local,0,1,Moderate
8,4,cloudy,Low,highway,0,0,Low
4,1,clear,Heavy,highway,0,0,High
14,0,rain,Medium,arterial,0,0,Moderate
11,4,rain,Medium,local,1,1,Moderate
11,0,cloudy,Heavy,arterial,0,1,Low
22,0,clear,Heavy,arterial,1,1,High
8,3,clear,Heavy,local,1,1,Low
9,6,clear,Heavy,highway,0,1,Moderate
14,5,cloudy,Medium,arterial,1,0,Low
4,0,clear,Low,highway,1,1,High
19,0,rain,Medium,arterial,1,1,High
5,3,clear,Heavy,arterial,1,1,Moderate
5,3,fog,Low,arterial,1,1,Moderate
0,0,clear,Heavy,highway,1,0,High
8,1,rain,Low,arterial,0,1,Moderate
13,0,clear,Medium,arterial,0,1,Low
16,3,rain,Low,local,0,1,Low
21,4,rain,Heavy,arterial,1,0,High
18,2,clear,Medium,local,1,1,Low
7,4,clear,Medium,local,1,1,Moderate
19,1,fog,Low,arterial,0,0,High
4,5,fog,Medium,local,1,1,High
5,0,rain,Low,local,0,0,Moderate
8,3,clear,Low,local,0,1,Low
12,2,clear,Low,highway,1,1,Moderate
4,3,clear,Heavy,arterial,0,1,High
21,3,cloudy,Low,arterial,1,1,Moderate
6,4,clear,Low,arterial,1,0,Moderate
9,6,clear,Low,highway,1,0,Moderate
14,3,rain,Medium,local,1,1,Moderate
10,1,cloudy,Medium,local,0,1,Low
9,3,cloudy,Low,highway,1,1,Moderate
23,3,fog,Low,highway,0,1,High
10,6,clear,Low,arterial,1,1,Low
2,3,clear,Heavy,arterial,0,1,High
17,6,rain,Heavy,arterial,0,1,High
16,4,fog,Heavy,local,1,0,High
5,4,clear,Medium,local,0,1,Low
20,2,clear,Medium,arterial,0,1,Moderate
9,1,clear,Low,arterial,1,0,Low
3,0,clear,Heavy,arterial,1,0,High
4,3,clear,Heavy,local,1,1,High
17,6,clear,Heavy,arterial,0,1,Low
5,0,cloudy,Heavy,highway,1,0,Moderate
11,6,clear,Heavy,arterial,1,1,Moderate
17,6,rain,Low,arterial,0,1,Moderate
20,3,cloudy,Heavy,arterial,1,1,High
11,2,clear,Low,highway,0,0,Low
21,4,rain,Low,arterial,1,0,Moderate
7,5,cloudy,Heavy,local,0,1,Moderate
20,0,rain,Medium,arterial,0,0,Moderate
6,3,rain,Low,arterial,1,1,High
1,0,rain,Medium,arterial,1,1,High
17,4,rain,Heavy,arterial,1,1,Moderate
18,0,cloudy,Low,highway,0,1,Low
22,2,clear,Medium,arterial,1,0,High
22,5,cloudy,Low,local,0,1,High
2,5,cloudy,Medium,local,1,1,Moderate
14,1,fog,Low,local,1,0,Moderate
16,3,clear,Heavy,arterial,1,1,Low
14,1,clear,Low,local,1,0,Low
0,4,clear,Medium,local,1,0,High
1,0,clear,Heavy,local,1,1,High
16,5,clear,Low,highway,0,1,Low
20,0,cloudy,Medium,highway,1,1,Moderate
4,4,fog,Low,arterial,1,1,High
1,2,clear,Medium,arterial,1,1,Moderate
9,1,fog,Heavy,local,1,1,Moderate
7,3,rain,Heavy,local,0,1,Moderate
23,0,clear,Heavy,arterial,1,1,High
22,4,clear,Heavy,arterial,1,1,High
13,4,rain,Low,arterial,1,1,Moderate
22,3,rain,Medium,highway,1,1,High
5,2,clear,Heavy,arterial,0,1,Moderate
23,3,cloudy,Heavy,highway,1,0,High
10,6,clear,Medium,highway,1,1,Low
11,5,cloudy,Low,local,0,1,Low
1,0,clear,Medium,arterial,1,0,High
4,2,clear,Heavy,arterial,0,1,Moderate
4,0,clear,Medium,local,1,1,Moderate
11,1,clear,Low,arterial,0,1,Low
4,5,clear,Low,arterial,1,0,High
2,5,cloudy,Heavy,local,1,0,High
14,3,rain,Medium,arterial,0,1,Low
20,4,cloudy,Heavy,highway,1,0,High
1,2,rain,Heavy,local,1,1,High
13,3,rain,Heavy,local,1,1,Moderate
23,5,clear,Medium,arterial,1,1,High
9,1,clear,Medium,highway,0,1,Low
4,2,cloudy,Medium,arterial,1,1,High
1,0,cloudy,Low,arterial,0,1,Moderate
22,1,fog,Medium,arterial,0,0,High
9,0,clear,Medium,highway,1,1,Moderate
2,5,clear,Low,arterial,0,1,High
20,5,rain,Medium,local,0,1,Moderate
19,2,rain,Medium,arterial,1,1,Moderate
16,4,clear,Heavy,local,1,1,Low
2,1,clear,Heavy,arterial,1,0,High
1,0,rain,Heavy,arterial,1,0,High
5,3,clear,Heavy,local,0,1,Low
3,1,rain,Low,highway,1,1,High
12,5,fog,Medium,local,0,0,Low
9,1,clear,Low,arterial,0,0,Low
18,5,clear,Medium,highway,1,1,Low
2,1,fog,Heavy,local,0,0,High
17,0,clear,Heavy,arterial,0,0,Low
22,3,clear,Medium,local,1,0,Moderate
3,1,clear,Medium,arterial,1,1,Moderate
15,2,cloudy,Low,local,1,0,Low
12,2,clear,Medium,highway,1,0,Low
2,6,cloudy,Low,arterial,1,1,High
7,3,clear,Medium,arterial,0,1,Low
18,5,clear,Low,local,0,1,Low
20,4,clear,Low,local,1,1,High
8,6,clear,Heavy,arterial,0,1,Low
2,3,rain,Medium,arterial,1,0,High
5,6,clear,Heavy,arterial,1,1,High
20,6,rain,Heavy,local,0,1,Moderate
13,6,clear,Medium,highway,0,1,Low
10,4,clear,Heavy,local,0,0,Low
0,6,clear,Low,arterial,1,1,High
18,5,rain,Medium,arterial,1,1,Moderate
11,2,cloudy,Heavy,arterial,0,0,Low
13,1,rain,Heavy,local,1,1,Moderate
20,1,clear,Medium,arterial,0,0,Moderate
13,4,fog,Heavy,highway,0,1,Moderate
22,1,rain,Heavy,local,0,0,High
13,1,rain,Low,highway,0,1,Moderate
8,4,clear,Medium,arterial,1,1,Low
22,2,clear,Medium,highway,0,0,High
15,4,cloudy,Low,local,0,1,Low
18,6,clear,Medium,local,1,1,Low
5,0,rain,Heavy,local,1,0,High
16,4,clear,Heavy,highway,0,0,Low
13,5,cloudy,Low,highway,0,1,Moderate
2,0,clear,Low,local,1,1,Moderate
6,5,clear,Low,arterial,0,0,Moderate
21,3,clear,Low,arterial,0,0,Moderate
13,4,rain,Low,arterial,1,0,Moderate
18,0,clear,Heavy,local,1,0,Low
4,3,cloudy,Medium,local,1,0,High
5,2,clear,Medium,arterial,1,1,Low
22,1,clear,Heavy,arterial,0,1,High
10,5,clear,Low,highway,0,0,Low
21,3,clear,Heavy,local,1,1,Moderate
19,6,clear,Heavy,local,1,1,Moderate
8,1,clear,Low,local,0,1,Low
22,5,cloudy,Low,arterial,1,1,High
18,4,rain,Heavy,highway,0,1,High
3,4,rain,Medium,arterial,0,1,High
2,2,clear,Heavy,arterial,0,0,High
3,4,clear,Low,highway,0,1,High
17,1,clear,Heavy,local,1,1,Moderate
3,5,clear,Medium,highway,0,1,Moderate
6,3,rain,Medium,highway,0,0,Moderate
10,3,clear,Low,local,0,1,Low
3,4,clear,Medium,highway,1,0,High
7,0,rain,Medium,local,1,1,Moderate
16,2,clear,Low,arterial,0,1,Low
23,1,clear,Heavy,arterial,1,1,High
11,6,fog,Low,highway,1,0,Moderate
17,2,clear,Low,arterial,0,1,Low
12,0,rain,Low,local,0,0,Moderate
11,0,clear,Medium,local,0,1,Low
12,6,fog,Low,arterial,1,1,High
23,1,rain,Heavy,highway,1,1,High
1,0,clear,Heavy,highway,0,1,Moderate
12,1,fog,Heavy,local,0,0,Moderate
1,1,clear,Low,arterial,0,1,Moderate
21,0,rain,Medium,arterial,0,0,Moderate
14,6,cloudy,Heavy,local,0,1,Low
1,0,clear,Heavy,arterial,0,0,High
14,5,clear,Medium,arterial,0,1,Low
10,5,clear,Heavy,highway,1,1,Moderate
1,4,cloudy,Low,local,0,1,Moderate
23,0,cloudy,Low,arterial,0,1,Moderate
9,5,clear,Medium,local,1,1,Moderate
0,2,rain,Low,highway,0,1,High
14,2,fog,Heavy,highway,1,1,High
9,1,clear,Low,highway,1,1,Moderate
15,5,cloudy,Low,local,1,0,Low
3,4,clear,Low,arterial,0,1,High
19,1,fog,Heavy,arterial,1,1,High
10,2,rain,Low,arterial,1,0,Moderate
10,5,fog,Heavy,arterial,1,1,High
19,6,rain,Heavy,arterial,1,0,High
13,6,clear,Medium,arterial,0,1,Low
0,0,clear,Low,arterial,1,1,High
13,6,clear,Low,local,1,1,Low
15,3,clear,Low,arterial,0,0,Low
7,5,cloudy,Low,local,1,1,Low
4,2,clear,Medium,arterial,1,1,Moderate
1,4,cloudy,Medium,arterial,0,1,Moderate
20,1,cloudy,Low,local,1,1,Low
0,3,clear,Heavy,highway,0,1,Moderate
14,1,cloudy,Medium,local,0,0,Low
20,2,clear,Medium,local,0,1,Low
8,2,clear,Medium,highway,0,1,Low
4,6,clear,Heavy,highway,1,0,High
17,4,clear,Medium,arterial,1,0,Low
15,4,clear,Low,arterial,1,1,Low
0,1,clear,Medium,arterial,1,1,Moderate
13,3,clear,Medium,local,0,1,Low
0,3,clear,Low,local,1,1,Moderate
9,5,clear,Heavy,arterial,0,1,Moderate
7,1,rain,Low,highway,1,0,Moderate
20,0,clear,Heavy,local,0,0,Moderate
23,3,clear,Heavy,arterial,1,1,High
16,5,clear,Low,arterial,0,1,Low
17,5,clear,Medium,arterial,1,1,Moderate
0,5,clear,Low,local,0,1,High
1,2,clear,Heavy,arterial,0,0,High
18,1,cloudy,Heavy,highway,1,1,Moderate
10,4,rain,Heavy,arterial,1,1,Moderate
12,0,rain,Low,arterial,1,1,Low
16,6,rain,Heavy,arterial,1,0,Moderate
8,4,clear,Medium,arterial,1,1,Low
16,3,clear,Medium,highway,1,1,Moderate
17,1,clear,Heavy,highway,1,0,Moderate
5,1,cloudy,Heavy,arterial,1,0,Low
16,6,cloudy,Medium,arterial,0,1,Low
4,0,clear,Low,highway,0,0,High
7,0,fog,Low,arterial,0,1,Moderate
18,2,clear,Low,arterial,0,1,Low
23,1,fog,Low,arterial,1,1,High
1,4,fog,Heavy,local,0,1,High
15,0,clear,Low,local,1,0,Low
13,5,clear,Low,arterial,1,1,Low
14,5,clear,Low,local,0,0,Low
18,1,clear,Low,highway,0,1,Low
1,4,rain,Low,arterial,1,1,High
17,4,fog,Low,local,0,0,Moderate
6,5,clear,Medium,local,1,0,Low
3,5,clear,Low,arterial,1,1,High
10,6,rain,Low,local,1,0,Moderate
0,0,cloudy,Medium,arterial,0,1,Moderate
15,4,rain,Medium,arterial,1,1,Moderate
13,5,clear,Low,arterial,1,1,Low
12,1,clear,Heavy,arterial,0,0,Low
0,1,clear,Low,highway,0,1,Moderate
18,0,clear,Heavy,local,0,0,Low
0,6,clear,Heavy,arterial,0,1,High
6,6,clear,Heavy,highway,0,1,Moderate
9,0,clear,Heavy,arterial,1,1,Moderate
16,1,rain,Heavy,highway,1,1,High
9,3,clear,Low,highway,0,1,Low
19,6,rain,Low,arterial,1,0,Moderate
22,5,clear,Medium,arterial,1,1,High
18,6,cloudy,Medium,local,0,1,Low
0,5,clear,Heavy,arterial,0,1,Moderate
18,4,rain,Low,local,0,0,Low
4,2,clear,Low,arterial,1,1,High
21,4,clear,Medium,arterial,0,1,Low
23,3,fog,Medium,highway,1,0,High
2,6,clear,Low,local,0,1,High
2,3,rain,Low,arterial,0,1,Moderate
16,5,cloudy,Heavy,highway,0,1,Moderate
3,1,clear,Heavy,arterial,1,1,Moderate
23,4,clear,Low,local,0,1,Moderate
12,3,rain,Heavy,local,1,1,Moderate
13,3,rain,Low,local,0,1,Low
20,5,clear,Medium,highway,0,1,Moderate
5,3,rain,Medium,highway,1,1,Moderate
13,0,rain,Medium,arterial,1,0,Moderate
23,2,cloudy,Low,arterial,0,1,High
0,6,rain,Medium,arterial,0,1,Moderate
4,6,clear,Heavy,arterial,0,1,Moderate
3,4,clear,Low,local,0,1,Moderate
8,4,fog,Medium,arterial,0,1,Moderate
3,1,rain,Medium,highway,0,1,High
4,5,clear,Heavy,highway,0,0,High
20,4,cloudy,Medium,arterial,0,0,Low
11,0,clear,Heavy,highway,0,1,Low
8,6,clear,Medium,arterial,1,1,Low
10,5,clear,Low,highway,0,1,Low
23,0,clear,Low,arterial,0,1,Moderate
11,2,clear,Heavy,highway,1,1,Moderate
11,5,clear,Medium,arterial,0,1,Low
22,5,rain,Heavy,highway,1,0,High
0,1,rain,Medium,arterial,0,1,High
11,0,clear,Low,local,0,1,Low
17,6,clear,Medium,arterial,1,1,Moderate
12,6,fog,Low,local,0,1,Moderate
20,5,clear,Medium,arterial,1,0,Moderate
21,4,clear,Medium,highway,0,0,Moderate
8,4,clear,Medium,local,0,1,Low
19,3,fog,Medium,arterial,0,1,Moderate
5,4,clear,Low,arterial,0,1,Low
5,2,fog,Medium,arterial,0,1,Moderate
23,0,fog,Low,highway,1,1,High
0,2,fog,Medium,local,0,1,Moderate
8,2,rain,Low,local,1,0,Moderate
15,2,cloudy,Low,local,1,1,Low
9,3,fog,Heavy,arterial,1,1,Moderate
20,0,clear,Low,arterial,1,1,Moderate
6,2,rain,Medium,highway,1,1,Moderate
13,3,clear,Medium,local,0,1,Low
3,1,clear,Medium,highway,0,1,Moderate
5,3,clear,Heavy,arterial,1,1,Moderate
4,4,fog,Medium,highway,1,1,High
17,2,clear,Heavy,local,0,0,Low
4,0,cloudy,Low,local,1,0,High
16,4,cloudy,Low,local,1,1,Low
8,4,cloudy,Medium,local,0,1,Low
13,2,clear,Medium,local,0,0,Low
20,0,cloudy,Low,highway,1,0,Moderate
20,0,cloudy,Medium,arterial,1,0,Moderate
0,0,rain,Medium,arterial,1,0,High
18,5,fog,Heavy,highway,1,1,High
22,2,clear,Low,arterial,0,1,Moderate
16,2,clear,Low,highway,1,1,Moderate
4,4,cloudy,Low,arterial,0,0,High
15,4,clear,Heavy,local,1,1,Low
15,0,cloudy,Low,highway,1,1,Moderate
15,6,rain,Low,highway,1,1,Moderate
10,1,clear,Medium,local,1,0,Low
12,5,rain,Low,local,0,1,Low
15,5,clear,Medium,local,0,0,Low
11,3,fog,Low,highway,1,1,Moderate
18,1,clear,Medium,local,1,1,Moderate
17,3,rain,Low,highway,0,0,Moderate
7,1,clear,Medium,arterial,1,0,Moderate
14,5,clear,Low,highway,1,0,Low
18,5,clear,Low,arterial,0,0,Low
11,5,cloudy,Heavy,local,0,1,Low
17,5,fog,Heavy,local,0,1,Moderate
3,1,rain,Medium,highway,1,1,High
9,0,cloudy,Medium,local,0,0,Low
16,4,clear,Medium,arterial,1,0,Low
21,4,fog,Heavy,arterial,0,0,High
15,6,clear,Medium,highway,1,1,Moderate
15,4,cloudy,Medium,arterial,0,0,Moderate
8,5,clear,Heavy,arterial,1,1,Low
16,2,rain,Medium,local,1,1,Low
8,0,clear,Medium,local,0,1,Low
1,0,clear,Low,local,1,1,High
5,3,clear,Heavy,highway,1,0,High
14,0,cloudy,Medium,highway,0,1,Moderate
23,3,clear,Medium,arterial,0,1,Moderate
11,2,rain,Medium,arterial,1,0,Moderate
20,1,rain,Medium,local,0,1,Moderate
18,4,fog,Medium,arterial,0,1,Moderate
13,4,clear,Medium,highway,0,0,Low
19,0,cloudy,Low,local,0,1,Low
9,3,clear,Heavy,local,0,1,Low
10,6,rain,Low,local,1,1,Low
17,2,clear,Heavy,local,0,1,Low
15,5,clear,Heavy,arterial,0,0,Low
12,2,clear,Heavy,highway,0,1,Low
10,1,clear,Low,local,0,1,Low
23,5,rain,Low,local,0,1,High
1,2,clear,Medium,arterial,1,1,Moderate
1,6,cloudy,Low,highway,1,1,High
11,4,clear,Heavy,highway,1,0,Moderate
0,5,clear,Medium,highway,0,1,High
8,5,fog,Heavy,highway,0,1,High
13,6,rain,Heavy,local,1,1,Moderate
9,3,fog,Heavy,arterial,1,1,High
4,6,clear,Low,arterial,1,1,Moderate
6,0,rain,Heavy,arterial,1,0,High
14,3,cloudy,Low,arterial,0,1,Low
22,2,cloudy,Heavy,arterial,0,1,Moderate
18,0,clear,Heavy,arterial,0,1,Low
13,6,clear,Low,local,0,1,Low
3,5,clear,Medium,highway,0,1,High
5,5,cloudy,Medium,local,0,1,Moderate
10,4,rain,Medium,arterial,0,1,Low
5,4,cloudy,Heavy,local,1,1,Moderate
16,2,clear,Low,local,0,1,Low
8,4,rain,Medium,local,1,1,Moderate
20,6,clear,Heavy,local,1,0,Moderate
6,1,rain,Low,arterial,1,1,Moderate
11,2,clear,Medium,arterial,1,0,Low
17,0,cloudy,Medium,highway,0,1,Moderate
4,6,clear,Heavy,arterial,1,1,High
18,3,clear,Heavy,arterial,1,0,Low
14,4,clear,Medium,arterial,1,1,Low
15,1,clear,Medium,highway,0,1,Low
10,0,clear,Medium,highway,1,1,Moderate
22,5,clear,Medium,local,1,1,High
18,6,clear,Heavy,local,0,0,Low
4,2,rain,Low,local,1,1,High
13,5,clear,Low,highway,0,1,Low
21,4,clear,Medium,local,1,1,Moderate
6,4,cloudy,Low,arterial,1,1,Low
12,1,rain,Heavy,highway,0,1,Moderate
18,4,clear,Low,highway,1,1,Moderate
6,1,cloudy,Medium,highway,1,1,Moderate
12,1,rain,Low,arterial,1,0,Low
13,2,clear,Medium,local,0,1,Low
4,1,clear,Low,local,0,1,Moderate
4,6,clear,Medium,arterial,0,0,High
13,0,fog,Heavy,arterial,0,0,Moderate
4,6,clear,Heavy,arterial,0,1,High
22,1,clear,Low,arterial,1,0,High
12,6,fog,Medium,local,1,1,Moderate
16,2,rain,Medium,arterial,1,0,Moderate
9,6,clear,Medium,highway,1,1,Low
7,3,clear,Heavy,arterial,0,1,Low
11,3,cloudy,Heavy,local,0,1,Low
17,0,rain,Heavy,arterial,0,1,Low
9,3,clear,Medium,local,0,0,Low
6,3,clear,Heavy,arterial,0,0,Moderate
3,6,rain,Medium,arterial,0,1,High
13,1,rain,Low,arterial,1,1,Moderate
16,0,clear,Medium,local,1,0,Low
12,1,rain,Medium,arterial,1,1,Low
6,1,cloudy,Heavy,highway,0,1,Moderate
5,6,fog,Heavy,arterial,0,1,High
9,1,clear,Heavy,highway,1,1,Low
8,6,clear,Heavy,arterial,0,1,Low
4,0,cloudy,Medium,arterial,0,1,Moderate
22,5,clear,Low,arterial,0,1,High
7,2,clear,Low,arterial,0,1,Low
6,0,cloudy,Low,highway,1,1,Moderate
14,4,cloudy,Low,highway,1,0,Low
19,5,clear,Heavy,arterial,1,0,Moderate
11,5,clear,Heavy,arterial,1,1,Low
16,1,cloudy,Medium,highway,1,1,Low
2,4,cloudy,Low,highway,1,0,High
12,3,clear,Medium,highway,0,0,Low
1,3,clear,Heavy,arterial,0,1,Moderate
3,6,clear,Low,arterial,0,1,High
14,2,rain,Low,arterial,0,1,Moderate
4,2,rain,Medium,arterial,1,1,High
0,3,cloudy,Low,local,0,0,High
4,6,cloudy,Medium,arterial,0,1,Low
18,6,clear,Heavy,highway,1,1,Moderate
14,4,clear,Low,local,1,1,Low
9,0,clear,Low,local,1,0,Low
23,2,clear,Medium,arterial,1,0,High
9,0,clear,Low,highway,1,0,Moderate
21,0,clear,Heavy,local,1,1,Moderate
8,5,fog,Low,arterial,1,0,Moderate
0,5,cloudy,Low,local,1,1,High
2,0,rain,Medium,arterial,1,1,High
6,3,cloudy,Heavy,arterial,0,1,Moderate
4,1,rain,Medium,arterial,0,1,Moderate
3,0,clear,Low,highway,0,1,High
9,2,clear,Low,arterial,0,1,Low
23,0,cloudy,Low,highway,0,0,High
4,5,clear,Low,local,0,1,Moderate
5,6,clear,Medium,highway,1,1,Moderate
23,2,cloudy,Heavy,local,1,1,High
4,1,clear,Heavy,local,1,1,High
19,3,clear,Heavy,arterial,1,1,High
14,6,fog,Heavy,local,1,1,Moderate
22,1,cloudy,Medium,arterial,1,1,Moderate
13,4,clear,Heavy,arterial,1,1,Moderate
14,0,clear,Heavy,arterial,0,1,Low
5,2,rain,Medium,arterial,1,1,Moderate
13,3,fog,Low,arterial,1,1,Moderate
16,2,clear,Heavy,highway,1,0,Moderate
23,1,clear,Heavy,arterial,1,0,High
2,5,cloudy,Medium,highway,0,0,High
3,4,clear,Medium,arterial,0,1,Moderate
0,3,clear,Medium,highway,1,1,High
18,2,clear,Heavy,arterial,1,0,Moderate
1,0,clear,Heavy,arterial,1,1,High
21,4,cloudy,Medium,arterial,0,1,Low
8,1,clear,Low,arterial,1,1,Moderate
6,2,cloudy,Low,local,0,0,Low
23,6,clear,Heavy,local,1,0,High
17,4,clear,Low,highway,0,1,Low
13,4,fog,Heavy,local,0,0,Low
21,1,clear,Low,arterial,1,1,High
18,3,clear,Low,highway,0,1,Low
15,0,clear,Low,arterial,0,1,Low
7,1,rain,Low,arterial,1,1,Moderate
23,5,cloudy,Heavy,arterial,0,1,High
17,3,clear,Low,arterial,0,0,Low
22,4,clear,Heavy,local,0,1,Moderate
23,5,cloudy,Heavy,arterial,0,1,High
13,6,rain,Heavy,arterial,0,1,Low
8,0,clear,Heavy,local,1,0,Low
22,4,clear,Low,arterial,0,1,High
23,6,cloudy,Medium,arterial,1,1,Moderate
2,1,clear,Medium,local,0,1,Moderate
15,6,cloudy,Heavy,local,0,1,Low
14,4,clear,Heavy,highway,0,1,Moderate
17,2,cloudy,Heavy,arterial,0,1,Moderate
23,5,rain,Medium,local,0,0,High
6,6,fog,Medium,highway,1,1,Moderate
23,0,cloudy,Heavy,highway,1,0,High
15,4,clear,Low,arterial,1,0,Low
1,6,cloudy,Low,local,0,0,High
12,4,rain,Low,arterial,0,0,Low
3,3,clear,Heavy,highway,0,0,High
22,0,clear,Medium,highway,1,1,Moderate
18,3,clear,Low,arterial,1,1,Low
21,6,cloudy,Heavy,arterial,0,1,Moderate
14,5,clear,Low,arterial,0,0,Low
9,3,clear,Heavy,local,0,0,Low
10,2,cloudy,Heavy,highway,1,1,Moderate
22,5,fog,Medium,arterial,0,1,High
3,6,clear,Low,arterial,0,1,High
21,2,clear,Medium,local,1,1,Moderate
10,5,fog,Medium,arterial,0,1,Moderate
14,2,fog,Low,arterial,0,1,Moderate
16,5,clear,Medium,highway,1,1,Low
1,6,clear,Low,highway,0,1,High
3,4,clear,Heavy,local,0,1,High
3,3,clear,Medium,arterial,0,0,Moderate
18,2,clear,Low,arterial,1,1,Low
1,0,cloudy,Medium,arterial,0,0,Moderate
14,0,rain,Medium,local,1,1,Moderate
2,5,cloudy,Low,arterial,0,0,High
18,4,rain,Low,arterial,1,1,Moderate
23,1,cloudy,Low,highway,0,1,High
9,3,clear,Medium,local,0,1,Low
5,6,clear,Low,local,0,1,Low
10,4,rain,Low,local,1,1,Low
16,6,cloudy,Heavy,highway,1,1,Low
17,0,clear,Low,arterial,1,1,Moderate
15,0,clear,Low,arterial,1,1,Low
13,4,cloudy,Medium,arterial,1,0,Low
15,4,clear,Heavy,local,1,1,Low
5,4,rain,Medium,local,0,0,Moderate
4,6,clear,Low,highway,1,1,High
22,0,cloudy,Medium,highway,0,1,High
13,6,clear,Heavy,highway,1,1,Moderate
20,0,clear,Low,local,1,1,Moderate
15,3,rain,Low,local,0,0,Low
10,5,clear,Heavy,local,0,0,Low
13,4,clear,Medium,highway,0,0,Low
16,1,clear,Low,arterial,1,1,Low
4,4,clear,Medium,arterial,1,1,Moderate
11,6,clear,Low,local,0,1,Low
17,1,clear,Medium,local,1,1,Low
2,6,clear,Heavy,highway,0,0,High
1,4,cloudy,Low,arterial,1,1,Moderate
3,0,rain,Medium,highway,0,1,High
14,2,clear,Medium,arterial,1,1,Low
5,6,rain,Heavy,highway,1,0,High
10,2,fog,Medium,arterial,0,0,Moderate
3,6,cloudy,Medium,arterial,1,1,High
6,2,cloudy,Medium,arterial,1,1,Low
0,2,clear,Medium,local,1,0,High
19,5,clear,Heavy,arterial,1,0,Moderate
11,5,fog,Heavy,local,1,0,Moderate
4,1,fog,Heavy,local,1,1,High
12,5,clear,Heavy,highway,1,1,Moderate
22,1,clear,Low,highway,1,1,High
19,6,clear,Medium,highway,0,0,Moderate
21,0,clear,Heavy,local,1,1,Moderate
9,4,rain,Heavy,arterial,0,1,Low
8,1,clear,Low,arterial,1,0,Low
7,4,cloudy,Medium,local,0,0,Low
7,6,rain,Low,arterial,1,0,Low
22,4,clear,Heavy,arterial,1,0,High
3,3,cloudy,Medium,highway,0,0,High
20,5,clear,Medium,local,1,1,Low
21,1,clear,Heavy,highway,0,1,Moderate
20,3,clear,Low,arterial,1,0,Moderate
15,6,clear,Heavy,local,0,1,Low
20,2,cloudy,Medium,local,1,1,Moderate
0,0,clear,Low,arterial,1,0,High
19,3,rain,Heavy,arterial,1,1,High
12,3,cloudy,Heavy,local,1,1,Moderate
23,5,fog,Heavy,arterial,1,1,High
2,5,cloudy,Heavy,local,0,1,High
22,2,cloudy,Low,local,0,1,Moderate
13,5,clear,Low,highway,0,1,Low
2,1,clear,Low,local,1,1,Moderate
12,1,cloudy,Low,local,0,1,Low
0,4,cloudy,Heavy,arterial,0,0,High
1,4,cloudy,Medium,arterial,1,1,Moderate
12,5,clear,Low,arterial,1,1,Low
19,4,clear,Heavy,local,0,0,Moderate
2,0,clear,Medium,local,1,1,High
6,4,clear,Medium,arterial,1,0,Moderate
9,3,rain,Heavy,arterial,0,1,Moderate
12,1,clear,Medium,arterial,1,1,Low
0,2,clear,Medium,arterial,1,0,High
15,5,clear,Low,highway,0,1,Low
11,1,rain,Medium,highway,0,0,Low
23,3,clear,Medium,arterial,1,1,High
7,0,clear,Heavy,local,1,0,Low
11,5,rain,Low,local,0,1,Low
1,1,cloudy,Medium,local,0,1,Low
22,6,clear,Low,arterial,0,0,High
20,6,clear,Heavy,arterial,0,1,Moderate
8,5,clear,Medium,arterial,1,0,Low
11,2,cloudy,Low,highway,1,1,High
20,5,clear,Heavy,highway,1,1,Moderate
7,0,cloudy,Heavy,local,0,1,Low
5,2,clear,Heavy,highway,1,0,Moderate
5,0,cloudy,Heavy,highway,1,1,Moderate
16,0,cloudy,Heavy,arterial,0,1,Low
5,2,rain,Heavy,arterial,1,1,Moderate
2,4,clear,Medium,highway,0,1,High
3,6,clear,Low,arterial,1,0,High
23,0,clear,Low,local,1,1,High
20,2,clear,Heavy,arterial,0,1,Moderate
22,4,clear,Heavy,arterial,0,1,Moderate
6,1,clear,Low,local,0,1,Low
10,5,rain,Medium,local,0,1,Low
11,3,rain,Low,local,1,1,Moderate
12,3,cloudy,Heavy,local,1,0,Low
0,0,clear,Low,highway,0,1,High
14,1,cloudy,Medium,local,0,1,Low
0,6,cloudy,Medium,highway,0,1,Moderate
6,6,cloudy,Low,highway,0,1,Moderate
7,3,clear,Heavy,arterial,0,0,Moderate
16,4,rain,Medium,local,1,1,Low
21,3,clear,Medium,arterial,0,1,Moderate
16,3,clear,Low,highway,1,1,Low
10,4,clear,Medium,highway,1,0,Low
12,3,clear,Low,arterial,0,1,Low
12,0,fog,Medium,local,0,1,Moderate
3,0,cloudy,Medium,local,1,1,Moderate
22,5,rain,Low,arterial,1,1,High
22,5,fog,Heavy,highway,0,0,High
5,1,cloudy,Low,local,0,1,Low
2,0,rain,Medium,highway,1,1,High
3,1,rain,Heavy,highway,1,1,High
15,4,clear,Heavy,arterial,1,0,Moderate
0,4,clear,Heavy,arterial,0,1,Moderate
2,1,clear,Low,local,1,1,High
15,1,cloudy,Medium,local,1,1,Low
3,1,rain,Heavy,arterial,1,0,High
1,3,clear,Medium,local,0,1,Low
0,1,rain,Medium,local,0,1,Moderate
16,3,cloudy,Heavy,highway,1,1,Moderate
8,0,clear,Medium,arterial,0,0,Low
6,6,cloudy,Heavy,highway,1,1,Moderate
15,6,rain,Heavy,local,1,1,Moderate
4,2,clear,Heavy,local,0,0,Moderate
12,5,clear,Low,local,0,1,Low
11,3,cloudy,Heavy,arterial,1,0,Low
16,0,clear,Heavy,arterial,0,1,Moderate
14,1,clear,Medium,arterial,1,1,Low
16,0,rain,Medium,local,0,1,Moderate
5,4,clear,Low,local,0,1,Low
3,5,clear,Medium,local,1,1,High
12,4,rain,Heavy,highway,0,1,Moderate
1,0,cloudy,Heavy,arterial,1,1,High
10,1,clear,Low,local,0,0,Low
15,3,clear,Low,arterial,1,1,Low
19,1,clear,Heavy,arterial,0,0,Moderate
15,0,clear,Heavy,arterial,0,1,Low
23,2,rain,Low,highway,1,1,High
13,4,clear,Low,local,0,0,Low
10,0,clear,Heavy,local,0,1,Low
5,6,rain,Low,local,0,1,Moderate
16,3,rain,Medium,highway,1,0,Moderate
19,1,cloudy,Heavy,highway,0,1,Moderate
7,0,clear,Heavy,arterial,1,1,Low
1,6,clear,Low,highway,1,1,High
0,4,fog,Heavy,arterial,1,1,High
15,6,cloudy,Heavy,arterial,0,1,Moderate
15,5,rain,Heavy,highway,0,0,Moderate
2,6,clear,Medium,arterial,1,1,High
0,6,rain,Medium,local,1,0,High
15,5,fog,Medium,arterial,1,0,Moderate
9,5,clear,Medium,arterial,0,0,Low
10,5,clear,Medium,local,1,0,Low
6,1,clear,Medium,local,1,1,Low
17,4,cloudy,Medium,arterial,0,1,Low
17,6,clear,Medium,arterial,1,0,Low
1,6,clear,Low,highway,0,1,High
2,0,cloudy,Heavy,local,1,1,High
13,0,cloudy,Heavy,highway,0,1,Low
14,1,clear,Medium,highway,1,1,Moderate
3,5,fog,Heavy,local,1,0,High
3,2,clear,Heavy,local,1,1,High
16,4,clear,Medium,arterial,1,1,Low
10,0,cloudy,Heavy,local,1,1,Moderate
2,0,cloudy,Low,arterial,0,1,Moderate
14,5,cloudy,Heavy,local,0,1,Low
1,2,cloudy,Low,arterial,1,1,High
5,0,rain,Heavy,arterial,1,1,High
17,1,rain,Medium,arterial,0,1,Moderate
5,2,fog,Medium,local,1,1,Moderate
1,2,fog,Medium,arterial,1,1,High
23,6,clear,Medium,highway,0,1,High
5,1,cloudy,Heavy,local,0,1,Low
12,4,clear,Low,arterial,0,1,Low
19,1,cloudy,Low,arterial,0,0,Low
23,3,clear,Heavy,arterial,1,1,High
19,2,clear,Low,highway,1,1,Moderate
8,2,rain,Low,highway,0,1,Low
20,4,cloudy,Low,arterial,1,1,Moderate
0,4,clear,Medium,local,1,0,High
7,0,clear,Heavy,local,0,0,Low
4,1,clear,Medium,highway,0,0,High
12,1,rain,Low,arterial,0,0,Low
21,6,clear,Medium,local,1,0,Low
18,2,cloudy,Medium,arterial,1,0,Low
23,4,cloudy,Heavy,local,1,1,High
3,3,cloudy,Medium,arterial,1,1,Moderate
18,2,clear,Low,arterial,1,1,Low
17,0,rain,Heavy,local,1,0,Moderate
10,3,rain,Low,highway,1,1,Moderate
2,6,clear,Heavy,arterial,1,0,High
2,6,clear,Low,highway,0,0,High
21,2,cloudy,Medium,arterial,0,1,Moderate
7,3,clear,Low,arterial,0,1,Low
15,2,clear,Heavy,arterial,1,1,Moderate
22,6,clear,Medium,highway,0,1,High
11,3,clear,Heavy,local,1,0,Low
5,6,rain,Heavy,local,0,1,High
11,5,fog,Low,local,0,1,Moderate
5,2,cloudy,Low,arterial,0,1,Low
4,3,clear,Heavy,local,1,1,Moderate
19,3,clear,Medium,local,0,1,Low
8,1,clear,Heavy,highway,1,1,Low
16,5,cloudy,Medium,local,1,1,Low
17,3,cloudy,Heavy,arterial,0,1,Low
13,1,fog,Medium,local,0,0,Moderate
12,3,clear,Heavy,highway,1,0,Moderate
4,5,clear,Heavy,arterial,1,0,High
12,2,cloudy,Heavy,local,0,1,Low
18,4,clear,Heavy,highway,1,1,Moderate
4,6,clear,Low,local,1,1,High
5,2,clear,Heavy,local,0,1,Moderate
16,6,clear,Medium,arterial,0,1,Moderate
23,2,clear,Low,local,0,0,High
9,3,clear,Medium,local,0,0,Low
19,5,rain,Medium,highway,1,1,High
4,0,rain,Heavy,local,1,1,High
13,4,clear,Medium,local,1,1,Low
22,3,clear,Low,arterial,1,0,High
10,4,rain,Heavy,local,0,0,Low
12,6,fog,Low,highway,1,0,High
3,3,rain,Medium,local,1,0,High
12,6,clear,Medium,highway,0,1,Moderate
14,3,rain,Medium,arterial,0,1,Low
23,1,cloudy,Medium,highway,1,0,High
4,4,clear,Medium,local,1,1,Moderate
8,1,clear,Heavy,local,0,1,Low
15,6,fog,Heavy,local,0,1,Moderate
22,1,rain,Heavy,local,0,0,High
5,3,clear,Low,local,1,1,Low
16,5,cloudy,Low,arterial,1,1,Low
21,0,clear,Low,local,1,1,Low
15,3,cloudy,Heavy,arterial,1,1,Low
10,3,clear,Low,local,0,0,Low
5,2,clear,Medium,local,0,0,Low
6,4,clear,Heavy,arterial,1,0,Moderate
1,2,clear,Medium,local,1,1,Moderate
3,2,fog,Low,highway,0,1,High
10,1,rain,Low,arterial,1,1,Moderate
3,4,clear,Heavy,highway,0,1,High
0,6,clear,Medium,local,1,0,High
16,1,clear,Medium,highway,1,1,Low
1,2,clear,Low,local,0,1,Moderate
3,1,clear,Heavy,local,0,1,Moderate
14,1,clear,Heavy,local,0,0,Low
22,6,clear,Medium,arterial,0,1,Moderate
17,4,fog,Medium,arterial,1,1,Moderate
0,6,rain,Medium,local,0,1,High
4,4,clear,Low,arterial,0,0,High
17,4,cloudy,Heavy,local,0,1,Low
17,5,clear,Medium,highway,1,1,Low
9,4,cloudy,Low,local,0,0,Low
22,5,clear,Heavy,local,0,0,High
21,2,clear,Heavy,local,1,1,Low
17,0,clear,Low,arterial,1,1,Moderate
17,3,fog,Medium,local,1,1,Moderate
18,0,cloudy,Heavy,arterial,0,1,Low
3,0,cloudy,Low,arterial,1,1,High
16,0,rain,Heavy,arterial,0,1,Moderate
22,0,rain,Medium,arterial,0,0,High
5,4,rain,Medium,highway,1,1,High
0,4,clear,Low,highway,1,0,High
8,6,clear,Low,local,0,0,Low
6,2,rain,Medium,local,1,1,Moderate
22,2,fog,Low,arterial,0,1,Moderate
10,3,cloudy,Medium,local,0,1,Low
15,5,fog,Low,highway,1,1,Moderate
23,6,cloudy,Heavy,arterial,1,0,High
18,5,clear,Low,local,0,1,Low
17,3,rain,Heavy,local,0,1,Low
23,6,rain,Low,arterial,1,1,High
16,1,clear,Heavy,local,0,1,Low
5,3,cloudy,Low,local,1,0,Low
17,1,clear,Low,arterial,0,0,Low
7,1,cloudy,Low,local,1,1,Low
7,2,clear,Heavy,arterial,1,0,Low
15,5,clear,Low,arterial,0,1,Low
7,2,cloudy,Heavy,arterial,1,1,Moderate
0,5,clear,Low,arterial,1,0,High
23,4,clear,Heavy,highway,1,0,High
13,4,clear,Low,arterial,1,0,Low
16,1,cloudy,Low,local,0,0,Low
19,6,clear,Medium,arterial,1,1,Moderate
15,1,clear,Low,arterial,0,0,Low
14,2,clear,Medium,local,0,1,Low
19,5,clear,Heavy,local,1,1,Low
7,4,rain,Heavy,arterial,0,1,Moderate
19,2,cloudy,Low,arterial,0,1,Moderate
17,1,cloudy,Low,local,1,0,Low
4,3,clear,Low,local,1,0,High
3,3,cloudy,Medium,arterial,0,1,Moderate
21,0,clear,Heavy,local,0,1,Low
21,1,rain,Medium,local,1,1,Moderate
23,1,clear,Heavy,local,1,0,High
2,1,cloudy,Medium,arterial,0,0,High
21,2,fog,Medium,local,1,0,High
20,0,rain,Medium,arterial,0,1,Low
18,4,rain,Medium,local,0,1,Low
11,4,clear,Low,highway,0,1,Low
12,1,clear,Low,arterial,0,0,Low
10,6,clear,Low,local,1,1,Low
0,4,clear,Heavy,local,1,0,High
12,2,cloudy,Heavy,local,1,0,Low
5,1,cloudy,Low,arterial,1,0,Moderate
4,3,fog,Low,local,1,1,High
1,6,fog,Heavy,arterial,1,1,High
10,0,clear,Medium,highway,0,1,Low
1,0,rain,Low,arterial,1,1,High
20,2,rain,Heavy,local,1,1,High
21,6,cloudy,Heavy,arterial,1,0,Moderate
19,1,clear,Low,arterial,1,1,Moderate
7,5,clear,Heavy,local,1,0,Moderate
3,4,clear,Heavy,highway,0,1,High
12,1,clear,Medium,highway,0,0,Low
16,6,clear,Heavy,arterial,1,0,Moderate
0,1,clear,Low,arterial,1,1,High
20,3,clear,Medium,local,1,1,Low
10,4,cloudy,Heavy,arterial,0,1,Low
19,4,clear,Medium,arterial,1,1,Moderate
1,5,rain,Medium,local,1,0,High
10,4,clear,Medium,arterial,1,1,Moderate
10,4,clear,Medium,local,1,1,Low
1,1,clear,Heavy,local,1,1,Moderate
16,2,cloudy,Heavy,arterial,0,1,Low
22,2,clear,Heavy,highway,0,0,High
12,2,cloudy,Heavy,local,1,1,Low
9,0,clear,Medium,arterial,1,0,Low
15,0,clear,Medium,arterial,1,0,Low
8,3,clear,Low,local,1,0,Low
8,5,clear,Low,local,0,1,Low
18,6,fog,Low,highway,0,0,Moderate
14,6,cloudy,Low,highway,1,0,Moderate
6,3,clear,Medium,local,0,1,Low
9,6,rain,Heavy,arterial,0,1,Moderate
20,3,cloudy,Heavy,highway,1,1,High
12,3,clear,Heavy,highway,1,0,Low
1,1,fog,Low,highway,1,1,High
20,4,clear,Low,highway,1,0,Moderate
17,2,clear,Low,local,0,1,Low
6,3,rain,Medium,local,1,1,Moderate
23,6,rain,Low,local,0,1,High
22,3,clear,Low,arterial,0,0,High
23,2,clear,Low,local,0,1,Moderate
9,4,cloudy,Heavy,arterial,1,1,Moderate
22,5,cloudy,Heavy,highway,1,1,High
19,4,clear,Low,arterial,1,1,Moderate
20,0,fog,Low,arterial,0,1,Moderate
13,1,clear,Low,arterial,0,1,Low
6,0,rain,Medium,local,0,1,Low
5,6,rain,Medium,arterial,0,0,Moderate
23,2,clear,Low,local,1,1,High
12,3,clear,Low,arterial,0,1,Low
22,6,clear,Medium,arterial,0,1,Moderate
13,6,cloudy,Low,local,1,1,Low
12,1,clear,Medium,local,1,0,Low
1,6,rain,Heavy,highway,1,0,High
9,5,clear,Heavy,arterial,0,1,Moderate
13,4,clear,Low,arterial,1,1,Low
2,1,clear,Heavy,highway,1,1,High
3,4,clear,Medium,local,0,1,Low
14,4,clear,Low,arterial,1,1,Low
5,3,rain,Low,arterial,1,1,Moderate
16,4,rain,Medium,highway,0,1,Moderate
11,1,clear,Heavy,arterial,0,1,Low
9,4,fog,Heavy,arterial,0,0,Moderate
2,1,clear,Medium,arterial,1,0,High
9,2,fog,Heavy,local,0,0,Moderate
13,3,clear,Low,highway,1,1,Low
13,1,clear,Heavy,arterial,0,0,Low
6,6,rain,Low,highway,0,1,Moderate
0,6,clear,Medium,arterial,0,1,Moderate
22,3,rain,Heavy,local,1,1,High
22,3,cloudy,Medium,arterial,1,1,Moderate
21,2,clear,Low,local,1,0,Moderate
6,1,clear,Heavy,local,0,0,Low
14,6,clear,Low,local,0,0,Low
3,2,cloudy,Low,local,1,0,High
21,6,clear,Medium,local,0,1,Low
0,0,clear,Medium,arterial,1,0,Moderate
11,0,clear,Medium,local,1,1,Low
20,3,clear,Heavy,arterial,0,1,Low
17,5,clear,Low,local,1,0,Low
20,2,clear,Medium,arterial,0,1,Low
11,5,clear,Low,highway,1,1,Moderate
2,0,rain,Low,local,1,0,High
0,5,cloudy,Low,local,0,1,Moderate
3,3,clear,Low,local,1,0,High
1,1,rain,Medium,local,0,0,High
10,4,clear,Heavy,local,0,0,Low
1,5,clear,Heavy,local,0,1,Moderate
4,6,clear,Medium,arterial,0,1,Moderate
10,0,clear,Medium,highway,1,0,Low
17,4,rain,Low,local,1,0,Moderate
16,2,clear,Low,arterial,1,0,Moderate
1,3,cloudy,Medium,arterial,1,0,High
21,3,clear,Medium,local,1,1,Low
13,5,clear,Medium,local,0,1,Low
8,2,clear,Heavy,arterial,0,1,Low
9,1,clear,Low,arterial,0,1,Low
20,3,clear,Low,highway,0,1,Low
11,4,clear,Heavy,local,1,1,Moderate
5,5,clear,Low,arterial,1,1,Low
10,0,rain,Heavy,arterial,1,1,Moderate
1,3,cloudy,Low,arterial,1,1,High
3,0,rain,Low,local,1,0,High
7,4,rain,Medium,arterial,0,0,Moderate
5,4,clear,Low,local,0,1,Low
8,5,rain,Heavy,arterial,1,1,Moderate
1,1,fog,Medium,arterial,0,1,High
14,5,clear,Medium,highway,1,1,Moderate
2,4,cloudy,Medium,arterial,1,0,High
5,4,clear,Low,arterial,1,1,Low
23,4,clear,Medium,arterial,0,1,Moderate
0,3,clear,Low,arterial,1,1,High
6,0,clear,Medium,arterial,0,0,Low
12,5,clear,Medium,local,1,1,Low
7,2,cloudy,Heavy,arterial,0,1,Moderate
7,0,clear,Medium,local,0,1,Low
3,4,clear,Heavy,local,1,0,High
10,6,clear,Low,arterial,0,1,Low
18,4,fog,Heavy,arterial,0,1,Moderate
14,1,rain,Medium,local,1,1,Low
22,5,clear,Low,arterial,1,1,High
16,5,rain,Low,highway,1,0,Moderate
18,2,rain,Heavy,arterial,0,1,Moderate
10,3,rain,Medium,arterial,0,1,Moderate
14,5,rain,Low,arterial,1,1,Moderate
13,1,clear,Medium,highway,1,1,Low
19,2,clear,Low,arterial,0,0,Low
12,3,rain,Low,local,0,1,Low
9,0,rain,Low,local,1,1,Low
1,1,clear,Medium,local,0,1,Moderate
20,4,cloudy,Heavy,arterial,0,1,Moderate
10,1,cloudy,Heavy,highway,0,1,Low
19,1,clear,Low,local,0,1,Low
16,2,cloudy,Low,local,1,1,Low
0,0,clear,Heavy,highway,0,1,Moderate
15,4,clear,Heavy,arterial,0,1,Low
11,1,clear,Low,arterial,0,1,Low
5,4,clear,Heavy,arterial,0,0,Low
6,5,clear,Heavy,arterial,0,1,Moderate
15,3,clear,Low,local,0,0,Low
2,6,clear,Heavy,highway,0,0,High
14,1,clear,Medium,local,1,1,Low
20,6,clear,Heavy,arterial,1,1,Moderate
2,2,clear,Medium,arterial,0,1,Moderate
0,2,clear,Medium,arterial,1,1,Moderate
1,6,rain,Medium,local,0,0,High
17,3,cloudy,Low,arterial,0,1,Low
20,5,clear,Medium,highway,0,0,Low
23,5,cloudy,Medium,local,1,0,High
0,3,clear,Low,highway,0,1,Moderate
11,2,clear,Heavy,highway,0,1,Moderate
1,3,clear,Low,highway,0,0,High
8,2,rain,Heavy,arterial,1,1,Moderate
7,2,cloudy,Medium,arterial,0,0,Low
14,1,rain,Medium,arterial,0,1,Moderate
21,6,rain,Heavy,highway,0,1,High
19,4,clear,Medium,local,0,1,Low
1,5,rain,Low,highway,1,0,High
5,4,cloudy,Low,local,1,0,Moderate
6,2,cloudy,Medium,arterial,0,1,Low
6,2,clear,Heavy,arterial,0,1,Low
8,6,clear,Medium,local,1,0,Low
14,0,clear,Low,arterial,0,1,Low
17,2,clear,Heavy,local,0,1,Low
22,5,clear,Medium,local,1,1,Moderate
16,3,clear,Medium,arterial,1,0,Low
7,4,clear,Heavy,highway,0,1,Moderate
4,0,clear,Low,arterial,0,1,Moderate
9,1,fog,Heavy,local,1,1,Moderate
19,4,clear,Medium,local,1,0,Moderate
23,2,fog,Low,arterial,1,1,High
9,3,clear,Low,arterial,1,0,Low
4,6,clear,Heavy,arterial,0,1,High
0,4,clear,Heavy,arterial,1,0,High
1,4,clear,Low,local,0,1,Moderate
15,1,clear,Low,local,0,0,Low
14,4,clear,Low,arterial,1,1,Low
15,6,rain,Low,local,1,1,Moderate
0,4,clear,Medium,arterial,1,1,Moderate
10,5,clear,Medium,arterial,0,1,Low
4,6,clear,Low,local,1,0,High
8,6,cloudy,Medium,arterial,0,0,Low
14,2,fog,Medium,arterial,0,0,Moderate
6,2,clear,Low,arterial,1,1,Moderate
15,1,clear,Heavy,arterial,1,1,Moderate
6,5,fog,Medium,highway,0,1,Moderate
12,2,fog,Heavy,arterial,0,1,Moderate
11,5,rain,Medium,highway,0,1,Moderate
9,5,rain,Heavy,arterial,0,0,Low
3,4,clear,Medium,arterial,1,1,Moderate
13,0,clear,Heavy,highway,0,1,Low
23,4,clear,Medium,local,0,0,Moderate
15,1,cloudy,Low,arterial,1,1,Moderate
17,3,rain,Low,arterial,0,1,Moderate
19,1,clear,Medium,arterial,1,1,Moderate
0,0,clear,Heavy,local,0,1,Moderate
19,4,rain,Medium,local,1,1,Moderate
5,3,clear,Low,local,0,1,Low
15,4,cloudy,Low,arterial,1,1,Low
23,3,rain,Medium,arterial,0,0,High
21,2,clear,Medium,arterial,0,1,Low
9,0,clear,Medium,arterial,0,1,Low
20,1,clear,Low,arterial,1,1,Low
14,6,clear,Medium,highway,1,1,Moderate
3,5,clear,Medium,arterial,0,0,Moderate
5,3,cloudy,Heavy,arterial,0,1,Moderate
22,0,clear,Heavy,local,0,1,Moderate
21,6,cloudy,Medium,local,1,1,Moderate
21,5,clear,Low,arterial,1,1,Moderate
9,0,rain,Heavy,local,0,0,Moderate
7,1,clear,Heavy,highway,0,1,Low
19,1,cloudy,Heavy,arterial,1,1,Moderate
0,6,clear,Medium,arterial,1,0,High
21,6,rain,Heavy,highway,0,0,Moderate
14,2,clear,Heavy,local,0,1,Low
15,1,fog,Heavy,arterial,0,1,Moderate
10,4,clear,Heavy,arterial,1,1,Moderate
23,1,rain,Medium,local,1,1,Moderate
17,0,clear,Heavy,arterial,0,1,Low
1,1,clear,Heavy,local,0,1,Moderate
12,1,cloudy,Medium,local,0,1,Low
20,0,clear,Heavy,local,0,0,Moderate
1,4,rain,Medium,local,1,1,High
17,2,clear,Low,local,1,0,Low
5,3,rain,Low,arterial,1,1,Moderate
12,3,clear,Low,highway,0,1,Low
21,5,clear,Medium,arterial,0,1,Low
11,5,cloudy,Heavy,arterial,0,0,Low
0,3,cloudy,Low,arterial,0,0,High
0,5,cloudy,Heavy,highway,0,1,High
17,3,cloudy,Low,arterial,1,1,Moderate
22,0,cloudy,Low,arterial,0,1,Moderate
7,6,rain,Low,arterial,0,0,Moderate
22,5,clear,Medium,arterial,1,1,Moderate
10,2,clear,Heavy,highway,1,1,Low
1,2,cloudy,Low,arterial,1,1,High
12,6,clear,Low,highway,0,1,Low
23,2,rain,Heavy,arterial,1,1,High
6,2,fog,Medium,arterial,0,1,Moderate
23,5,rain,Low,arterial,0,1,High
15,2,clear,Medium,arterial,1,1,Low
9,2,rain,Heavy,arterial,0,1,Moderate
16,5,clear,Medium,highway,0,0,Low
9,1,clear,Medium,arterial,1,1,Moderate
2,0,rain,Heavy,highway,1,1,High
20,2,rain,Low,local,0,1,Moderate
8,1,clear,Heavy,local,0,1,Low
13,2,rain,Heavy,arterial,1,1,High
17,0,rain,Low,highway,1,1,Moderate
1,4,clear,Low,arterial,0,1,Moderate
17,3,clear,Medium,highway,1,1,Moderate
8,1,rain,Medium,highway,0,1,Moderate
13,4,clear,Medium,arterial,1,1,Low
10,1,clear,Heavy,local,0,1,Low
18,0,clear,Low,arterial,1,1,Low
4,3,rain,Low,highway,0,1,High
2,1,rain,Low,highway,0,1,High
9,5,cloudy,Heavy,arterial,1,0,Low
2,2,rain,Low,arterial,0,1,High
5,3,cloudy,Medium,highway,1,1,Moderate
15,2,cloudy,Heavy,local,0,1,Low
19,3,clear,Low,highway,0,0,Moderate
16,0,clear,Low,arterial,1,0,Moderate
7,6,clear,Heavy,local,1,1,Low
19,1,clear,Low,local,0,1,Low
9,2,clear,Medium,arterial,0,1,Low
4,5,clear,Medium,arterial,1,1,High
18,2,clear,Heavy,local,0,0,Low
12,4,clear,Low,highway,0,1,Low
8,0,clear,Heavy,arterial,0,1,Low
15,2,clear,Heavy,local,0,0,Low
17,5,rain,Low,local,0,1,Low
5,1,rain,Low,local,1,1,Moderate
2,2,cloudy,Heavy,arterial,1,1,High
12,0,clear,Medium,arterial,1,1,Low
1,3,cloudy,Medium,highway,1,1,High
15,2,cloudy,Low,local,0,1,Low
10,6,clear,Heavy,local,1,1,Low
5,2,clear,Low,arterial,0,0,Low
14,5,clear,Medium,local,0,1,Low
9,6,clear,Heavy,highway,1,1,Low
9,5,clear,Heavy,local,0,1,Low
5,5,clear,Low,arterial,1,1,Low
16,4,clear,Medium,highway,1,1,Low
21,3,clear,Low,arterial,0,0,Low
14,0,clear,Low,local,0,1,Low
5,0,fog,Low,local,1,1,High
20,2,clear,Heavy,arterial,1,1,Moderate
2,4,rain,Medium,highway,1,0,High
6,0,clear,Heavy,highway,1,1,Moderate
0,6,rain,Low,local,0,0,High
20,6,cloudy,Medium,arterial,1,0,Moderate
1,0,cloudy,Medium,arterial,0,1,Moderate
13,0,cloudy,Medium,highway,1,1,Moderate
4,5,cloudy,Heavy,arterial,1,1,High
5,1,cloudy,Heavy,local,1,1,Moderate
14,1,clear,Heavy,arterial,0,0,Low
19,1,clear,Low,local,0,1,Low
0,4,rain,Heavy,local,1,1,High
3,0,clear,Heavy,local,0,1,Moderate
6,1,clear,Low,local,1,1,Low
22,2,fog,Low,local,0,0,High
1,4,fog,Medium,arterial,1,1,High
4,6,clear,Medium,local,0,0,High
9,1,clear,Low,local,0,1,Low
7,1,clear,Low,local,0,0,Low
1,3,clear,Low,local,0,1,Moderate
12,2,fog,Medium,arterial,1,1,High
14,4,clear,Low,highway,0,0,Low
4,1,clear,Heavy,local,0,1,High
16,4,rain,Medium,arterial,1,1,Moderate
1,6,clear,Low,local,1,1,High
17,4,fog,Heavy,arterial,0,1,Moderate
6,5,clear,Low,arterial,0,1,Low
5,0,clear,Heavy,local,1,0,Moderate
4,6,fog,Heavy,highway,1,1,High
20,4,clear,Medium,arterial,0,1,Low
12,4,cloudy,Low,local,0,0,Low
16,1,clear,Medium,arterial,1,1,Moderate
4,3,cloudy,Medium,local,1,1,Moderate
1,4,clear,Medium,arterial,0,1,Moderate
0,4,rain,Heavy,arterial,0,1,Moderate
10,0,fog,Low,arterial,0,0,Moderate
7,0,clear,Heavy,local,0,0,Low
18,3,clear,Medium,local,0,1,Low
18,5,cloudy,Medium,local,0,1,Low
7,2,fog,Low,local,1,1,Low
10,4,clear,Low,highway,1,1,Low
9,6,fog,Medium,local,1,1,Moderate
16,6,rain,Heavy,highway,0,0,Moderate
15,4,cloudy,Heavy,local,0,0,Low
15,5,clear,Low,arterial,1,1,Low
1,0,clear,Heavy,arterial,1,1,Moderate
8,0,cloudy,Low,local,0,1,Low
23,4,cloudy,Heavy,local,1,0,High
8,5,clear,Low,local,0,1,Low
4,1,cloudy,Medium,highway,0,1,High
4,4,rain,Heavy,local,1,1,High
0,2,clear,Medium,highway,1,1,High
18,0,cloudy,Heavy,highway,0,1,Low
0,2,clear,Heavy,highway,0,1,Moderate
14,3,clear,Low,local,1,1,Low
9,5,clear,Low,highway,1,1,Low
2,6,clear,Low,local,1,1,Moderate
21,6,cloudy,Low,local,0,1,Low
17,0,rain,Medium,local,0,1,Low
19,6,clear,Low,arterial,1,1,Moderate
22,3,clear,Medium,local,1,0,High
21,1,rain,Low,local,0,0,Moderate
16,4,clear,Heavy,arterial,1,1,Low
12,0,fog,Low,local,1,1,Low
16,3,cloudy,Medium,highway,0,1,Low
10,5,fog,Medium,highway,1,1,Moderate
4,6,cloudy,Medium,arterial,1,0,High
9,2,fog,Heavy,arterial,0,1,Moderate
11,1,cloudy,Low,highway,1,1,Low
1,4,clear,Heavy,arterial,1,0,High
20,1,rain,Low,highway,1,1,High
21,6,clear,Low,arterial,0,1,Low
10,2,cloudy,Heavy,highway,0,1,Moderate
11,1,clear,Low,arterial,0,1,Moderate
20,1,rain,Low,arterial,1,0,Moderate
10,2,rain,Low,highway,1,1,Moderate
16,5,rain,Medium,local,0,0,Low
12,6,clear,Heavy,highway,1,0,Moderate
6,5,fog,Low,highway,0,1,Moderate
19,4,rain,Medium,arterial,0,1,Moderate
4,1,clear,Heavy,local,0,1,Moderate
5,6,clear,Heavy,arterial,1,1,Moderate
16,6,clear,Heavy,arterial,1,1,Low
17,4,clear,Low,arterial,1,1,Low
22,5,cloudy,Low,local,0,1,Moderate
17,2,clear,Medium,arterial,1,0,Low
0,3,clear,Medium,highway,1,1,High
20,5,cloudy,Heavy,highway,1,1,High
9,2,clear,Heavy,local,1,1,Low
0,5,rain,Heavy,highway,0,0,High
13,6,clear,Medium,arterial,1,0,Low
4,6,clear,Medium,local,0,1,Moderate
9,2,rain,Low,highway,1,1,Moderate
11,3,clear,Medium,highway,1,1,Moderate
1,2,clear,Low,local,0,1,Moderate
20,3,fog,Heavy,local,1,1,High
12,5,clear,Heavy,local,1,0,Low
23,2,rain,Heavy,arterial,1,0,High
11,1,fog,Medium,highway,1,1,High
14,1,clear,Low,arterial,0,1,Low
19,5,rain,Low,local,1,1,Low
5,6,cloudy,Heavy,arterial,1,0,Moderate
21,0,fog,Low,arterial,1,0,High
4,6,cloudy,Medium,arterial,0,1,Moderate
23,0,rain,Low,highway,1,0,High
15,3,clear,Heavy,arterial,0,1,Low
12,0,cloudy,Low,arterial,1,1,Low
5,6,rain,Medium,local,0,1,Low
13,5,fog,Heavy,arterial,0,1,Moderate
13,2,clear,Medium,arterial,1,0,Low
23,4,clear,Medium,local,0,1,Low
20,5,fog,Low,highway,1,1,High
11,1,cloudy,Low,local,1,1,Low
9,4,clear,Low,highway,0,0,Low
9,2,clear,Heavy,arterial,0,0,Low
9,5,fog,Low,highway,1,1,Moderate
0,3,fog,Medium,arterial,1,0,High
0,5,clear,Low,arterial,0,1,High
18,4,rain,Medium,arterial,1,1,Moderate
6,4,clear,Low,highway,0,1,Low
9,0,clear,Heavy,highway,1,1,Low
16,5,rain,Heavy,arterial,0,1,Low
14,1,clear,Medium,arterial,0,1,Low
8,2,clear,Heavy,arterial,0,1,Moderate
18,3,clear,Low,highway,1,1,Low
3,5,clear,Medium,arterial,0,1,Moderate
11,4,clear,Low,arterial,0,0,Low
2,1,fog,Medium,highway,1,1,High
12,2,clear,Medium,highway,1,0,Low
2,1,cloudy,Medium,highway,0,1,Moderate
22,4,clear,Heavy,highway,0,1,High
15,5,rain,Heavy,highway,0,1,Moderate
5,4,cloudy,Low,highway,0,0,Low
14,5,fog,Medium,arterial,0,0,Moderate
8,4,clear,Heavy,arterial,0,0,Low
12,6,clear,Medium,arterial,1,1,Low
4,6,clear,Medium,local,1,0,High
12,1,clear,Medium,local,0,1,Low
2,2,cloudy,Low,highway,1,0,High
3,0,rain,Medium,local,1,1,High
14,1,clear,Medium,arterial,1,1,Low
12,3,cloudy,Low,local,0,1,Low
7,4,cloudy,Heavy,local,1,1,Moderate
1,6,clear,Low,arterial,1,1,High
10,4,rain,Heavy,arterial,1,1,Moderate
22,6,cloudy,Medium,local,0,1,Moderate
16,3,fog,Low,local,0,0,Moderate
1,6,rain,Low,arterial,0,1,High
22,5,rain,Heavy,highway,1,0,High
10,3,clear,Low,local,1,1,Low
13,6,rain,Low,local,0,1,Low
0,6,fog,Medium,local,0,1,High
7,2,clear,Heavy,arterial,1,0,Low
18,1,clear,Medium,highway,0,1,Low
7,0,rain,Medium,arterial,1,1,Moderate
3,6,clear,Heavy,arterial,0,1,High
2,3,clear,Medium,arterial,0,0,High
22,3,cloudy,Low,local,1,1,High
19,1,rain,Medium,arterial,1,0,Moderate
1,2,clear,Medium,local,0,0,Moderate
22,2,clear,Low,arterial,1,1,Moderate
19,4,clear,Low,highway,1,0,Moderate
8,1,clear,Medium,arterial,0,0,Low
15,5,clear,Low,arterial,1,1,Low
6,2,cloudy,Heavy,arterial,0,0,Moderate
5,1,rain,Medium,highway,1,1,High
17,0,fog,Low,highway,1,0,Moderate
4,0,fog,Heavy,local,0,1,High
8,1,fog,Heavy,local,0,1,Moderate
8,5,clear,Medium,arterial,0,1,Low
3,5,clear,Heavy,arterial,0,1,High
19,6,clear,Medium,arterial,1,0,Moderate
16,2,cloudy,Low,local,1,1,Low
20,4,fog,Medium,arterial,1,1,Moderate
12,1,clear,Low,local,1,1,Low
4,0,clear,Heavy,arterial,0,0,High
6,3,clear,Medium,arterial,0,1,Low
8,4,clear,Heavy,arterial,0,0,Low
22,5,rain,Low,arterial,1,0,High
5,0,clear,Medium,highway,1,1,Moderate
16,5,clear,Low,highway,0,1,Moderate
2,2,fog,Medium,arterial,0,0,High
22,1,clear,Medium,highway,1,0,High
15,0,clear,Medium,local,1,1,Low
10,1,rain,Medium,arterial,1,1,Moderate
8,3,clear,Low,highway,1,0,Moderate
8,1,cloudy,Medium,local,0,0,Moderate
5,2,clear,Low,local,1,1,Low
14,3,clear,Heavy,arterial,1,1,Moderate
20,0,clear,Medium,local,1,1,Low
5,6,rain,Heavy,local,0,1,Low
17,2,clear,Heavy,arterial,1,1,Moderate
13,5,fog,Low,arterial,0,0,Moderate
18,4,clear,Medium,local,0,0,Low
18,5,rain,Medium,arterial,0,1,Moderate
0,2,fog,Medium,arterial,0,1,High
0,1,clear,Medium,local,0,1,Moderate
21,1,cloudy,Heavy,local,0,1,Low
3,1,rain,Medium,local,0,1,High
13,3,cloudy,Heavy,arterial,0,0,Low
18,4,rain,Medium,arterial,0,1,Moderate
12,5,clear,Heavy,arterial,0,1,Low
0,6,fog,Low,highway,1,1,High
0,5,cloudy,Low,local,0,0,Moderate
16,2,clear,Heavy,highway,0,1,Moderate
21,3,clear,Heavy,highway,0,1,Moderate
8,6,clear,Medium,highway,0,1,Low
13,4,clear,Medium,local,0,1,Low
22,2,clear,Low,arterial,1,1,High
19,5,rain,Low,arterial,1,1,Moderate
12,0,clear,Low,highway,1,1,Low
15,4,clear,Heavy,local,1,1,Low
23,6,rain,Low,local,0,1,High
19,3,rain,Medium,arterial,0,0,Moderate
9,4,rain,Medium,local,1,1,Moderate
16,0,clear,Medium,arterial,1,0,Low
7,4,rain,Heavy,arterial,1,1,High
22,2,clear,Medium,highway,1,1,Moderate
2,6,clear,Low,local,0,1,High
5,2,rain,Medium,arterial,1,0,Moderate
8,2,clear,Medium,local,0,1,Low
4,2,clear,Heavy,arterial,0,1,High
14,4,cloudy,Medium,local,0,0,Low
17,6,clear,Heavy,arterial,1,0,Moderate
21,2,clear,Heavy,arterial,0,1,Moderate
12,1,rain,Low,arterial,0,0,Low
14,5,rain,Low,highway,0,1,Moderate
14,3,fog,Low,highway,1,1,High
0,3,clear,Heavy,local,0,1,Moderate
17,6,cloudy,Medium,highway,0,1,Low
0,3,rain,Medium,arterial,1,1,High
13,4,clear,Medium,local,1,0,Low
23,6,clear,Heavy,arterial,0,1,Moderate
18,1,clear,Medium,local,1,0,Low
12,6,clear,Low,arterial,1,1,Low
7,6,clear,Medium,arterial,1,0,Low
20,3,cloudy,Medium,arterial,0,0,Low
20,2,cloudy,Medium,local,0,1,Moderate
8,1,clear,Low,local,1,0,Low
2,0,cloudy,Low,local,0,0,High
13,6,clear,Low,local,1,0,Low
15,3,clear,Heavy,highway,0,1,Moderate
22,4,rain,Low,highway,1,1,High
21,1,clear,Medium,highway,0,0,Moderate
5,2,rain,Low,local,1,1,Low
6,5,clear,Low,local,0,1,Low
23,4,clear,Medium,arterial,0,0,High
7,1,rain,Heavy,local,0,1,Moderate
11,0,clear,Low,local,0,1,Low
7,5,clear,Heavy,arterial,0,1,Low
9,0,cloudy,Heavy,arterial,1,1,Moderate
13,0,cloudy,Medium,local,0,1,Low
7,2,rain,Heavy,highway,1,0,High
9,6,fog,Low,arterial,0,0,Low
8,4,clear,Low,arterial,0,0,Low
2,0,clear,Medium,arterial,1,0,High
18,6,cloudy,Medium,arterial,0,1,Low
21,6,clear,Medium,local,1,1,Moderate
11,4,clear,Heavy,local,1,1,Low
4,0,clear,Low,local,0,1,Moderate
15,0,rain,Heavy,arterial,1,1,High
12,6,rain,Medium,arterial,0,0,Moderate
13,5,clear,Heavy,arterial,1,0,Low
14,5,clear,Medium,arterial,1,1,Low
17,3,fog,Medium,highway,1,1,High
0,4,clear,Medium,local,1,1,Moderate
2,1,clear,Medium,local,0,1,Moderate
2,0,clear,Heavy,local,1,1,High
3,1,clear,Medium,highway,0,0,High
23,4,clear,Low,arterial,0,1,Moderate
17,2,clear,Heavy,local,1,1,Low
15,4,clear,Medium,arterial,1,1,Low
16,3,rain,Medium,arterial,1,0,Moderate
0,3,clear,Low,highway,0,1,Moderate
5,6,rain,Medium,local,1,1,Moderate
19,4,cloudy,Heavy,local,0,0,Moderate
11,6,clear,Heavy,local,0,1,Low
12,6,fog,Medium,highway,0,1,Moderate
18,4,clear,Low,local,0,1,Low
1,6,clear,Medium,highway,1,0,High
19,1,cloudy,Medium,highway,1,1,Moderate
16,3,clear,Medium,local,0,1,Low
9,0,clear,Heavy,highway,0,1,Moderate
11,0,rain,Heavy,local,1,1,Moderate
1,0,rain,Heavy,arterial,0,1,High
4,0,clear,Low,local,1,1,High
5,2,clear,Low,arterial,1,0,Moderate
21,5,cloudy,Low,arterial,1,0,Moderate
2,6,clear,Heavy,local,1,1,Moderate
6,6,clear,Heavy,arterial,1,1,Low
3,1,cloudy,Low,local,1,1,High
6,3,clear,Medium,highway,0,0,Low
0,3,clear,Heavy,highway,0,0,High
6,0,cloudy,Low,local,1,0,Low
17,0,cloudy,Medium,arterial,0,1,Low
18,2,clear,Medium,arterial,1,1,Low
9,5,fog,Low,local,1,1,Moderate
16,2,rain,Medium,local,1,1,Moderate
14,2,cloudy,Heavy,local,0,1,Low
21,6,clear,Low,highway,0,1,Low
19,2,cloudy,Medium,local,0,0,Low
5,4,cloudy,Heavy,local,1,0,Moderate
14,6,cloudy,Medium,local,1,0,Low
18,0,cloudy,Low,arterial,0,1,Low
7,3,clear,Heavy,local,0,1,Low
13,2,clear,Medium,local,1,0,Low
9,0,rain,Low,local,0,1,Low
7,0,clear,Low,arterial,0,0,Low
4,4,cloudy,Heavy,arterial,1,1,High
0,4,rain,Heavy,arterial,0,1,High
17,3,clear,Low,arterial,1,1,Low
19,4,fog,Low,local,0,1,Moderate
15,5,rain,Heavy,arterial,1,0,High
5,0,cloudy,Heavy,highway,1,1,High
0,0,cloudy,Medium,highway,1,1,Moderate
15,2,rain,Heavy,local,1,1,Moderate
4,3,clear,Low,local,1,0,High
13,6,cloudy,Low,highway,0,1,Moderate
23,6,clear,Heavy,arterial,1,1,High
0,5,rain,Medium,arterial,1,0,High
13,2,clear,Low,local,1,0,Low
23,4,rain,Medium,local,1,0,High
8,0,clear,Medium,local,1,0,Low
19,3,clear,Heavy,arterial,0,0,Low
19,0,rain,Low,arterial,0,0,Moderate
11,6,clear,Heavy,local,0,1,Moderate
7,3,clear,Heavy,arterial,1,0,Low
16,5,cloudy,Heavy,highway,1,0,Moderate
14,0,clear,Heavy,arterial,0,1,Low
11,6,clear,Heavy,arterial,0,1,Low
4,3,clear,Medium,arterial,1,1,Moderate
17,0,rain,Low,arterial,1,0,Moderate
5,2,clear,Heavy,local,0,1,Low
3,1,clear,Low,local,0,0,Low
1,0,fog,Low,local,1,1,High
10,0,rain,Low,local,0,0,Low
2,4,cloudy,Low,local,0,1,High
8,6,clear,Low,highway,0,1,Moderate
5,4,rain,Medium,arterial,1,1,Moderate
11,4,fog,Medium,arterial,1,0,Low
18,0,rain,Medium,local,1,1,Moderate
10,1,cloudy,Heavy,highway,0,1,Low
13,0,cloudy,Medium,arterial,1,1,Low
3,6,rain,Heavy,arterial,0,1,High
2,5,rain,Low,highway,1,1,High
23,6,cloudy,Medium,local,1,0,High
14,6,clear,Low,local,1,0,Moderate
0,1,rain,Medium,highway,1,1,High
13,3,clear,Heavy,highway,1,1,Low
0,4,clear,Low,arterial,1,1,High
1,5,clear,Heavy,arterial,0,1,Moderate
8,4,clear,Heavy,local,0,1,Low
15,3,clear,Low,local,0,1,Low
14,0,clear,Medium,arterial,1,0,Low
18,6,cloudy,Low,local,0,1,Low
4,4,fog,Medium,highway,0,1,High
4,5,clear,Heavy,highway,1,1,High
12,1,clear,Low,local,0,0,Low
20,0,clear,Heavy,arterial,1,1,Moderate
17,6,rain,Heavy,arterial,1,1,Moderate
16,5,clear,Low,arterial,0,1,Low
2,5,clear,Medium,local,0,1,Low
21,3,clear,Medium,arterial,1,1,Low
23,6,clear,Medium,highway,0,1,High
13,1,cloudy,Medium,local,0,1,Low
8,5,cloudy,Medium,arterial,0,0,Low
15,3,clear,Heavy,arterial,0,1,Low
15,1,clear,Low,highway,0,1,Low
22,5,cloudy,Medium,local,1,1,Moderate
2,2,fog,Low,highway,1,1,High
12,1,cloudy,Medium,highway,1,0,Moderate
17,4,rain,Low,highway,1,1,Moderate
8,5,fog,Low,local,0,1,Moderate
20,2,clear,Low,local,0,1,Low
1,6,clear,Heavy,arterial,1,0,High
2,4,cloudy,Low,highway,0,1,High
18,0,clear,Medium,highway,0,1,Low
3,2,clear,Medium,arterial,0,1,Moderate
10,6,cloudy,Low,arterial,0,1,Low
6,1,cloudy,Heavy,arterial,1,0,Moderate
16,6,clear,Low,local,0,1,Low
0,3,clear,Heavy,local,1,1,High
8,4,clear,Low,local,0,0,Low
23,4,clear,Medium,arterial,0,1,Moderate
8,3,clear,Heavy,highway,1,1,Low
14,3,clear,Low,local,0,0,Low
23,3,fog,Heavy,local,0,1,High
14,4,clear,Medium,arterial,1,1,Low
18,5,rain,Medium,local,0,1,Low
23,3,fog,Low,highway,0,1,High
14,3,clear,Low,arterial,1,1,Low
19,5,clear,Heavy,arterial,1,0,Moderate
12,5,rain,Low,arterial,0,0,Moderate
19,4,clear,Low,highway,1,1,High
15,3,clear,Low,highway,1,1,Low
8,4,clear,Low,local,1,1,Low
13,3,rain,Low,local,0,1,Moderate
8,3,rain,Low,local,1,1,Moderate
9,1,cloudy,Low,arterial,0,1,Low
7,3,clear,Medium,local,0,1,Low
11,3,cloudy,Medium,highway,0,1,Low
8,0,cloudy,Heavy,local,0,0,Low
15,6,cloudy,Medium,arterial,1,1,Low
8,4,rain,Medium,arterial,1,0,Moderate
11,0,clear,Low,highway,1,1,Moderate
3,1,clear,Heavy,local,1,1,Low
9,3,clear,Medium,arterial,1,1,Low
8,6,cloudy,Heavy,arterial,0,1,Low
23,3,rain,Low,highway,0,1,High
10,5,clear,Medium,arterial,0,0,Low
0,0,clear,Heavy,highway,1,1,High
7,3,fog,Medium,arterial,1,1,Moderate
17,5,clear,Medium,arterial,1,1,Low
3,5,rain,Low,local,1,0,High
3,1,fog,Low,highway,0,1,High
8,4,rain,Low,highway,1,0,Moderate
8,0,clear,Medium,local,0,1,Low
11,0,cloudy,Low,arterial,0,1,Low
